CREATE DATABASE  IF NOT EXISTS `posdb` /*!40100 DEFAULT CHARACTER SET utf8mb4 COLLATE utf8mb4_0900_ai_ci */ /*!80016 DEFAULT ENCRYPTION='N' */;
USE `posdb`;
-- MySQL dump 10.13  Distrib 8.0.32, for Win64 (x86_64)
--
-- Host: localhost    Database: posdb
-- ------------------------------------------------------
-- Server version	8.0.32

/*!40101 SET @OLD_CHARACTER_SET_CLIENT=@@CHARACTER_SET_CLIENT */;
/*!40101 SET @OLD_CHARACTER_SET_RESULTS=@@CHARACTER_SET_RESULTS */;
/*!40101 SET @OLD_COLLATION_CONNECTION=@@COLLATION_CONNECTION */;
/*!50503 SET NAMES utf8 */;
/*!40103 SET @OLD_TIME_ZONE=@@TIME_ZONE */;
/*!40103 SET TIME_ZONE='+00:00' */;
/*!40014 SET @OLD_UNIQUE_CHECKS=@@UNIQUE_CHECKS, UNIQUE_CHECKS=0 */;
/*!40014 SET @OLD_FOREIGN_KEY_CHECKS=@@FOREIGN_KEY_CHECKS, FOREIGN_KEY_CHECKS=0 */;
/*!40101 SET @OLD_SQL_MODE=@@SQL_MODE, SQL_MODE='NO_AUTO_VALUE_ON_ZERO' */;
/*!40111 SET @OLD_SQL_NOTES=@@SQL_NOTES, SQL_NOTES=0 */;

--
-- Table structure for table `activities`
--

DROP TABLE IF EXISTS `activities`;
/*!40101 SET @saved_cs_client     = @@character_set_client */;
/*!50503 SET character_set_client = utf8mb4 */;
CREATE TABLE `activities` (
  `id` int NOT NULL AUTO_INCREMENT,
  `func` text NOT NULL,
  `query` text NOT NULL,
  `source` text NOT NULL,
  `time_exe` timestamp NOT NULL DEFAULT CURRENT_TIMESTAMP,
  PRIMARY KEY (`id`)
) ENGINE=InnoDB AUTO_INCREMENT=586 DEFAULT CHARSET=utf8mb4 COLLATE=utf8mb4_0900_ai_ci;
/*!40101 SET character_set_client = @saved_cs_client */;

--
-- Dumping data for table `activities`
--

LOCK TABLES `activities` WRITE;
/*!40000 ALTER TABLE `activities` DISABLE KEYS */;
/*!40000 ALTER TABLE `activities` ENABLE KEYS */;
UNLOCK TABLES;

--
-- Table structure for table `admin.company_setup`
--

DROP TABLE IF EXISTS `admin.company_setup`;
/*!40101 SET @saved_cs_client     = @@character_set_client */;
/*!50503 SET character_set_client = utf8mb4 */;
CREATE TABLE `admin.company_setup` (
  `id` int NOT NULL AUTO_INCREMENT,
  `c_name` text NOT NULL,
  `currency` int NOT NULL,
  `box` text NOT NULL,
  `street` text NOT NULL,
  `country` text NOT NULL,
  `city` text NOT NULL,
  `phone` text NOT NULL,
  `email` text,
  `tax_code` text,
  `footer` text,
  PRIMARY KEY (`id`)
) ENGINE=InnoDB AUTO_INCREMENT=2 DEFAULT CHARSET=utf8mb4 COLLATE=utf8mb4_0900_ai_ci;
/*!40101 SET character_set_client = @saved_cs_client */;

--
-- Dumping data for table `admin.company_setup`
--

LOCK TABLES `admin.company_setup` WRITE;
/*!40000 ALTER TABLE `admin.company_setup` DISABLE KEYS */;
INSERT INTO `admin.company_setup` VALUES (1,'SMDESK TEST',1,'BOX 174','#6 Cocoa Street','Ghana','Accra','+233 54 631 0011','test@domain.com','CTJ7V','Welcome TO Hotel Magic\r\nStay Safe on you stay here');
/*!40000 ALTER TABLE `admin.company_setup` ENABLE KEYS */;
UNLOCK TABLES;

--
-- Table structure for table `admin.currency`
--

DROP TABLE IF EXISTS `admin.currency`;
/*!40101 SET @saved_cs_client     = @@character_set_client */;
/*!50503 SET character_set_client = utf8mb4 */;
CREATE TABLE `admin.currency` (
  `id` int NOT NULL AUTO_INCREMENT,
  `descr` text NOT NULL,
  `symbol` text NOT NULL,
  `short` text,
  `active` int DEFAULT '0',
  PRIMARY KEY (`id`)
) ENGINE=InnoDB AUTO_INCREMENT=11 DEFAULT CHARSET=utf8mb4 COLLATE=utf8mb4_0900_ai_ci;
/*!40101 SET character_set_client = @saved_cs_client */;

--
-- Dumping data for table `admin.currency`
--

LOCK TABLES `admin.currency` WRITE;
/*!40000 ALTER TABLE `admin.currency` DISABLE KEYS */;
/*!40000 ALTER TABLE `admin.currency` ENABLE KEYS */;
UNLOCK TABLES;

--
-- Table structure for table `admin_payment_methods`
--

DROP TABLE IF EXISTS `admin_payment_methods`;
/*!40101 SET @saved_cs_client     = @@character_set_client */;
/*!50503 SET character_set_client = utf8mb4 */;
CREATE TABLE `admin_payment_methods` (
  `id` int NOT NULL AUTO_INCREMENT,
  `description` text,
  `status` int DEFAULT '1',
  UNIQUE KEY `admin_payment_methods_id_uindex` (`id`)
) ENGINE=InnoDB AUTO_INCREMENT=4 DEFAULT CHARSET=utf8mb4 COLLATE=utf8mb4_0900_ai_ci;
/*!40101 SET character_set_client = @saved_cs_client */;

--
-- Dumping data for table `admin_payment_methods`
--

LOCK TABLES `admin_payment_methods` WRITE;
/*!40000 ALTER TABLE `admin_payment_methods` DISABLE KEYS */;
/*!40000 ALTER TABLE `admin_payment_methods` ENABLE KEYS */;
UNLOCK TABLES;

--
-- Table structure for table `barcode`
--

DROP TABLE IF EXISTS `barcode`;
/*!40101 SET @saved_cs_client     = @@character_set_client */;
/*!50503 SET character_set_client = utf8mb4 */;
CREATE TABLE `barcode` (
  `id` int NOT NULL AUTO_INCREMENT,
  `item_code` int NOT NULL,
  `barcode` text,
  `item_desc` text,
  `item_desc1` text,
  `retail` decimal(10,2) DEFAULT NULL,
  `created_at` timestamp NOT NULL DEFAULT CURRENT_TIMESTAMP,
  `parent` varchar(200) DEFAULT 'master',
  PRIMARY KEY (`id`),
  KEY `relation_with_product` (`item_code`),
  CONSTRAINT `relation_with_product` FOREIGN KEY (`item_code`) REFERENCES `prod_master` (`item_code`) ON DELETE CASCADE ON UPDATE CASCADE
) ENGINE=InnoDB AUTO_INCREMENT=22 DEFAULT CHARSET=utf8mb4 COLLATE=utf8mb4_0900_ai_ci;
/*!40101 SET character_set_client = @saved_cs_client */;

--
-- Dumping data for table `barcode`
--

LOCK TABLES `barcode` WRITE;
/*!40000 ALTER TABLE `barcode` DISABLE KEYS */;
INSERT INTO `barcode` VALUES (17,1000000002,'6033000340085','STORM ENERGY LG','STORM ENERGY LG',1.00,'2022-10-16 23:49:16','master'),(18,1000000003,'6034000181036','BEL-AQUA SMALL','BEL-AQUA SMALL',2.00,'2022-10-17 02:31:02','master'),(19,1000000004,'17264738','Note Pad Small','Note Pad Small',5.00,'2022-12-06 08:32:27','master'),(20,1000000005,'0987654321','GAUVA JUICE','GAUVA JUICE',100.00,'2023-05-24 09:15:17','master'),(21,1000000006,'54646467564','ORANGE','ORANGE',7.00,'2023-09-18 06:06:05','master');
/*!40000 ALTER TABLE `barcode` ENABLE KEYS */;
UNLOCK TABLES;

--
-- Table structure for table `bill_header`
--

DROP TABLE IF EXISTS `bill_header`;
/*!40101 SET @saved_cs_client     = @@character_set_client */;
/*!50503 SET character_set_client = utf8mb4 */;
CREATE TABLE `bill_header` (
  `mach_no` int DEFAULT NULL,
  `clerk` text,
  `bill_no` int DEFAULT NULL,
  `pmt_type` text,
  `gross_amt` decimal(10,2) DEFAULT NULL,
  `disc_rate` decimal(10,2) DEFAULT NULL,
  `disc_amt` decimal(10,0) DEFAULT NULL,
  `tax_amt` decimal(10,2) DEFAULT NULL,
  `net_amt` decimal(10,2) DEFAULT NULL,
  `amt_paid` decimal(10,2) NOT NULL,
  `bill_date` date DEFAULT (curdate()),
  `amt_bal` decimal(10,2) DEFAULT (0.00),
  `bill_time` time DEFAULT (curtime()),
  `tran_qty` decimal(10,2) NOT NULL,
  `id` int NOT NULL AUTO_INCREMENT,
  `billRef` text,
  `taxable_amt` decimal(10,2) DEFAULT (0.00),
  `non_taxable_amt` decimal(10,2) DEFAULT (0.00),
  PRIMARY KEY (`id`)
) ENGINE=InnoDB AUTO_INCREMENT=176 DEFAULT CHARSET=utf8mb4 COLLATE=utf8mb4_0900_ai_ci;
/*!40101 SET character_set_client = @saved_cs_client */;

--
-- Dumping data for table `bill_header`
--

LOCK TABLES `bill_header` WRITE;
/*!40000 ALTER TABLE `bill_header` DISABLE KEYS */;
INSERT INTO `bill_header` VALUES (1,'2',1,'cash',8.00,0.00,0,1.92,8.00,8.00,'2023-01-29',0.00,'18:18:03',1.00,56,'00123012911',0.00,0.00),(1,'2',2,'cash',40.00,0.00,0,9.59,40.00,40.00,'2023-01-29',0.00,'18:20:30',1.00,57,'00123012921',0.00,0.00),(1,'2',3,'cash',1600.00,0.00,0,383.45,1600.00,1600.00,'2023-01-29',0.00,'18:21:05',1.00,58,'00123012931',0.00,0.00),(1,'2',4,'cash',8.00,0.00,0,1.92,8.00,8.00,'2023-01-29',0.00,'18:21:44',1.00,59,'00123012941',0.00,0.00),(1,'2',5,'cash',8.00,0.00,0,1.92,8.00,8.00,'2023-01-29',0.00,'18:23:10',1.00,60,'00123012951',0.00,0.00),(1,'2',6,'cash',8.00,0.00,0,1.92,8.00,8.00,'2023-01-29',0.00,'18:23:34',1.00,61,'00123012961',0.00,0.00),(1,'2',7,'cash',8.00,0.00,0,3.84,8.00,8.00,'2023-01-29',0.00,'18:58:38',1.00,62,'00123012971',0.00,0.00),(1,'2',8,'cash',8.00,0.00,0,1.92,8.00,8.00,'2023-01-29',0.00,'19:00:48',1.00,63,'00123012981',0.00,0.00),(1,'2',9,'cash',10.00,0.00,0,2.40,10.00,10.00,'2023-01-29',0.00,'19:25:12',1.00,64,'00123012991',0.00,0.00),(1,'2',10,'cash',10.00,0.00,0,2.40,10.00,10.00,'2023-01-29',0.00,'19:42:19',1.00,65,'001230129101',0.00,0.00),(1,'2',11,'cash',20.00,0.00,0,4.20,20.00,20.00,'2023-01-29',0.00,'19:57:50',1.00,66,'001230129111',0.00,0.00),(1,'2',12,'cash',20.00,0.00,0,4.20,20.00,20.00,'2023-01-29',0.00,'20:05:44',1.00,67,'001230129121',0.00,0.00),(1,'2',13,'cash',20.00,0.00,0,4.20,20.00,20.00,'2023-01-29',0.00,'20:17:44',1.00,68,'001230129131',0.00,0.00),(1,'2',14,'cash',20.00,0.00,0,4.20,20.00,20.00,'2023-01-29',0.00,'20:18:27',1.00,69,'001230129141',0.00,0.00),(1,'2',15,'cash',20.00,0.00,0,4.20,20.00,20.00,'2023-01-29',0.00,'06:34:22',1.00,70,'001230129151',0.00,0.00),(1,'2',16,'cash',100.00,0.00,0,0.00,100.00,100.00,'2023-01-29',0.00,'12:00:57',1.00,71,'001230129161',0.00,0.00),(1,'2',17,'cash',200.00,0.00,0,0.00,200.00,200.00,'2023-01-29',0.00,'12:09:29',1.00,72,'001230129171',0.00,0.00),(1,'2',18,'cash',600.00,0.00,0,0.00,600.00,600.00,'2023-01-29',0.00,'12:10:41',2.00,73,'001230129181',0.00,0.00),(1,'2',19,'cash',600.00,0.00,0,0.00,600.00,600.00,'2023-01-29',0.00,'12:43:00',2.00,74,'001230129191',0.00,0.00),(1,'2',20,'cash',100.00,0.00,0,0.00,100.00,100.00,'2023-01-29',0.00,'12:54:59',1.00,75,'001230129201',0.00,0.00),(1,'2',21,'cash',100.00,0.00,0,0.00,100.00,100.00,'2023-01-29',0.00,'13:13:44',1.00,76,'001230129211',0.00,0.00),(1,'2',22,'cash',100.00,0.00,0,0.00,100.00,100.00,'2023-01-29',0.00,'13:16:30',1.00,77,'001230129221',0.00,0.00),(1,'2',23,'cash',100.00,0.00,0,0.00,100.00,100.00,'2023-01-29',0.00,'14:43:42',1.00,78,'001230129231',0.00,0.00),(1,'2',24,'cash',100.00,0.00,0,0.00,100.00,100.00,'2023-01-29',0.00,'14:48:26',1.00,79,'001230129241',0.00,0.00),(1,'2',25,'cash',100.00,0.00,0,0.00,100.00,100.00,'2023-01-29',0.00,'14:50:04',1.00,80,'001230129251',0.00,0.00),(1,'2',26,'cash',100.00,0.00,0,0.00,100.00,100.00,'2023-01-29',0.00,'14:51:16',1.00,81,'001230129261',0.00,0.00),(1,'2',27,'cash',100.00,0.00,0,0.00,100.00,100.00,'2023-01-29',0.00,'14:53:05',1.00,82,'001230129271',0.00,0.00),(1,'2',28,'cash',100.00,0.00,0,0.00,100.00,100.00,'2023-01-29',0.00,'14:58:36',1.00,83,'001230129281',0.00,0.00),(1,'2',29,'cash',100.00,0.00,0,0.00,100.00,100.00,'2023-01-29',0.00,'15:00:28',1.00,84,'001230129291',0.00,0.00),(1,'2',30,'cash',100.00,0.00,0,0.00,100.00,100.00,'2023-01-29',0.00,'15:04:38',1.00,85,'001230129301',0.00,0.00),(1,'2',31,'cash',100.00,0.00,0,0.00,100.00,100.00,'2023-01-29',0.00,'15:08:08',1.00,86,'001230129311',0.00,0.00),(1,'2',32,'cash',100.00,0.00,0,0.00,100.00,100.00,'2023-01-29',0.00,'15:09:01',1.00,87,'001230129321',0.00,0.00),(1,'2',33,'momo',100.00,0.00,0,0.00,100.00,100.00,'2023-01-29',0.00,'15:19:44',1.00,88,'001230129331',0.00,0.00),(1,'2',34,'cash',100.00,0.00,0,0.00,100.00,100.00,'2023-01-29',0.00,'15:20:45',1.00,89,'001230129341',0.00,0.00),(1,'2',35,'cash',100.00,0.00,0,0.00,100.00,100.00,'2023-01-29',0.00,'15:21:16',1.00,90,'001230129351',0.00,0.00),(1,'2',36,'cash',100.00,0.00,0,0.00,100.00,100.00,'2023-01-29',0.00,'15:23:22',1.00,91,'001230129361',0.00,0.00),(1,'2',37,'cash',100.00,0.00,0,0.00,100.00,100.00,'2023-01-29',0.00,'15:24:14',1.00,92,'001230129371',0.00,0.00),(1,'2',38,'cash',100.00,0.00,0,0.00,100.00,100.00,'2023-01-29',0.00,'15:25:07',1.00,93,'001230129381',0.00,0.00),(1,'2',39,'cash',100.00,0.00,0,0.00,100.00,100.00,'2023-01-29',0.00,'15:25:48',1.00,94,'001230129391',0.00,0.00),(1,'2',40,'cash',100.00,0.00,0,0.00,100.00,100.00,'2023-01-29',0.00,'15:26:36',1.00,95,'001230129401',0.00,0.00),(1,'2',41,'cash',100.00,0.00,0,0.00,100.00,100.00,'2023-01-29',0.00,'15:30:57',1.00,96,'001230129411',0.00,0.00),(1,'2',42,'cash',100.00,0.00,0,0.00,100.00,100.00,'2023-01-29',0.00,'15:32:12',1.00,97,'001230129421',0.00,0.00),(1,'2',43,'cash',100.00,0.00,0,0.00,100.00,100.00,'2023-01-29',0.00,'15:33:50',1.00,98,'001230129431',0.00,0.00),(1,'2',44,'cash',100.00,0.00,0,0.00,100.00,100.00,'2023-01-29',0.00,'15:35:46',1.00,99,'001230129441',0.00,0.00),(1,'2',45,'cash',100.00,0.00,0,0.00,100.00,100.00,'2023-01-29',0.00,'04:12:33',1.00,100,'001230129451',0.00,0.00),(1,'2',46,'cash',100.00,0.00,0,0.00,100.00,100.00,'2023-01-29',0.00,'04:18:50',1.00,101,'001230129461',0.00,0.00),(1,'2',47,'cash',100.00,0.00,0,0.00,100.00,100.00,'2023-01-29',0.00,'04:42:22',1.00,102,'001230129471',100.00,0.00),(1,'2',48,'cash',100.00,0.00,0,17.96,100.00,100.00,'2023-01-29',0.00,'04:51:50',1.00,103,'001230129481',100.00,0.00),(1,'2',49,'cash',800.00,0.00,0,143.70,800.00,800.00,'2023-01-29',0.00,'05:32:17',4.00,104,'001230129491',800.00,0.00),(1,'2',50,'cash',100.00,0.00,0,0.00,100.00,100.00,'2023-01-29',0.00,'05:40:01',1.00,105,'001230129501',0.00,100.00),(1,'2',51,'cash',2000.00,0.00,0,107.78,2000.00,2000.00,'2023-01-29',0.00,'05:41:08',5.00,106,'001230129511',600.00,1400.00),(1,'2',52,'cash',100.00,0.00,0,17.96,100.00,100.00,'2023-01-29',0.00,'06:57:34',1.00,107,'001230129521',100.00,0.00),(1,'2',53,'cash',500.00,0.00,0,89.82,500.00,500.00,'2023-01-29',0.00,'06:58:05',1.00,108,'001230129531',500.00,0.00),(1,'2',54,'cash',100.00,0.00,0,17.96,100.00,100.00,'2023-01-29',0.00,'06:58:25',1.00,109,'001230129541',100.00,0.00),(1,'2',55,'cash',1200.00,0.00,0,215.56,1200.00,1200.00,'2023-01-29',0.00,'06:58:52',4.00,110,'001230129551',1200.00,0.00),(1,'2',56,'cash',100.00,0.00,0,17.96,100.00,100.00,'2023-01-29',0.00,'07:01:44',1.00,111,'001230129561',100.00,0.00),(1,'2',57,'cash',100.00,0.00,0,17.96,100.00,100.00,'2023-01-29',0.00,'07:02:46',1.00,112,'001230129571',100.00,0.00),(1,'2',58,'momo',100.00,0.00,0,17.96,100.00,100.00,'2023-01-29',0.00,'07:03:47',1.00,113,'001230129581',100.00,0.00),(1,'2',59,'cash',100.00,0.00,0,17.96,100.00,100.00,'2023-01-29',0.00,'07:04:29',1.00,114,'001230129591',100.00,0.00),(1,'2',60,'cash',100.00,0.00,0,17.96,100.00,100.00,'2023-01-29',0.00,'07:05:54',1.00,115,'001230129601',100.00,0.00),(1,'2',61,'cash',100.00,0.00,0,17.96,100.00,100.00,'2023-01-29',0.00,'07:06:47',1.00,116,'001230129611',100.00,0.00),(1,'2',62,'cash',1300.00,0.00,0,233.52,1300.00,1300.00,'2023-01-29',0.00,'07:08:10',5.00,117,'001230129621',1300.00,0.00),(1,'2',63,'cash',100.00,0.00,0,17.96,100.00,100.00,'2023-01-29',0.00,'07:09:12',1.00,118,'001230129631',100.00,0.00),(1,'2',64,'cash',100.00,0.00,0,17.96,100.00,100.00,'2023-01-29',0.00,'07:09:35',1.00,119,'001230129641',100.00,0.00),(1,'2',65,'cash',100.00,0.00,0,17.96,100.00,100.00,'2023-01-29',0.00,'07:10:21',1.00,120,'001230129651',100.00,0.00),(1,'2',66,'momo',500.00,0.00,0,89.82,500.00,500.00,'2023-01-29',0.00,'07:10:28',1.00,121,'001230129661',500.00,0.00),(1,'2',67,'credit_payment',100.00,0.00,0,17.96,100.00,100.00,'2023-01-29',0.00,'07:10:35',1.00,122,'001230129671',100.00,0.00),(1,'2',68,'cash',200.00,0.00,0,35.92,200.00,200.00,'2023-01-29',0.00,'03:49:28',2.00,123,'001230129681',200.00,0.00),(1,'2',69,'cash',100.00,0.00,0,17.96,100.00,100.00,'2023-01-29',0.00,'03:50:36',1.00,124,'001230129691',100.00,0.00),(1,'2',70,'cash',100.00,0.00,0,17.96,100.00,100.00,'2023-01-29',0.00,'03:52:43',1.00,125,'001230129701',100.00,0.00),(1,'2',71,'cash',100.00,0.00,0,17.96,100.00,100.00,'2023-01-29',0.00,'04:55:11',1.00,126,'001230129711',100.00,0.00),(1,'2',72,'cash',100.00,0.00,0,17.96,100.00,100.00,'2023-01-29',0.00,'04:56:07',1.00,127,'001230129721',100.00,0.00),(1,'2',73,'cash',100.00,0.00,0,17.96,100.00,100.00,'2023-01-29',0.00,'05:30:44',1.00,128,'001230129731',100.00,0.00),(1,'2',74,'cash',100.00,0.00,0,17.96,100.00,100.00,'2023-01-29',0.00,'05:31:20',1.00,129,'001230129741',100.00,0.00),(1,'2',75,'cash',100.00,0.00,0,17.96,100.00,100.00,'2023-01-29',0.00,'05:32:28',1.00,130,'001230129751',100.00,0.00),(1,'2',76,'cash',100.00,0.00,0,17.96,100.00,100.00,'2023-01-29',0.00,'05:33:13',1.00,131,'001230129761',100.00,0.00),(1,'2',77,'cash',100.00,0.00,0,17.96,100.00,100.00,'2023-01-29',0.00,'05:33:39',1.00,132,'001230129771',100.00,0.00),(1,'2',78,'cash',100.00,0.00,0,17.96,100.00,100.00,'2023-01-29',0.00,'05:34:07',1.00,133,'001230129781',100.00,0.00),(1,'2',79,'cash',100.00,0.00,0,17.96,100.00,100.00,'2023-01-29',0.00,'05:39:55',1.00,134,'001230129791',100.00,0.00),(1,'2',80,'cash',100.00,0.00,0,17.96,100.00,100.00,'2023-01-29',0.00,'05:40:24',1.00,135,'001230129801',100.00,0.00),(1,'2',81,'cash',100.00,0.00,0,17.96,100.00,100.00,'2023-01-29',0.00,'05:42:25',1.00,136,'001230129811',100.00,0.00),(1,'2',82,'cash',100.00,0.00,0,17.96,100.00,100.00,'2023-01-29',0.00,'05:44:08',1.00,137,'001230129821',100.00,0.00),(1,'2',83,'cash',100.00,0.00,0,17.96,100.00,100.00,'2023-01-29',0.00,'05:44:30',1.00,138,'001230129831',100.00,0.00),(1,'2',84,'cash',100.00,0.00,0,17.96,100.00,100.00,'2023-01-29',0.00,'05:45:01',1.00,139,'001230129841',100.00,0.00),(1,'2',85,'cash',100.00,0.00,0,17.96,100.00,100.00,'2023-01-29',0.00,'05:45:37',1.00,140,'001230129851',100.00,0.00),(1,'2',86,'cash',100.00,0.00,0,17.96,100.00,100.00,'2023-01-29',0.00,'05:51:17',1.00,141,'001230129861',100.00,0.00),(1,'2',87,'cash',100.00,0.00,0,17.96,100.00,100.00,'2023-01-29',0.00,'05:52:15',1.00,142,'001230129871',100.00,0.00),(1,'2',88,'cash',100.00,0.00,0,17.96,100.00,100.00,'2023-01-29',0.00,'05:59:02',1.00,143,'001230129881',100.00,0.00),(1,'2',89,'cash',100.00,0.00,0,17.96,100.00,100.00,'2023-01-29',0.00,'05:59:26',1.00,144,'001230129891',100.00,0.00),(1,'2',90,'cash',100.00,0.00,0,17.96,100.00,100.00,'2023-01-29',0.00,'14:26:20',1.00,145,'001230129901',100.00,0.00),(1,'2',91,'cash',100.00,0.00,0,0.00,100.00,100.00,'2023-01-29',0.00,'14:28:05',1.00,146,'001230129911',0.00,100.00),(1,'2',92,'cash',100.00,0.00,0,17.96,100.00,100.00,'2023-01-29',0.00,'03:23:52',1.00,147,'001230129921',100.00,0.00),(1,'2',93,'cash',-100.00,0.00,0,-17.96,-100.00,-100.00,'2023-01-29',0.00,'03:24:59',1.00,148,'001230129931',-100.00,0.00),(1,'2',94,'cash',100.00,0.00,0,17.96,100.00,100.00,'2023-01-29',0.00,'04:13:15',1.00,149,'001230129941',100.00,0.00),(1,'2',95,'cash',100.00,0.00,0,17.96,100.00,100.00,'2023-01-29',0.00,'04:14:08',1.00,150,'001230129951',100.00,0.00),(1,'2',96,'cash',100.00,0.00,0,17.96,100.00,100.00,'2023-01-29',0.00,'05:08:39',1.00,151,'001230129961',100.00,0.00),(1,'2',97,'momo',600.00,0.00,0,107.78,600.00,600.00,'2023-01-29',0.00,'05:13:04',2.00,152,'001230129971',600.00,0.00),(1,'2',98,'cash',100.00,0.00,0,17.96,100.00,100.00,'2023-01-29',0.00,'05:10:14',1.00,153,'001230129981',100.00,0.00),(1,'2',99,'cash',100.00,0.00,0,17.96,100.00,100.00,'2023-01-29',0.00,'02:28:24',1.00,154,'001230129991',100.00,0.00),(1,'2',100,'cash',100.00,0.00,0,17.96,100.00,100.00,'2023-01-29',0.00,'02:54:50',1.00,155,'0012301291001',100.00,0.00),(1,'2',101,'cash',1.00,0.00,0,0.18,1.00,1.00,'2023-01-29',0.00,'06:18:49',1.00,156,'0012301291011',1.00,0.00),(1,'2',102,'refund',-1.00,0.00,0,-0.18,-1.00,-1.00,'2023-01-29',0.00,'06:41:45',1.00,157,'0012301291021',-1.00,0.00),(1,'2',103,'cash',1.00,0.00,0,0.18,1.00,1.00,'2023-01-29',0.00,'07:02:31',1.00,158,'0012301291031',1.00,0.00),(1,'2',104,'cash',500.00,0.00,0,89.82,500.00,500.00,'2023-01-29',0.00,'07:08:52',1.00,159,'0012301291041',500.00,0.00),(1,'2',105,'cash',1.00,0.00,0,0.18,1.00,1.00,'2023-01-29',0.00,'07:11:14',1.00,160,'0012301291051',1.00,0.00),(1,'2',106,'cash',1.00,0.00,0,0.18,1.00,1.00,'2023-01-29',0.00,'07:19:31',1.00,161,'0012301291061',1.00,0.00),(1,'2',107,'refund',-1.00,0.00,0,-0.18,-1.00,-1.00,'2023-01-29',0.00,'07:20:29',1.00,162,'0012301291071',-1.00,0.00),(1,'2',108,'cash',1.00,0.00,0,0.18,1.00,1.00,'2023-01-29',0.00,'19:49:24',1.00,163,'0012301291081',1.00,0.00),(1,'2',109,'cash',1.00,0.00,0,0.18,1.00,1.00,'2023-01-29',0.00,'19:51:02',1.00,164,'0012301291091',1.00,0.00),(1,'2',110,'cash',1.00,0.00,0,0.18,1.00,1.00,'2023-01-29',0.00,'19:52:21',1.00,165,'0012301291101',1.00,0.00),(1,'2',111,'cash',1.00,0.00,0,0.18,1.00,1.00,'2023-01-29',0.00,'19:53:59',1.00,166,'0012301291111',1.00,0.00),(1,'2',112,'cash',1.00,0.00,0,0.18,1.00,1.00,'2023-01-29',0.00,'19:55:37',1.00,167,'0012301291121',1.00,0.00),(1,'2',113,'cash',1.00,0.00,0,0.18,1.00,1.00,'2023-01-29',0.00,'19:57:24',1.00,168,'0012301291131',1.00,0.00),(1,'2',114,'cash',1.00,0.00,0,0.18,1.00,1.00,'2023-01-29',0.00,'05:58:52',1.00,169,'0012301291141',1.00,0.00),(1,'2',115,'cash',1.00,0.00,0,0.18,1.00,1.00,'2023-01-29',0.00,'05:59:41',1.00,170,'0012301291151',1.00,0.00),(1,'2',116,'cash',500.00,0.00,0,89.82,500.00,500.00,'2023-01-29',0.00,'06:01:22',1.00,171,'0012301291161',500.00,0.00),(1,'2',117,'momo',100.00,0.00,0,17.96,100.00,100.00,'2023-01-29',0.00,'06:02:46',1.00,172,'0012301291171',100.00,0.00),(1,'2',118,'cash',508.00,0.00,0,91.25,508.00,508.00,'2023-01-29',0.00,'06:07:31',3.00,173,'0012301291181',508.00,0.00),(1,'2',119,'cash',1604.00,0.00,0,288.14,1604.00,1604.00,'2023-01-29',0.00,'06:14:17',8.00,174,'0012301291191',1604.00,0.00),(1,'2',120,'credit_payment',400.00,0.00,0,71.84,400.00,400.00,'2023-01-29',0.00,'06:16:09',4.00,175,'0012301291201',400.00,0.00);
/*!40000 ALTER TABLE `bill_header` ENABLE KEYS */;
UNLOCK TABLES;

--
-- Table structure for table `bill_history_header`
--

DROP TABLE IF EXISTS `bill_history_header`;
/*!40101 SET @saved_cs_client     = @@character_set_client */;
/*!50503 SET character_set_client = utf8mb4 */;
CREATE TABLE `bill_history_header` (
  `mach_no` int DEFAULT NULL,
  `clerk` text,
  `bill_no` int DEFAULT NULL,
  `pmt_type` text,
  `gross_amt` decimal(10,2) DEFAULT NULL,
  `tax_amt` decimal(10,2) DEFAULT NULL,
  `disc_rate` decimal(10,2) DEFAULT NULL,
  `net_amt` decimal(10,2) DEFAULT NULL,
  `bill_date` date DEFAULT (curdate()),
  `bill_time` time DEFAULT (curtime()),
  `tran_qty` decimal(10,2) NOT NULL,
  `amt_paid` decimal(10,2) DEFAULT (0.00),
  `amt_bal` decimal(10,2) DEFAULT (0.00),
  `id` int NOT NULL DEFAULT '0',
  `billRef` text
) ENGINE=InnoDB DEFAULT CHARSET=utf8mb4 COLLATE=utf8mb4_0900_ai_ci;
/*!40101 SET character_set_client = @saved_cs_client */;

--
-- Dumping data for table `bill_history_header`
--

LOCK TABLES `bill_history_header` WRITE;
/*!40000 ALTER TABLE `bill_history_header` DISABLE KEYS */;
/*!40000 ALTER TABLE `bill_history_header` ENABLE KEYS */;
UNLOCK TABLES;

--
-- Table structure for table `bill_history_trans`
--

DROP TABLE IF EXISTS `bill_history_trans`;
/*!40101 SET @saved_cs_client     = @@character_set_client */;
/*!50503 SET character_set_client = utf8mb4 */;
CREATE TABLE `bill_history_trans` (
  `id` int NOT NULL DEFAULT '0' COMMENT 'BILL NUMBER',
  `mach` int DEFAULT NULL COMMENT 'machine number',
  `clerk` text,
  `bill_number` int NOT NULL,
  `item_barcode` text NOT NULL,
  `trans_type` text NOT NULL COMMENT 'Transaction Type',
  `retail_price` decimal(10,2) DEFAULT NULL COMMENT 'Value of transaction',
  `date_added` date DEFAULT (curdate()),
  `time_added` time DEFAULT (curtime()),
  `item_qty` decimal(10,2) DEFAULT '0.00',
  `tax_amt` decimal(10,2) DEFAULT '0.00',
  `bill_amt` decimal(10,2) DEFAULT '0.00',
  `item_desc` varchar(255) DEFAULT NULL,
  `tax_grp` varchar(255) DEFAULT 'NULL',
  `tax_rate` int DEFAULT NULL,
  `selected` int DEFAULT '0',
  `billRef` text
) ENGINE=InnoDB DEFAULT CHARSET=utf8mb4 COLLATE=utf8mb4_0900_ai_ci;
/*!40101 SET character_set_client = @saved_cs_client */;

--
-- Dumping data for table `bill_history_trans`
--

LOCK TABLES `bill_history_trans` WRITE;
/*!40000 ALTER TABLE `bill_history_trans` DISABLE KEYS */;
/*!40000 ALTER TABLE `bill_history_trans` ENABLE KEYS */;
UNLOCK TABLES;

--
-- Table structure for table `bill_hold`
--

DROP TABLE IF EXISTS `bill_hold`;
/*!40101 SET @saved_cs_client     = @@character_set_client */;
/*!50503 SET character_set_client = utf8mb4 */;
CREATE TABLE `bill_hold` (
  `id` int NOT NULL AUTO_INCREMENT,
  `bill_grp` text NOT NULL,
  `bill_date` date DEFAULT (curdate()),
  `item_barcode` varchar(255) DEFAULT NULL,
  `item_qty` varchar(255) DEFAULT NULL,
  PRIMARY KEY (`id`)
) ENGINE=InnoDB AUTO_INCREMENT=56 DEFAULT CHARSET=utf8mb4 COLLATE=utf8mb4_0900_ai_ci;
/*!40101 SET character_set_client = @saved_cs_client */;

--
-- Dumping data for table `bill_hold`
--

LOCK TABLES `bill_hold` WRITE;
/*!40000 ALTER TABLE `bill_hold` DISABLE KEYS */;
INSERT INTO `bill_hold` VALUES (55,'9716','2023-05-24','6033000340085','1.00');
/*!40000 ALTER TABLE `bill_hold` ENABLE KEYS */;
UNLOCK TABLES;

--
-- Table structure for table `bill_pmt`
--

DROP TABLE IF EXISTS `bill_pmt`;
/*!40101 SET @saved_cs_client     = @@character_set_client */;
/*!50503 SET character_set_client = utf8mb4 */;
CREATE TABLE `bill_pmt` (
  `id` int NOT NULL AUTO_INCREMENT,
  `bill` int DEFAULT NULL,
  `bill_amount` decimal(10,2) DEFAULT NULL,
  `amount_paid` decimal(10,2) DEFAULT NULL,
  `amount_balance` decimal(10,2) DEFAULT NULL,
  `trans_date` date DEFAULT (curdate()),
  `trans_time` time DEFAULT (curtime()),
  PRIMARY KEY (`id`),
  UNIQUE KEY `bill_pmt_id_uindex` (`id`)
) ENGINE=InnoDB DEFAULT CHARSET=utf8mb4 COLLATE=utf8mb4_0900_ai_ci;
/*!40101 SET character_set_client = @saved_cs_client */;

--
-- Dumping data for table `bill_pmt`
--

LOCK TABLES `bill_pmt` WRITE;
/*!40000 ALTER TABLE `bill_pmt` DISABLE KEYS */;
/*!40000 ALTER TABLE `bill_pmt` ENABLE KEYS */;
UNLOCK TABLES;

--
-- Table structure for table `bill_tax_tran`
--

DROP TABLE IF EXISTS `bill_tax_tran`;
/*!40101 SET @saved_cs_client     = @@character_set_client */;
/*!50503 SET character_set_client = utf8mb4 */;
CREATE TABLE `bill_tax_tran` (
  `id` int NOT NULL AUTO_INCREMENT,
  `bill_date` date NOT NULL,
  `clerk_code` int NOT NULL,
  `mech_no` int NOT NULL,
  `bill_no` int NOT NULL,
  `tran_code` int NOT NULL,
  `tran_qty` int NOT NULL,
  `taxableAmt` decimal(10,2) DEFAULT (0.00),
  `tax_code` varchar(3) NOT NULL,
  `tax_amt` decimal(10,2) DEFAULT (0.00),
  `billRef` text,
  PRIMARY KEY (`id`),
  UNIQUE KEY `id` (`id`)
) ENGINE=InnoDB AUTO_INCREMENT=543 DEFAULT CHARSET=utf8mb4 COLLATE=utf8mb4_0900_ai_ci;
/*!40101 SET character_set_client = @saved_cs_client */;

--
-- Dumping data for table `bill_tax_tran`
--

LOCK TABLES `bill_tax_tran` WRITE;
/*!40000 ALTER TABLE `bill_tax_tran` DISABLE KEYS */;
INSERT INTO `bill_tax_tran` VALUES (422,'2023-01-29',411,1,1,1000000002,1,8.00,'nh',0.20,'00123012911'),(423,'2023-01-29',411,1,1,1000000002,1,8.00,'gf',0.20,'00123012911'),(424,'2023-01-29',411,1,1,1000000002,1,8.00,'cv',0.08,'00123012911'),(425,'2023-01-29',411,1,1,1000000002,1,8.00,'VM',1.44,'00123012911'),(426,'2023-01-29',411,1,2,1000000002,5,8.00,'nh',1.00,'00123012921'),(427,'2023-01-29',411,1,2,1000000002,5,8.00,'gf',1.00,'00123012921'),(428,'2023-01-29',411,1,2,1000000002,5,8.00,'cv',0.40,'00123012921'),(429,'2023-01-29',411,1,2,1000000002,5,8.00,'VM',7.19,'00123012921'),(430,'2023-01-29',411,1,3,1000000002,200,8.00,'nh',40.00,'00123012931'),(431,'2023-01-29',411,1,3,1000000002,200,8.00,'gf',40.00,'00123012931'),(432,'2023-01-29',411,1,3,1000000002,200,8.00,'cv',16.00,'00123012931'),(433,'2023-01-29',411,1,3,1000000002,200,8.00,'VM',287.45,'00123012931'),(434,'2023-01-29',411,1,4,1000000002,1,8.00,'nh',0.20,'00123012941'),(435,'2023-01-29',411,1,4,1000000002,1,8.00,'gf',0.20,'00123012941'),(436,'2023-01-29',411,1,4,1000000002,1,8.00,'cv',0.08,'00123012941'),(437,'2023-01-29',411,1,4,1000000002,1,8.00,'VM',1.44,'00123012941'),(438,'2023-01-29',411,1,5,1000000002,1,8.00,'nh',0.20,'00123012951'),(439,'2023-01-29',411,1,5,1000000002,1,8.00,'gf',0.20,'00123012951'),(440,'2023-01-29',411,1,5,1000000002,1,8.00,'cv',0.08,'00123012951'),(441,'2023-01-29',411,1,5,1000000002,1,8.00,'VM',1.44,'00123012951'),(442,'2023-01-29',411,1,6,1000000002,1,8.00,'nh',0.20,'00123012961'),(443,'2023-01-29',411,1,6,1000000002,1,8.00,'gf',0.20,'00123012961'),(444,'2023-01-29',411,1,6,1000000002,1,8.00,'cv',0.08,'00123012961'),(445,'2023-01-29',411,1,6,1000000002,1,8.00,'VM',1.44,'00123012961'),(450,'2023-01-29',411,1,7,1000000002,1,8.00,'nh',0.20,'00123012971'),(451,'2023-01-29',411,1,7,1000000002,1,8.00,'gf',0.20,'00123012971'),(452,'2023-01-29',411,1,7,1000000002,1,8.00,'cv',0.08,'00123012971'),(453,'2023-01-29',411,1,7,1000000002,1,8.00,'VM',1.44,'00123012971'),(454,'2023-01-29',411,1,7,1000000002,1,8.00,'nh',0.20,'00123012971'),(455,'2023-01-29',411,1,7,1000000002,1,8.00,'gf',0.20,'00123012971'),(456,'2023-01-29',411,1,7,1000000002,1,8.00,'cv',0.08,'00123012971'),(457,'2023-01-29',411,1,7,1000000002,1,8.00,'VM',1.44,'00123012971'),(458,'2023-01-29',411,1,8,1000000002,1,8.00,'nh',0.20,'00123012981'),(459,'2023-01-29',411,1,8,1000000002,1,8.00,'gf',0.20,'00123012981'),(460,'2023-01-29',411,1,8,1000000002,1,8.00,'cv',0.08,'00123012981'),(461,'2023-01-29',411,1,8,1000000002,1,8.00,'VM',1.44,'00123012981'),(474,'2023-01-29',411,1,9,1000000002,1,10.00,'nh',0.25,'00123012991'),(475,'2023-01-29',411,1,9,1000000002,1,10.00,'gf',0.25,'00123012991'),(476,'2023-01-29',411,1,9,1000000002,1,10.00,'cv',0.10,'00123012991'),(477,'2023-01-29',411,1,9,1000000002,1,10.00,'VM',1.80,'00123012991'),(482,'2023-01-29',411,1,10,1000000002,1,10.00,'nh',0.25,'001230129101'),(483,'2023-01-29',411,1,10,1000000002,1,10.00,'gf',0.25,'001230129101'),(484,'2023-01-29',411,1,10,1000000002,1,10.00,'cv',0.10,'001230129101'),(485,'2023-01-29',411,1,10,1000000002,1,10.00,'VM',1.80,'001230129101'),(494,'2023-01-29',411,1,11,1000000002,1,20.00,'nh',0.50,'001230129111'),(495,'2023-01-29',411,1,11,1000000002,1,20.00,'gf',0.50,'001230129111'),(496,'2023-01-29',411,1,11,1000000002,1,20.00,'cv',0.20,'001230129111'),(497,'2023-01-29',411,1,11,1000000002,1,20.00,'VM',3.00,'001230129111'),(502,'2023-01-29',411,1,12,1000000002,1,20.00,'nh',0.50,'001230129121'),(503,'2023-01-29',411,1,12,1000000002,1,20.00,'gf',0.50,'001230129121'),(504,'2023-01-29',411,1,12,1000000002,1,20.00,'cv',0.20,'001230129121'),(505,'2023-01-29',411,1,12,1000000002,1,20.00,'VM',3.00,'001230129121'),(510,'2023-01-29',411,1,13,1000000002,1,20.00,'nh',0.50,'001230129131'),(511,'2023-01-29',411,1,13,1000000002,1,20.00,'gf',0.50,'001230129131'),(512,'2023-01-29',411,1,13,1000000002,1,20.00,'cv',0.20,'001230129131'),(513,'2023-01-29',411,1,13,1000000002,1,20.00,'VM',3.00,'001230129131'),(514,'2023-01-29',411,1,14,1000000002,1,20.00,'nh',0.50,'001230129141'),(515,'2023-01-29',411,1,14,1000000002,1,20.00,'gf',0.50,'001230129141'),(516,'2023-01-29',411,1,14,1000000002,1,20.00,'cv',0.20,'001230129141'),(517,'2023-01-29',411,1,14,1000000002,1,20.00,'VM',3.00,'001230129141'),(522,'2023-01-29',411,1,15,1000000002,1,20.00,'nh',0.50,'001230129151'),(523,'2023-01-29',411,1,15,1000000002,1,20.00,'gf',0.50,'001230129151'),(524,'2023-01-29',411,1,15,1000000002,1,20.00,'cv',0.20,'001230129151'),(525,'2023-01-29',411,1,15,1000000002,1,20.00,'VM',3.00,'001230129151'),(542,'2023-01-29',411,1,50,1000000005,1,100.00,'V0',0.00,'001230129501');
/*!40000 ALTER TABLE `bill_tax_tran` ENABLE KEYS */;
UNLOCK TABLES;

--
-- Table structure for table `bill_trans`
--

DROP TABLE IF EXISTS `bill_trans`;
/*!40101 SET @saved_cs_client     = @@character_set_client */;
/*!50503 SET character_set_client = utf8mb4 */;
CREATE TABLE `bill_trans` (
  `id` int NOT NULL AUTO_INCREMENT COMMENT 'BILL NUMBER',
  `mach` int DEFAULT NULL COMMENT 'machine number',
  `clerk` text,
  `bill_number` int NOT NULL,
  `item_barcode` text NOT NULL,
  `trans_type` text NOT NULL COMMENT 'Transaction Type',
  `retail_price` decimal(10,2) DEFAULT NULL COMMENT 'Value of transaction',
  `date_added` date DEFAULT (curdate()),
  `time_added` time DEFAULT (curtime()),
  `item_qty` decimal(10,2) DEFAULT '0.00',
  `tax_amt` decimal(10,2) DEFAULT '0.00',
  `bill_amt` decimal(10,2) DEFAULT '0.00',
  `item_desc` varchar(255) DEFAULT NULL,
  `tax_grp` varchar(255) DEFAULT 'NULL',
  `tran_type` char(2) DEFAULT NULL,
  `tax_rate` int DEFAULT NULL,
  `selected` int DEFAULT '0',
  `billRef` text,
  `gfund` decimal(10,2) DEFAULT (0.00),
  `nhis` decimal(10,2) DEFAULT (0.00),
  `covid` decimal(10,2) DEFAULT (0.00),
  `vat` decimal(10,2) DEFAULT (0.00),
  `tax_code` char(2) DEFAULT NULL,
  PRIMARY KEY (`id`)
) ENGINE=InnoDB AUTO_INCREMENT=356 DEFAULT CHARSET=utf8mb4 COLLATE=utf8mb4_0900_ai_ci;
/*!40101 SET character_set_client = @saved_cs_client */;

--
-- Dumping data for table `bill_trans`
--

LOCK TABLES `bill_trans` WRITE;
/*!40000 ALTER TABLE `bill_trans` DISABLE KEYS */;
INSERT INTO `bill_trans` VALUES (127,1,'411',1,'6033000340085','i',8.00,'2023-01-29','18:09:11',1.00,6.56,8.00,'STORM ENERGY LG','MULTI-TAX','SS',99,0,'00123012911',0.00,0.00,0.00,0.00,NULL),(128,1,'411',2,'6033000340085','i',8.00,'2023-01-29','18:20:20',5.00,32.81,40.00,'STORM ENERGY LG','MULTI-TAX','SS',99,0,'00123012921',0.00,0.00,0.00,0.00,NULL),(129,1,'411',3,'6033000340085','i',8.00,'2023-01-29','18:20:54',200.00,1312.55,1600.00,'STORM ENERGY LG','MULTI-TAX','SS',99,0,'00123012931',0.00,0.00,0.00,0.00,NULL),(130,1,'411',4,'6033000340085','i',8.00,'2023-01-29','18:21:35',1.00,6.56,8.00,'STORM ENERGY LG','MULTI-TAX','SS',99,0,'00123012941',0.00,0.00,0.00,0.00,NULL),(131,1,'411',5,'6033000340085','i',8.00,'2023-01-29','18:23:02',1.00,6.56,8.00,'STORM ENERGY LG','MULTI-TAX','SS',99,0,'00123012951',0.00,0.00,0.00,0.00,NULL),(132,1,'411',6,'6033000340085','i',8.00,'2023-01-29','18:23:21',1.00,6.56,8.00,'STORM ENERGY LG','MULTI-TAX','SS',99,0,'00123012961',0.00,0.00,0.00,0.00,NULL),(134,1,'Demo User',7,'not_item','C',NULL,'2023-09-02','18:47:04',0.00,0.00,0.00,'bill_canced','NULL',NULL,NULL,0,NULL,0.00,0.00,0.00,0.00,NULL),(136,1,'411',7,'6033000340085','i',8.00,'2023-01-29','18:53:51',1.00,6.56,8.00,'STORM ENERGY LG','MULTI-TAX','SS',99,0,'00123012971',0.20,0.20,0.08,1.44,NULL),(137,1,'411',8,'6033000340085','i',8.00,'2023-01-29','19:00:36',1.00,6.56,8.00,'STORM ENERGY LG','MULTI-TAX','SS',99,0,'00123012981',0.20,0.20,0.08,1.44,NULL),(139,1,'Demo User',9,'not_item','C',NULL,'2023-09-02','19:18:06',0.00,0.00,0.00,'bill_canced','NULL',NULL,NULL,0,NULL,0.00,0.00,0.00,0.00,NULL),(141,1,'Demo User',9,'not_item','C',NULL,'2023-09-02','19:21:13',0.00,0.00,0.00,'bill_canced','NULL',NULL,NULL,0,NULL,0.00,0.00,0.00,0.00,NULL),(143,1,'Demo User',9,'not_item','C',NULL,'2023-09-02','19:22:00',0.00,0.00,0.00,'bill_canced','NULL',NULL,NULL,0,NULL,0.00,0.00,0.00,0.00,NULL),(144,1,'411',9,'6033000340085','i',10.00,'2023-01-29','19:24:43',1.00,8.20,10.00,'STORM ENERGY LG','MULTI-TAX','SS',99,0,'00123012991',0.25,0.25,0.10,1.80,NULL),(146,1,'Demo User',10,'not_item','C',NULL,'2023-09-02','19:41:06',0.00,0.00,0.00,'bill_canced','NULL',NULL,NULL,0,NULL,0.00,0.00,0.00,0.00,NULL),(147,1,'411',10,'6033000340085','i',10.00,'2023-01-29','19:41:17',1.00,8.20,10.00,'STORM ENERGY LG','MULTI-TAX','SS',99,0,'001230129101',0.25,0.25,0.10,1.80,NULL),(149,1,'Demo User',11,'not_item','C',NULL,'2023-09-02','19:51:45',0.00,0.00,0.00,'bill_canced','NULL',NULL,NULL,0,NULL,0.00,0.00,0.00,0.00,NULL),(151,1,'Demo User',11,'not_item','C',NULL,'2023-09-02','19:55:26',0.00,0.00,0.00,'bill_canced','NULL',NULL,NULL,0,NULL,0.00,0.00,0.00,0.00,NULL),(152,1,'411',11,'6033000340085','i',20.00,'2023-01-29','19:56:18',1.00,16.41,20.00,'STORM ENERGY LG','MULTI-TAX','SS',99,0,'001230129111',0.50,0.50,0.20,3.00,NULL),(154,1,'Demo User',12,'not_item','C',NULL,'2023-09-02','20:05:19',0.00,0.00,0.00,'bill_canced','NULL',NULL,NULL,0,NULL,0.00,0.00,0.00,0.00,NULL),(155,1,'411',12,'6033000340085','i',20.00,'2023-01-29','20:05:27',1.00,16.41,20.00,'STORM ENERGY LG','MULTI-TAX','SS',99,0,'001230129121',0.50,0.50,0.20,3.00,NULL),(157,1,'Demo User',13,'not_item','C',NULL,'2023-09-02','20:17:13',0.00,0.00,0.00,'bill_canced','NULL',NULL,NULL,0,NULL,0.00,0.00,0.00,0.00,NULL),(158,1,'411',13,'6033000340085','i',20.00,'2023-01-29','20:17:26',1.00,16.41,20.00,'STORM ENERGY LG','MULTI-TAX','SS',99,0,'001230129131',0.50,0.50,0.20,3.00,NULL),(159,1,'411',14,'6033000340085','i',20.00,'2023-01-29','20:18:07',1.00,16.41,20.00,'STORM ENERGY LG','MULTI-TAX','SS',99,0,'001230129141',0.50,0.50,0.20,3.00,NULL),(161,1,'Demo User',15,'not_item','C',NULL,'2023-09-03','05:59:58',0.00,0.00,0.00,'bill_canced','NULL',NULL,NULL,0,NULL,0.00,0.00,0.00,0.00,NULL),(162,1,'411',15,'6033000340085','i',20.00,'2023-01-29','06:00:03',1.00,16.41,20.00,'STORM ENERGY LG','MULTI-TAX','SS',99,0,'001230129151',0.50,0.50,0.20,3.00,NULL),(164,1,'Demo User',16,'not_item','C',NULL,'2023-09-03','07:05:13',0.00,0.00,0.00,'bill_canced','NULL',NULL,NULL,0,NULL,0.00,0.00,0.00,0.00,NULL),(166,1,'Demo User',16,'not_item','C',NULL,'2023-09-03','07:13:10',0.00,0.00,0.00,'bill_canced','NULL',NULL,NULL,0,NULL,0.00,0.00,0.00,0.00,NULL),(168,1,'Demo User',16,'not_item','C',NULL,'2023-09-03','07:20:56',0.00,0.00,0.00,'bill_canced','NULL',NULL,NULL,0,NULL,0.00,0.00,0.00,0.00,NULL),(170,1,'Demo User',16,'not_item','C',NULL,'2023-09-03','07:24:52',0.00,0.00,0.00,'bill_canced','NULL',NULL,NULL,0,NULL,0.00,0.00,0.00,0.00,NULL),(172,1,'Demo User',16,'not_item','C',NULL,'2023-09-03','08:22:22',0.00,0.00,0.00,'bill_canced','NULL',NULL,NULL,0,NULL,0.00,0.00,0.00,0.00,NULL),(174,1,'Demo User',16,'not_item','C',NULL,'2023-09-03','08:23:47',0.00,0.00,0.00,'bill_canced','NULL',NULL,NULL,0,NULL,0.00,0.00,0.00,0.00,NULL),(176,1,'Demo User',16,'not_item','C',NULL,'2023-09-03','08:28:49',0.00,0.00,0.00,'bill_canced','NULL',NULL,NULL,0,NULL,0.00,0.00,0.00,0.00,NULL),(178,1,'Demo User',16,'not_item','C',NULL,'2023-09-03','08:30:25',0.00,0.00,0.00,'bill_canced','NULL',NULL,NULL,0,NULL,0.00,0.00,0.00,0.00,NULL),(180,1,'Demo User',16,'not_item','C',NULL,'2023-09-03','08:33:06',0.00,0.00,0.00,'bill_canced','NULL',NULL,NULL,0,NULL,0.00,0.00,0.00,0.00,NULL),(182,1,'Demo User',16,'not_item','C',NULL,'2023-09-03','10:12:03',0.00,0.00,0.00,'bill_canced','NULL',NULL,NULL,0,NULL,0.00,0.00,0.00,0.00,NULL),(184,1,'Demo User',16,'not_item','C',NULL,'2023-09-03','11:53:50',0.00,0.00,0.00,'bill_canced','NULL',NULL,NULL,0,NULL,0.00,0.00,0.00,0.00,NULL),(186,1,'Demo User',16,'not_item','C',NULL,'2023-09-03','11:57:43',0.00,0.00,0.00,'bill_canced','NULL',NULL,NULL,0,NULL,0.00,0.00,0.00,0.00,NULL),(188,1,'Demo User',16,'not_item','C',NULL,'2023-09-03','11:59:41',0.00,0.00,0.00,'bill_canced','NULL',NULL,NULL,0,NULL,0.00,0.00,0.00,0.00,NULL),(189,1,'411',16,'6033000340085','i',100.00,'2023-01-29','11:59:44',1.00,82.03,100.00,'STORM ENERGY LG','MULTI-TAX','SS',99,0,'001230129161',2.05,2.05,0.82,13.04,NULL),(190,1,'411',17,'6033000340085','i',100.00,'2023-01-29','12:09:16',2.00,164.07,200.00,'STORM ENERGY LG','MULTI-TAX','SS',99,0,'001230129171',4.10,4.10,1.64,26.09,NULL),(191,1,'411',18,'6033000340085','i',100.00,'2023-01-29','12:10:22',1.00,82.03,100.00,'STORM ENERGY LG','MULTI-TAX','SS',99,0,'001230129181',2.05,2.05,0.82,13.04,NULL),(192,1,'411',18,'6034000181036','i',500.00,'2023-01-29','12:10:25',1.00,410.17,500.00,'BEL-AQUA SMALL','MULTI-TAX','SS',99,0,'001230129181',10.25,10.25,4.10,65.22,NULL),(193,1,'411',19,'6033000340085','i',100.00,'2023-01-29','12:26:34',1.00,82.03,100.00,'STORM ENERGY LG','MULTI-TAX','SS',99,0,'001230129191',2.05,2.05,0.82,13.04,NULL),(194,1,'411',19,'6034000181036','i',500.00,'2023-01-29','12:41:01',1.00,410.17,500.00,'BEL-AQUA SMALL','MULTI-TAX','SS',99,0,'001230129191',10.25,10.25,4.10,65.22,NULL),(195,1,'411',20,'6033000340085','i',100.00,'2023-01-29','12:54:42',1.00,82.03,100.00,'STORM ENERGY LG','MULTI-TAX','SS',99,0,'001230129201',2.05,2.05,0.82,13.04,NULL),(199,1,'Demo User',21,'not_item','C',NULL,'2023-09-03','13:07:50',0.00,0.00,0.00,'bill_canced','NULL',NULL,NULL,0,NULL,0.00,0.00,0.00,0.00,NULL),(200,1,'411',21,'6033000340085','i',100.00,'2023-01-29','13:10:10',1.00,82.03,100.00,'STORM ENERGY LG','MULTI-TAX','SS',99,0,'001230129211',2.05,2.05,0.82,13.04,NULL),(201,1,'411',22,'6033000340085','i',100.00,'2023-01-29','13:16:12',1.00,82.03,100.00,'STORM ENERGY LG','MULTI-TAX','SS',99,0,'001230129221',2.05,2.05,0.82,13.04,NULL),(202,1,'411',23,'6033000340085','i',100.00,'2023-01-29','14:43:04',1.00,82.03,100.00,'STORM ENERGY LG','MULTI-TAX','SS',99,0,'001230129231',2.05,2.05,0.82,13.04,NULL),(203,1,'411',24,'6033000340085','i',100.00,'2023-01-29','14:46:09',1.00,82.03,100.00,'STORM ENERGY LG','MULTI-TAX','SS',99,0,'001230129241',2.05,2.05,0.82,13.04,NULL),(204,1,'411',25,'6033000340085','i',100.00,'2023-01-29','14:48:45',1.00,82.03,100.00,'STORM ENERGY LG','MULTI-TAX','SS',99,0,'001230129251',2.05,2.05,0.82,13.04,NULL),(205,1,'411',26,'6033000340085','i',100.00,'2023-01-29','14:51:04',1.00,82.03,100.00,'STORM ENERGY LG','MULTI-TAX','SS',99,0,'001230129261',2.05,2.05,0.82,13.04,NULL),(206,1,'411',27,'6033000340085','i',100.00,'2023-01-29','14:52:41',1.00,82.03,100.00,'STORM ENERGY LG','MULTI-TAX','SS',99,0,'001230129271',2.05,2.05,0.82,13.04,NULL),(207,1,'411',28,'6033000340085','i',100.00,'2023-01-29','14:53:42',1.00,82.03,100.00,'STORM ENERGY LG','MULTI-TAX','SS',99,0,'001230129281',2.05,2.05,0.82,13.04,NULL),(208,1,'411',29,'6033000340085','i',100.00,'2023-01-29','14:59:11',1.00,82.03,100.00,'STORM ENERGY LG','MULTI-TAX','SS',99,0,'001230129291',2.05,2.05,0.82,13.04,NULL),(209,1,'411',30,'6033000340085','i',100.00,'2023-01-29','15:04:23',1.00,82.03,100.00,'STORM ENERGY LG','MULTI-TAX','SS',99,0,'001230129301',2.05,2.05,0.82,13.04,NULL),(211,1,'Demo User',31,'not_item','C',NULL,'2023-09-03','15:07:44',0.00,0.00,0.00,'bill_canced','NULL',NULL,NULL,0,NULL,0.00,0.00,0.00,0.00,NULL),(212,1,'411',31,'6033000340085','i',100.00,'2023-01-29','15:07:50',1.00,82.03,100.00,'STORM ENERGY LG','MULTI-TAX','SS',99,0,'001230129311',2.05,2.05,0.82,13.04,NULL),(213,1,'411',32,'6033000340085','i',100.00,'2023-01-29','15:08:41',1.00,82.03,100.00,'STORM ENERGY LG','MULTI-TAX','SS',99,0,'001230129321',2.05,2.05,0.82,13.04,NULL),(214,1,'411',33,'6033000340085','i',100.00,'2023-01-29','15:19:30',1.00,82.03,100.00,'STORM ENERGY LG','MULTI-TAX','SS',99,0,'001230129331',2.05,2.05,0.82,13.04,NULL),(215,1,'411',34,'6033000340085','i',100.00,'2023-01-29','15:20:30',1.00,82.03,100.00,'STORM ENERGY LG','MULTI-TAX','SS',99,0,'001230129341',2.05,2.05,0.82,13.04,NULL),(216,1,'411',35,'6033000340085','i',100.00,'2023-01-29','15:21:06',1.00,82.03,100.00,'STORM ENERGY LG','MULTI-TAX','SS',99,0,'001230129351',2.05,2.05,0.82,13.04,NULL),(217,1,'411',36,'6033000340085','i',100.00,'2023-01-29','15:23:12',1.00,82.03,100.00,'STORM ENERGY LG','MULTI-TAX','SS',99,0,'001230129361',2.05,2.05,0.82,13.04,NULL),(218,1,'411',37,'6033000340085','i',100.00,'2023-01-29','15:24:02',1.00,82.03,100.00,'STORM ENERGY LG','MULTI-TAX','SS',99,0,'001230129371',2.05,2.05,0.82,13.04,NULL),(219,1,'411',38,'6033000340085','i',100.00,'2023-01-29','15:24:49',1.00,82.03,100.00,'STORM ENERGY LG','MULTI-TAX','SS',99,0,'001230129381',2.05,2.05,0.82,13.04,NULL),(220,1,'411',39,'6033000340085','i',100.00,'2023-01-29','15:25:37',1.00,82.03,100.00,'STORM ENERGY LG','MULTI-TAX','SS',99,0,'001230129391',2.05,2.05,0.82,13.04,NULL),(221,1,'411',40,'6033000340085','i',100.00,'2023-01-29','15:26:23',1.00,82.03,100.00,'STORM ENERGY LG','MULTI-TAX','SS',99,0,'001230129401',2.05,2.05,0.82,13.04,NULL),(222,1,'411',41,'6033000340085','i',100.00,'2023-01-29','15:30:31',1.00,82.03,100.00,'STORM ENERGY LG','MULTI-TAX','SS',99,0,'001230129411',2.05,2.05,0.82,13.04,NULL),(223,1,'411',42,'6033000340085','i',100.00,'2023-01-29','15:31:43',1.00,82.03,100.00,'STORM ENERGY LG','MULTI-TAX','SS',99,0,'001230129421',2.05,2.05,0.82,13.04,NULL),(224,1,'411',43,'6033000340085','i',100.00,'2023-01-29','15:33:29',1.00,82.03,100.00,'STORM ENERGY LG','MULTI-TAX','SS',99,0,'001230129431',2.05,2.05,0.82,13.04,NULL),(225,1,'411',44,'6033000340085','i',100.00,'2023-01-29','15:35:13',1.00,82.03,100.00,'STORM ENERGY LG','MULTI-TAX','SS',99,0,'001230129441',2.05,2.05,0.82,13.04,NULL),(226,1,'411',45,'6033000340085','i',100.00,'2023-01-29','20:24:31',1.00,82.03,100.00,'STORM ENERGY LG','MULTI-TAX','SS',99,0,'001230129451',2.05,2.05,0.82,13.04,NULL),(227,1,'411',46,'6033000340085','i',100.00,'2023-01-29','04:18:23',1.00,82.03,100.00,'STORM ENERGY LG','MULTI-TAX','SS',99,0,'001230129461',2.05,2.05,0.82,13.04,NULL),(230,1,'Demo User',47,'not_item','C',NULL,'2023-09-05','04:34:54',0.00,0.00,0.00,'bill_canced','NULL',NULL,NULL,0,NULL,0.00,0.00,0.00,0.00,NULL),(231,1,'411',47,'6033000340085','i',100.00,'2023-01-29','04:35:04',1.00,82.03,100.00,'STORM ENERGY LG','MULTI-TAX','SS',99,0,'001230129471',2.05,2.05,0.82,13.04,'VM'),(232,1,'411',48,'6033000340085','i',100.00,'2023-01-29','04:51:37',1.00,82.03,100.00,'STORM ENERGY LG','MULTI-TAX','SS',99,0,'001230129481',2.05,2.05,0.82,13.04,'VM'),(233,1,'411',49,'6033000340085','i',100.00,'2023-01-29','05:10:13',1.00,82.03,100.00,'STORM ENERGY LG','MULTI-TAX','SS',99,0,'001230129491',2.05,2.05,0.82,13.04,'VM'),(234,1,'411',49,'6033000340085','i',100.00,'2023-01-29','05:10:19',1.00,82.03,100.00,'STORM ENERGY LG','MULTI-TAX','SS',99,0,'001230129491',2.05,2.05,0.82,13.04,'VM'),(235,1,'411',49,'6033000340085','i',100.00,'2023-01-29','05:10:24',1.00,82.03,100.00,'STORM ENERGY LG','MULTI-TAX','SS',99,0,'001230129491',2.05,2.05,0.82,13.04,'VM'),(236,1,'411',49,'6034000181036','i',500.00,'2023-01-29','05:18:12',1.00,410.17,500.00,'BEL-AQUA SMALL','MULTI-TAX','SS',99,0,'001230129491',10.25,10.25,4.10,65.22,'VM'),(237,1,'411',50,'0987654321','i',100.00,'2023-01-29','05:39:46',1.00,100.00,100.00,'GAUVA JUICE','Non-Taxable','SS',0,0,'001230129501',0.00,0.00,0.00,0.00,'V0'),(238,1,'411',51,'0987654321','i',100.00,'2023-01-29','05:40:19',1.00,100.00,100.00,'GAUVA JUICE','Non-Taxable','SS',0,0,'001230129511',0.00,0.00,0.00,0.00,'V0'),(239,1,'411',51,'0987654321','i',100.00,'2023-01-29','05:40:23',1.00,100.00,100.00,'GAUVA JUICE','Non-Taxable','SS',0,0,'001230129511',0.00,0.00,0.00,0.00,'V0'),(240,1,'411',51,'0987654321','i',100.00,'2023-01-29','05:40:29',12.00,1200.00,1200.00,'GAUVA JUICE','Non-Taxable','SS',0,0,'001230129511',0.00,0.00,0.00,0.00,'V0'),(241,1,'411',51,'6033000340085','i',100.00,'2023-01-29','05:40:42',1.00,82.03,100.00,'STORM ENERGY LG','MULTI-TAX','SS',15,0,'001230129511',2.05,2.05,0.82,13.04,'VM'),(242,1,'411',51,'6034000181036','i',500.00,'2023-01-29','05:40:52',1.00,410.17,500.00,'BEL-AQUA SMALL','MULTI-TAX','SS',15,0,'001230129511',10.25,10.25,4.10,65.22,'VM'),(243,1,'411',52,'6033000340085','i',100.00,'2023-01-29','06:57:28',1.00,82.03,100.00,'STORM ENERGY LG','MULTI-TAX','SS',15,0,'001230129521',2.05,2.05,0.82,13.04,'VM'),(244,1,'411',53,'6034000181036','i',500.00,'2023-01-29','06:58:02',1.00,410.17,500.00,'BEL-AQUA SMALL','MULTI-TAX','SS',15,0,'001230129531',10.25,10.25,4.10,65.22,'VM'),(245,1,'411',54,'6033000340085','i',100.00,'2023-01-29','06:58:15',1.00,82.03,100.00,'STORM ENERGY LG','MULTI-TAX','SS',15,0,'001230129541',2.05,2.05,0.82,13.04,'VM'),(246,1,'411',55,'6033000340085','i',100.00,'2023-01-29','06:58:35',1.00,82.03,100.00,'STORM ENERGY LG','MULTI-TAX','SS',15,0,'001230129551',2.05,2.05,0.82,13.04,'VM'),(247,1,'411',55,'6034000181036','i',500.00,'2023-01-29','06:58:39',1.00,410.17,500.00,'BEL-AQUA SMALL','MULTI-TAX','SS',15,0,'001230129551',10.25,10.25,4.10,65.22,'VM'),(248,1,'411',55,'6034000181036','i',500.00,'2023-01-29','06:58:41',1.00,410.17,500.00,'BEL-AQUA SMALL','MULTI-TAX','SS',15,0,'001230129551',10.25,10.25,4.10,65.22,'VM'),(249,1,'411',55,'6033000340085','i',100.00,'2023-01-29','06:58:46',1.00,82.03,100.00,'STORM ENERGY LG','MULTI-TAX','SS',15,0,'001230129551',2.05,2.05,0.82,13.04,'VM'),(250,1,'411',56,'6033000340085','i',100.00,'2023-01-29','07:01:40',1.00,82.03,100.00,'STORM ENERGY LG','MULTI-TAX','SS',15,0,'001230129561',2.05,2.05,0.82,13.04,'VM'),(251,1,'411',57,'6033000340085','i',100.00,'2023-01-29','07:02:43',1.00,82.03,100.00,'STORM ENERGY LG','MULTI-TAX','SS',15,0,'001230129571',2.05,2.05,0.82,13.04,'VM'),(252,1,'411',58,'6033000340085','i',100.00,'2023-01-29','07:03:45',1.00,82.03,100.00,'STORM ENERGY LG','MULTI-TAX','SS',15,0,'001230129581',2.05,2.05,0.82,13.04,'VM'),(253,1,'411',59,'6033000340085','i',100.00,'2023-01-29','07:04:24',1.00,82.03,100.00,'STORM ENERGY LG','MULTI-TAX','SS',15,0,'001230129591',2.05,2.05,0.82,13.04,'VM'),(254,1,'411',60,'6033000340085','i',100.00,'2023-01-29','07:05:50',1.00,82.03,100.00,'STORM ENERGY LG','MULTI-TAX','SS',15,0,'001230129601',2.05,2.05,0.82,13.04,'VM'),(255,1,'411',61,'6033000340085','i',100.00,'2023-01-29','07:06:43',1.00,82.03,100.00,'STORM ENERGY LG','MULTI-TAX','SS',15,0,'001230129611',2.05,2.05,0.82,13.04,'VM'),(256,1,'411',62,'6033000340085','i',100.00,'2023-01-29','07:07:44',1.00,82.03,100.00,'STORM ENERGY LG','MULTI-TAX','SS',15,0,'001230129621',2.05,2.05,0.82,13.04,'VM'),(257,1,'411',62,'6034000181036','i',500.00,'2023-01-29','07:07:48',1.00,410.17,500.00,'BEL-AQUA SMALL','MULTI-TAX','SS',15,0,'001230129621',10.25,10.25,4.10,65.22,'VM'),(258,1,'411',62,'6033000340085','i',100.00,'2023-01-29','07:07:52',1.00,82.03,100.00,'STORM ENERGY LG','MULTI-TAX','SS',15,0,'001230129621',2.05,2.05,0.82,13.04,'VM'),(259,1,'411',62,'6034000181036','i',500.00,'2023-01-29','07:07:56',1.00,410.17,500.00,'BEL-AQUA SMALL','MULTI-TAX','SS',15,0,'001230129621',10.25,10.25,4.10,65.22,'VM'),(260,1,'411',62,'6033000340085','i',100.00,'2023-01-29','07:08:00',1.00,82.03,100.00,'STORM ENERGY LG','MULTI-TAX','SS',15,0,'001230129621',2.05,2.05,0.82,13.04,'VM'),(261,1,'411',63,'6033000340085','i',100.00,'2023-01-29','07:09:07',1.00,82.03,100.00,'STORM ENERGY LG','MULTI-TAX','SS',15,0,'001230129631',2.05,2.05,0.82,13.04,'VM'),(262,1,'411',64,'6033000340085','i',100.00,'2023-01-29','07:09:31',1.00,82.03,100.00,'STORM ENERGY LG','MULTI-TAX','SS',15,0,'001230129641',2.05,2.05,0.82,13.04,'VM'),(263,1,'411',65,'6033000340085','i',100.00,'2023-01-29','07:10:17',1.00,82.03,100.00,'STORM ENERGY LG','MULTI-TAX','SS',15,0,'001230129651',2.05,2.05,0.82,13.04,'VM'),(264,1,'411',66,'6034000181036','i',500.00,'2023-01-29','07:10:25',1.00,410.17,500.00,'BEL-AQUA SMALL','MULTI-TAX','SS',15,0,'001230129661',10.25,10.25,4.10,65.22,'VM'),(265,1,'411',67,'6033000340085','i',100.00,'2023-01-29','07:10:31',1.00,82.03,100.00,'STORM ENERGY LG','MULTI-TAX','SS',15,0,'001230129671',2.05,2.05,0.82,13.04,'VM'),(266,1,'411',68,'6033000340085','i',100.00,'2023-01-29','03:01:38',1.00,82.03,100.00,'STORM ENERGY LG','MULTI-TAX','SS',15,0,'001230129681',2.05,2.05,0.82,13.04,'VM'),(267,1,'411',68,'6033000340085','i',100.00,'2023-01-29','03:07:05',1.00,82.03,100.00,'STORM ENERGY LG','MULTI-TAX','SS',15,0,'001230129681',2.05,2.05,0.82,13.04,'VM'),(268,1,'411',69,'6033000340085','i',100.00,'2023-01-29','03:50:33',1.00,82.03,100.00,'STORM ENERGY LG','MULTI-TAX','SS',15,0,'001230129691',2.05,2.05,0.82,13.04,'VM'),(269,1,'411',70,'6033000340085','i',100.00,'2023-01-29','03:52:38',1.00,82.03,100.00,'STORM ENERGY LG','MULTI-TAX','SS',15,0,'001230129701',2.05,2.05,0.82,13.04,'VM'),(270,1,'411',71,'6033000340085','i',100.00,'2023-01-29','04:55:03',1.00,82.03,100.00,'STORM ENERGY LG','MULTI-TAX','SS',15,0,'001230129711',2.05,2.05,0.82,13.04,'VM'),(271,1,'411',72,'6033000340085','i',100.00,'2023-01-29','04:56:03',1.00,82.03,100.00,'STORM ENERGY LG','MULTI-TAX','SS',15,0,'001230129721',2.05,2.05,0.82,13.04,'VM'),(272,1,'411',73,'6033000340085','i',100.00,'2023-01-29','05:30:39',1.00,82.03,100.00,'STORM ENERGY LG','MULTI-TAX','SS',15,0,'001230129731',2.05,2.05,0.82,13.04,'VM'),(273,1,'411',74,'6033000340085','i',100.00,'2023-01-29','05:31:16',1.00,82.03,100.00,'STORM ENERGY LG','MULTI-TAX','SS',15,0,'001230129741',2.05,2.05,0.82,13.04,'VM'),(274,1,'411',75,'6033000340085','i',100.00,'2023-01-29','05:32:23',1.00,82.03,100.00,'STORM ENERGY LG','MULTI-TAX','SS',15,0,'001230129751',2.05,2.05,0.82,13.04,'VM'),(275,1,'411',76,'6033000340085','i',100.00,'2023-01-29','05:33:09',1.00,82.03,100.00,'STORM ENERGY LG','MULTI-TAX','SS',15,0,'001230129761',2.05,2.05,0.82,13.04,'VM'),(276,1,'411',77,'6033000340085','i',100.00,'2023-01-29','05:33:36',1.00,82.03,100.00,'STORM ENERGY LG','MULTI-TAX','SS',15,0,'001230129771',2.05,2.05,0.82,13.04,'VM'),(277,1,'411',78,'6033000340085','i',100.00,'2023-01-29','05:34:03',1.00,82.03,100.00,'STORM ENERGY LG','MULTI-TAX','SS',15,0,'001230129781',2.05,2.05,0.82,13.04,'VM'),(278,1,'411',79,'6033000340085','i',100.00,'2023-01-29','05:39:51',1.00,82.03,100.00,'STORM ENERGY LG','MULTI-TAX','SS',15,0,'001230129791',2.05,2.05,0.82,13.04,'VM'),(279,1,'411',80,'6033000340085','i',100.00,'2023-01-29','05:40:21',1.00,82.03,100.00,'STORM ENERGY LG','MULTI-TAX','SS',15,0,'001230129801',2.05,2.05,0.82,13.04,'VM'),(280,1,'411',81,'6033000340085','i',100.00,'2023-01-29','05:42:09',1.00,82.03,100.00,'STORM ENERGY LG','MULTI-TAX','SS',15,0,'001230129811',2.05,2.05,0.82,13.04,'VM'),(281,1,'411',82,'6033000340085','i',100.00,'2023-01-29','05:44:03',1.00,82.03,100.00,'STORM ENERGY LG','MULTI-TAX','SS',15,0,'001230129821',2.05,2.05,0.82,13.04,'VM'),(282,1,'411',83,'6033000340085','i',100.00,'2023-01-29','05:44:25',1.00,82.03,100.00,'STORM ENERGY LG','MULTI-TAX','SS',15,0,'001230129831',2.05,2.05,0.82,13.04,'VM'),(283,1,'411',84,'6033000340085','i',100.00,'2023-01-29','05:44:57',1.00,82.03,100.00,'STORM ENERGY LG','MULTI-TAX','SS',15,0,'001230129841',2.05,2.05,0.82,13.04,'VM'),(284,1,'411',85,'6033000340085','i',100.00,'2023-01-29','05:45:32',1.00,82.03,100.00,'STORM ENERGY LG','MULTI-TAX','SS',15,0,'001230129851',2.05,2.05,0.82,13.04,'VM'),(285,1,'411',86,'6033000340085','i',100.00,'2023-01-29','05:51:12',1.00,82.03,100.00,'STORM ENERGY LG','MULTI-TAX','SS',15,0,'001230129861',2.05,2.05,0.82,13.04,'VM'),(286,1,'411',87,'6033000340085','i',100.00,'2023-01-29','05:52:09',1.00,82.03,100.00,'STORM ENERGY LG','MULTI-TAX','SS',15,0,'001230129871',2.05,2.05,0.82,13.04,'VM'),(287,1,'411',88,'6033000340085','i',100.00,'2023-01-29','05:58:55',1.00,82.03,100.00,'STORM ENERGY LG','MULTI-TAX','SS',15,0,'001230129881',2.05,2.05,0.82,13.04,'VM'),(288,1,'411',89,'6033000340085','i',100.00,'2023-01-29','05:59:23',1.00,82.03,100.00,'STORM ENERGY LG','MULTI-TAX','SS',15,0,'001230129891',2.05,2.05,0.82,13.04,'VM'),(289,1,'411',90,'6033000340085','i',100.00,'2023-01-29','14:26:15',1.00,82.03,100.00,'STORM ENERGY LG','MULTI-TAX','SS',15,0,'001230129901',2.05,2.05,0.82,13.04,'VM'),(291,1,'Demo User',91,'not_item','C',NULL,'2023-09-10','14:27:52',0.00,0.00,0.00,'bill_canced','NULL',NULL,NULL,0,NULL,0.00,0.00,0.00,0.00,NULL),(292,1,'411',91,'0987654321','i',100.00,'2023-01-29','14:27:59',1.00,100.00,100.00,'GAUVA JUICE','Non-Taxable','SS',0,0,'001230129911',0.00,0.00,0.00,0.00,'V0'),(293,1,'411',92,'6033000340085','i',100.00,'2023-01-29','03:23:47',1.00,82.03,100.00,'STORM ENERGY LG','MULTI-TAX','SS',15,0,'001230129921',2.05,2.05,0.82,13.04,'VM'),(294,1,'411',93,'6033000340085','i',100.00,'2023-01-29','03:24:50',-1.00,-82.03,-100.00,'STORM ENERGY LG','MULTI-TAX','RF',15,0,'001230129931',-2.05,-2.05,-0.82,-13.04,'VM'),(295,1,'411',94,'6033000340085','i',100.00,'2023-01-29','04:11:53',1.00,82.03,100.00,'STORM ENERGY LG','MULTI-TAX','SS',15,0,'001230129941',2.05,2.05,0.82,13.04,'VM'),(296,1,'411',95,'6033000340085','i',100.00,'2023-01-29','04:13:55',1.00,82.03,100.00,'STORM ENERGY LG','MULTI-TAX','SS',15,0,'001230129951',2.05,2.05,0.82,13.04,'VM'),(297,1,'411',96,'6033000340085','i',100.00,'2023-01-29','05:08:24',1.00,82.03,100.00,'STORM ENERGY LG','MULTI-TAX','SS',15,0,'001230129961',2.05,2.05,0.82,13.04,'VM'),(299,1,'Demo User',97,'not_item','C',NULL,'2023-09-12','05:12:36',0.00,0.00,0.00,'bill_canced','NULL',NULL,NULL,0,NULL,0.00,0.00,0.00,0.00,NULL),(300,1,'411',97,'6034000181036','i',500.00,'2023-01-29','05:12:44',1.00,410.17,500.00,'BEL-AQUA SMALL','MULTI-TAX','SS',15,0,'001230129971',10.25,10.25,4.10,65.22,'VM'),(301,1,'411',97,'6033000340085','i',100.00,'2023-01-29','05:12:47',1.00,82.03,100.00,'STORM ENERGY LG','MULTI-TAX','SS',15,0,'001230129971',2.05,2.05,0.82,13.04,'VM'),(302,1,'411',98,'6033000340085','i',100.00,'2023-01-29','05:09:57',1.00,82.03,100.00,'STORM ENERGY LG','MULTI-TAX','SS',15,0,'001230129981',2.05,2.05,0.82,13.04,'VM'),(304,1,'Demo User',99,'not_item','C',NULL,'2023-09-13','05:21:22',0.00,0.00,0.00,'bill_canced','NULL',NULL,NULL,0,NULL,0.00,0.00,0.00,0.00,NULL),(306,1,'Demo User',99,'not_item','C',NULL,'2023-09-13','05:22:56',0.00,0.00,0.00,'bill_canced','NULL',NULL,NULL,0,NULL,0.00,0.00,0.00,0.00,NULL),(308,1,'Demo User',99,'not_item','C',NULL,'2023-09-13','05:34:56',0.00,0.00,0.00,'bill_canced','NULL',NULL,NULL,0,NULL,0.00,0.00,0.00,0.00,NULL),(310,1,'Demo User',99,'not_item','C',NULL,'2023-09-13','06:48:52',0.00,0.00,0.00,'bill_canced','NULL',NULL,NULL,0,NULL,0.00,0.00,0.00,0.00,NULL),(313,1,'Demo User',99,'not_item','C',NULL,'2023-09-14','02:27:14',0.00,0.00,0.00,'bill_canced','NULL',NULL,NULL,0,NULL,0.00,0.00,0.00,0.00,NULL),(314,1,'411',99,'6033000340085','i',100.00,'2023-01-29','02:27:18',1.00,82.03,100.00,'STORM ENERGY LG','MULTI-TAX','SS',15,0,'001230129991',2.05,2.05,0.82,13.04,'VM'),(316,1,'Demo User',100,'not_item','C',NULL,'2023-09-14','02:42:45',0.00,0.00,0.00,'bill_canced','NULL',NULL,NULL,0,NULL,0.00,0.00,0.00,0.00,NULL),(318,1,'Demo User',100,'not_item','C',NULL,'2023-09-14','02:54:27',0.00,0.00,0.00,'bill_canced','NULL',NULL,NULL,0,NULL,0.00,0.00,0.00,0.00,NULL),(319,1,'411',100,'6033000340085','i',100.00,'2023-01-29','02:54:35',1.00,82.03,100.00,'STORM ENERGY LG','MULTI-TAX','SS',15,0,'0012301291001',2.05,2.05,0.82,13.04,'VM'),(320,1,'411',101,'6033000340085','i',1.00,'2023-01-29','06:14:10',1.00,0.82,1.00,'STORM ENERGY LG','MULTI-TAX','SS',15,0,'0012301291011',0.02,0.02,0.01,0.13,'VM'),(322,1,'Demo User',102,'not_item','C',NULL,'2023-09-14','06:41:04',0.00,0.00,0.00,'bill_canced','NULL',NULL,NULL,0,NULL,0.00,0.00,0.00,0.00,NULL),(323,1,'411',102,'6033000340085','i',1.00,'2023-01-29','06:41:32',-1.00,-0.13,-1.00,'STORM ENERGY LG','MULTI-TAX','RF',15,0,'0012301291021',-0.02,-0.02,-0.01,-0.13,'VM'),(324,1,'411',103,'6033000340085','i',1.00,'2023-01-29','07:02:15',1.00,0.82,1.00,'STORM ENERGY LG','MULTI-TAX','SS',15,0,'0012301291031',0.02,0.02,0.01,0.13,'VM'),(325,1,'411',104,'6034000181036','i',500.00,'2023-01-29','07:08:39',1.00,410.17,500.00,'BEL-AQUA SMALL','MULTI-TAX','SS',15,0,'0012301291041',10.25,10.25,4.10,65.22,'VM'),(326,1,'411',105,'6033000340085','i',1.00,'2023-01-29','07:11:03',1.00,0.82,1.00,'STORM ENERGY LG','MULTI-TAX','SS',15,0,'0012301291051',0.02,0.02,0.01,0.13,'VM'),(327,1,'411',106,'6033000340085','i',1.00,'2023-01-29','07:19:20',1.00,0.82,1.00,'STORM ENERGY LG','MULTI-TAX','SS',15,0,'0012301291061',0.02,0.02,0.01,0.13,'VM'),(328,1,'411',107,'6033000340085','i',1.00,'2023-01-29','07:20:21',-1.00,-0.13,-1.00,'STORM ENERGY LG','MULTI-TAX','RF',15,0,'0012301291071',-0.02,-0.02,-0.01,-0.13,'VM'),(330,1,'Demo User',108,'not_item','C',NULL,'2023-09-15','19:36:41',0.00,0.00,0.00,'bill_canced','NULL',NULL,NULL,0,NULL,0.00,0.00,0.00,0.00,NULL),(331,1,'411',108,'6033000340085','i',1.00,'2023-01-29','19:36:46',1.00,0.82,1.00,'STORM ENERGY LG','MULTI-TAX','SS',15,0,'0012301291081',0.02,0.02,0.01,0.13,'VM'),(332,1,'411',109,'6033000340085','i',1.00,'2023-01-29','19:50:51',1.00,0.82,1.00,'STORM ENERGY LG','MULTI-TAX','SS',15,0,'0012301291091',0.02,0.02,0.01,0.13,'VM'),(333,1,'411',110,'6033000340085','i',1.00,'2023-01-29','19:52:11',1.00,0.82,1.00,'STORM ENERGY LG','MULTI-TAX','SS',15,0,'0012301291101',0.02,0.02,0.01,0.13,'VM'),(334,1,'411',111,'6033000340085','i',1.00,'2023-01-29','19:53:47',1.00,0.82,1.00,'STORM ENERGY LG','MULTI-TAX','SS',15,0,'0012301291111',0.02,0.02,0.01,0.13,'VM'),(335,1,'411',112,'6033000340085','i',1.00,'2023-01-29','19:55:23',1.00,0.82,1.00,'STORM ENERGY LG','MULTI-TAX','SS',15,0,'0012301291121',0.02,0.02,0.01,0.13,'VM'),(336,1,'411',113,'6033000340085','i',1.00,'2023-01-29','19:57:05',1.00,0.82,1.00,'STORM ENERGY LG','MULTI-TAX','SS',15,0,'0012301291131',0.02,0.02,0.01,0.13,'VM'),(337,1,'411',114,'6033000340085','i',1.00,'2023-01-29','05:58:47',1.00,0.82,1.00,'STORM ENERGY LG','MULTI-TAX','SS',15,0,'0012301291141',0.02,0.02,0.01,0.13,'VM'),(338,1,'411',115,'6033000340085','i',1.00,'2023-01-29','05:59:36',1.00,0.82,1.00,'STORM ENERGY LG','MULTI-TAX','SS',15,0,'0012301291151',0.02,0.02,0.01,0.13,'VM'),(339,1,'411',116,'6034000181036','i',500.00,'2023-01-29','06:01:18',1.00,410.17,500.00,'BEL-AQUA SMALL','MULTI-TAX','SS',15,0,'0012301291161',10.25,10.25,4.10,65.22,'VM'),(340,1,'411',117,'17264738','i',100.00,'2023-01-29','06:02:30',1.00,82.03,100.00,'Note Pad Small','MULTI-TAX','SS',15,0,'0012301291171',2.05,2.05,0.82,13.04,'VM'),(341,1,'411',118,'54646467564','i',7.00,'2023-01-29','06:07:04',1.00,5.74,7.00,'ORANGE','MULTI-TAX','SS',15,0,'0012301291181',0.14,0.14,0.06,0.91,'VM'),(342,1,'411',118,'6033000340085','i',1.00,'2023-01-29','06:07:13',1.00,0.82,1.00,'STORM ENERGY LG','MULTI-TAX','SS',15,0,'0012301291181',0.02,0.02,0.01,0.13,'VM'),(343,1,'411',118,'6034000181036','i',500.00,'2023-01-29','06:07:19',1.00,410.17,500.00,'BEL-AQUA SMALL','MULTI-TAX','SS',15,0,'0012301291181',10.25,10.25,4.10,65.22,'VM'),(344,1,'411',119,'17264738','i',100.00,'2023-01-29','06:13:12',1.00,82.03,100.00,'Note Pad Small','MULTI-TAX','SS',15,0,'0012301291191',2.05,2.05,0.82,13.04,'VM'),(345,1,'411',119,'6034000181036','i',500.00,'2023-01-29','06:13:38',1.00,410.17,500.00,'BEL-AQUA SMALL','MULTI-TAX','SS',15,0,'0012301291191',10.25,10.25,4.10,65.22,'VM'),(346,1,'411',119,'6034000181036','i',500.00,'2023-01-29','06:13:39',1.00,410.17,500.00,'BEL-AQUA SMALL','MULTI-TAX','SS',15,1,'0012301291191',10.25,10.25,4.10,65.22,'VM'),(347,1,'411',119,'6034000181036','i',500.00,'2023-01-29','06:13:40',1.00,410.17,500.00,'BEL-AQUA SMALL','MULTI-TAX','SS',15,0,'0012301291191',10.25,10.25,4.10,65.22,'VM'),(348,1,'411',119,'6033000340085','i',1.00,'2023-01-29','06:13:41',1.00,0.82,1.00,'STORM ENERGY LG','MULTI-TAX','SS',15,0,'0012301291191',0.02,0.02,0.01,0.13,'VM'),(349,1,'411',119,'6033000340085','i',1.00,'2023-01-29','06:13:42',1.00,0.82,1.00,'STORM ENERGY LG','MULTI-TAX','SS',15,0,'0012301291191',0.02,0.02,0.01,0.13,'VM'),(350,1,'411',119,'6033000340085','i',1.00,'2023-01-29','06:13:46',1.00,0.82,1.00,'STORM ENERGY LG','MULTI-TAX','SS',15,0,'0012301291191',0.02,0.02,0.01,0.13,'VM'),(351,1,'411',119,'6033000340085','i',1.00,'2023-01-29','06:13:48',1.00,0.82,1.00,'STORM ENERGY LG','MULTI-TAX','SS',15,0,'0012301291191',0.02,0.02,0.01,0.13,'VM'),(352,1,'411',120,'17264738','i',100.00,'2023-01-29','06:15:49',1.00,82.03,100.00,'Note Pad Small','MULTI-TAX','SS',15,0,'0012301291201',2.05,2.05,0.82,13.04,'VM'),(353,1,'411',120,'17264738','i',100.00,'2023-01-29','06:15:51',1.00,82.03,100.00,'Note Pad Small','MULTI-TAX','SS',15,0,'0012301291201',2.05,2.05,0.82,13.04,'VM'),(354,1,'411',120,'17264738','i',100.00,'2023-01-29','06:15:52',1.00,82.03,100.00,'Note Pad Small','MULTI-TAX','SS',15,0,'0012301291201',2.05,2.05,0.82,13.04,'VM'),(355,1,'411',120,'17264738','i',100.00,'2023-01-29','06:16:04',1.00,13.04,100.00,'Note Pad Small','MULTI-TAX','SS',15,0,'0012301291201',2.05,2.05,0.82,13.04,'VM');
/*!40000 ALTER TABLE `bill_trans` ENABLE KEYS */;
UNLOCK TABLES;

--
-- Table structure for table `clerk`
--

DROP TABLE IF EXISTS `clerk`;
/*!40101 SET @saved_cs_client     = @@character_set_client */;
/*!50503 SET character_set_client = utf8mb4 */;
CREATE TABLE `clerk` (
  `id` int NOT NULL AUTO_INCREMENT,
  `clerk_code` text NOT NULL,
  `clerk_key` text NOT NULL,
  `date_created` timestamp NOT NULL DEFAULT CURRENT_TIMESTAMP,
  `clerk_name` text NOT NULL,
  `user_grp` int NOT NULL,
  `status` int DEFAULT (1) COMMENT 'If 1, clerk is active, else clerk is not active',
  PRIMARY KEY (`id`)
) ENGINE=InnoDB AUTO_INCREMENT=8 DEFAULT CHARSET=utf8mb4 COLLATE=utf8mb4_0900_ai_ci;
/*!40101 SET character_set_client = @saved_cs_client */;

--
-- Dumping data for table `clerk`
--

LOCK TABLES `clerk` WRITE;
/*!40000 ALTER TABLE `clerk` DISABLE KEYS */;
INSERT INTO `clerk` VALUES (2,'411','4b82ba17481acc7ad9fec620bd960b80','2021-05-15 19:49:45','Demo User',0,1),(3,'10','d3d9446802a44259755d38e6d163e820','2022-09-25 21:13:04','Admin',1,1),(4,'6320','c12d1f7cc7c4b41a125b5752d1238b03','2022-12-18 19:26:13','James Bond',1,1),(5,'7696','fd5c905bcd8c3348ad1b35d7231ee2b1','2022-12-18 19:29:33','Uyin Solomon',1,1),(6,'5866','e2c61965b5e23b47b77d7c51611b6d7f','2022-12-18 19:35:21','Kwesi Sarpong',4,1),(7,'2524','4d1a65f1c6d24c1f8f714fe7e31d29fc','2022-12-18 19:37:40','Lionel Messi',4,1);
/*!40000 ALTER TABLE `clerk` ENABLE KEYS */;
UNLOCK TABLES;

--
-- Table structure for table `comp_setup`
--

DROP TABLE IF EXISTS `comp_setup`;
/*!40101 SET @saved_cs_client     = @@character_set_client */;
/*!50503 SET character_set_client = utf8mb4 */;
CREATE TABLE `comp_setup` (
  `id` int NOT NULL DEFAULT '0',
  `c_name` text NOT NULL,
  `currency` int NOT NULL,
  `box` text NOT NULL,
  `street` text NOT NULL,
  `country` text NOT NULL,
  `city` text NOT NULL,
  `phone` text NOT NULL,
  `email` text,
  `tax_code` text,
  `footer` text
) ENGINE=InnoDB DEFAULT CHARSET=utf8mb4 COLLATE=utf8mb4_0900_ai_ci;
/*!40101 SET character_set_client = @saved_cs_client */;

--
-- Dumping data for table `comp_setup`
--

LOCK TABLES `comp_setup` WRITE;
/*!40000 ALTER TABLE `comp_setup` DISABLE KEYS */;
INSERT INTO `comp_setup` VALUES (1,'SMDESK TEST',1,'BOX 174','#6 Cocoa Street','Ghana','Accra','+233 54 631 0011','test@domain.com','CTJ7V','Welcome TO Hotel Magic\r\nStay Safe on you stay here');
/*!40000 ALTER TABLE `comp_setup` ENABLE KEYS */;
UNLOCK TABLES;

--
-- Table structure for table `company`
--

DROP TABLE IF EXISTS `company`;
/*!40101 SET @saved_cs_client     = @@character_set_client */;
/*!50503 SET character_set_client = utf8mb4 */;
CREATE TABLE `company` (
  `id` int NOT NULL DEFAULT '0',
  `c_name` text NOT NULL,
  `currency` int NOT NULL,
  `box` text NOT NULL,
  `street` text NOT NULL,
  `country` text NOT NULL,
  `city` text NOT NULL,
  `phone` text NOT NULL,
  `email` text,
  `tax_code` text,
  `footer` text,
  `vat_code` char(20) DEFAULT NULL
) ENGINE=InnoDB DEFAULT CHARSET=utf8mb4 COLLATE=utf8mb4_0900_ai_ci;
/*!40101 SET character_set_client = @saved_cs_client */;

--
-- Dumping data for table `company`
--

LOCK TABLES `company` WRITE;
/*!40000 ALTER TABLE `company` DISABLE KEYS */;
INSERT INTO `company` VALUES (0,'SMART MART',0,'105','#6 cocoa stree','Ghana','Accra','054 000 0000','test@domain.com','CT08989','HELLO WORLD','083949484');
/*!40000 ALTER TABLE `company` ENABLE KEYS */;
UNLOCK TABLES;

--
-- Table structure for table `customer_bill_tran`
--

DROP TABLE IF EXISTS `customer_bill_tran`;
/*!40101 SET @saved_cs_client     = @@character_set_client */;
/*!50503 SET character_set_client = utf8mb4 */;
CREATE TABLE `customer_bill_tran` (
  `cust_no` int NOT NULL,
  `billRef` int NOT NULL
) ENGINE=InnoDB DEFAULT CHARSET=utf8mb4 COLLATE=utf8mb4_0900_ai_ci;
/*!40101 SET character_set_client = @saved_cs_client */;

--
-- Dumping data for table `customer_bill_tran`
--

LOCK TABLES `customer_bill_tran` WRITE;
/*!40000 ALTER TABLE `customer_bill_tran` DISABLE KEYS */;
/*!40000 ALTER TABLE `customer_bill_tran` ENABLE KEYS */;
UNLOCK TABLES;

--
-- Table structure for table `customers`
--

DROP TABLE IF EXISTS `customers`;
/*!40101 SET @saved_cs_client     = @@character_set_client */;
/*!50503 SET character_set_client = utf8mb4 */;
CREATE TABLE `customers` (
  `customer_id` int NOT NULL AUTO_INCREMENT,
  `first_name` varchar(100) NOT NULL,
  `last_name` varchar(100) NOT NULL,
  `email` varchar(100) DEFAULT NULL,
  `phone_number` varchar(20) DEFAULT NULL,
  `address` varchar(200) DEFAULT NULL,
  `city` varchar(100) DEFAULT NULL,
  `postal_code` varchar(10) DEFAULT NULL,
  `country` varchar(100) DEFAULT NULL,
  `cust_no` char(10) NOT NULL,
  `status` int NOT NULL DEFAULT '1',
  PRIMARY KEY (`customer_id`),
  UNIQUE KEY `customers_pk` (`phone_number`,`email`)
) ENGINE=InnoDB AUTO_INCREMENT=31 DEFAULT CHARSET=utf8mb4 COLLATE=utf8mb4_0900_ai_ci;
/*!40101 SET character_set_client = @saved_cs_client */;

--
-- Dumping data for table `customers`
--

LOCK TABLES `customers` WRITE;
/*!40000 ALTER TABLE `customers` DISABLE KEYS */;
INSERT INTO `customers` VALUES (14,'JANE','DOE','jdoe@gmil.com','020199884','#6 COCOA STREET','Accra','1234','Ghana','9990000001',1),(15,'JOHN','DOE','jdoe@gmixl.com','0201099884','#6 COCOA STREET','Accra','1234','Ghana','9990000002',1),(16,'Uyin','Solomon','uyinsolomon2@gmail.com','+233240017017','#6 Cocoa Street','Accra','1232','Ghana','9990000003',1),(30,'Uyin','Solomon','uyinsolomon2@gmail.com','+2332400170','#6 Cocoa Street','Accra','1232','Ghana','9990000004',1);
/*!40000 ALTER TABLE `customers` ENABLE KEYS */;
UNLOCK TABLES;

--
-- Table structure for table `customers_trans`
--

DROP TABLE IF EXISTS `customers_trans`;
/*!40101 SET @saved_cs_client     = @@character_set_client */;
/*!50503 SET character_set_client = utf8mb4 */;
CREATE TABLE `customers_trans` (
  `transaction_id` int NOT NULL AUTO_INCREMENT,
  `customer_id` int DEFAULT NULL,
  `transaction_date` date NOT NULL,
  `total_amount` decimal(10,2) NOT NULL,
  `payment_method` varchar(50) DEFAULT NULL,
  `items_purchased` text,
  `transaction_notes` text,
  PRIMARY KEY (`transaction_id`),
  KEY `customer_id` (`customer_id`),
  CONSTRAINT `customers_trans_ibfk_1` FOREIGN KEY (`customer_id`) REFERENCES `customers` (`customer_id`)
) ENGINE=InnoDB DEFAULT CHARSET=utf8mb4 COLLATE=utf8mb4_0900_ai_ci;
/*!40101 SET character_set_client = @saved_cs_client */;

--
-- Dumping data for table `customers_trans`
--

LOCK TABLES `customers_trans` WRITE;
/*!40000 ALTER TABLE `customers_trans` DISABLE KEYS */;
/*!40000 ALTER TABLE `customers_trans` ENABLE KEYS */;
UNLOCK TABLES;

--
-- Table structure for table `disc_mast`
--

DROP TABLE IF EXISTS `disc_mast`;
/*!40101 SET @saved_cs_client     = @@character_set_client */;
/*!50503 SET character_set_client = utf8mb4 */;
CREATE TABLE `disc_mast` (
  `id` int NOT NULL AUTO_INCREMENT,
  `rate` int NOT NULL,
  `desc` text,
  `disc_uni` text,
  PRIMARY KEY (`id`)
) ENGINE=InnoDB AUTO_INCREMENT=4 DEFAULT CHARSET=utf8mb4 COLLATE=utf8mb4_0900_ai_ci;
/*!40101 SET character_set_client = @saved_cs_client */;

--
-- Dumping data for table `disc_mast`
--

LOCK TABLES `disc_mast` WRITE;
/*!40000 ALTER TABLE `disc_mast` DISABLE KEYS */;
/*!40000 ALTER TABLE `disc_mast` ENABLE KEYS */;
UNLOCK TABLES;

--
-- Table structure for table `doc_trans`
--

DROP TABLE IF EXISTS `doc_trans`;
/*!40101 SET @saved_cs_client     = @@character_set_client */;
/*!50503 SET character_set_client = utf8mb4 */;
CREATE TABLE `doc_trans` (
  `id` int NOT NULL AUTO_INCREMENT,
  `doc_type` char(3) NOT NULL,
  `entry_no` varchar(13) NOT NULL,
  `trans_func` char(3) NOT NULL,
  `created_by` text NOT NULL,
  `created_on` timestamp NOT NULL DEFAULT CURRENT_TIMESTAMP,
  PRIMARY KEY (`id`)
) ENGINE=InnoDB AUTO_INCREMENT=65 DEFAULT CHARSET=utf8mb4 COLLATE=utf8mb4_0900_ai_ci;
/*!40101 SET character_set_client = @saved_cs_client */;

--
-- Dumping data for table `doc_trans`
--

LOCK TABLES `doc_trans` WRITE;
/*!40000 ALTER TABLE `doc_trans` DISABLE KEYS */;
INSERT INTO `doc_trans` VALUES (37,'PO','PO1000001','PRI','2','2022-10-17 00:05:15'),(38,'PO','PO1000001','PRI','2','2022-10-17 00:05:33'),(39,'PO','PO1000001','PRI','2','2022-10-17 00:13:57'),(40,'PO','PO1000001','PRI','2','2022-10-17 00:14:44'),(41,'GRN','GR1000008','ADD','2','2022-10-17 00:36:00'),(42,'GRN','GR1000008','PRI','2','2022-10-17 00:36:11'),(43,'GRN','GR1000008','AP','2','2022-10-17 00:36:23'),(44,'PO','PO1000002','PRI','2','2023-01-19 11:53:45'),(45,'PO','PO1000002','PRI','2','2023-01-19 11:54:08'),(46,'PO','PO1000002','PRI','2','2023-01-19 11:54:34'),(47,'PO','PO1000002','PRI','2','2023-01-19 12:01:30'),(48,'PO','PO1000002','PRI','2','2023-01-19 12:01:53'),(49,'PO','PO1000002','PRI','2','2023-01-19 12:02:46'),(50,'PO','PO1000002','PRI','2','2023-01-19 12:03:27'),(51,'PO','PO1000002','PRI','2','2023-01-19 12:03:47'),(52,'PO','PO1000002','PRI','2','2023-01-19 12:03:59'),(53,'PO','PO1000002','PRI','2','2023-01-19 13:18:44'),(54,'GRN','GR1000009','ADD','2','2023-01-19 13:20:11'),(55,'GRN','GR1000009','PRI','2','2023-01-19 13:21:41'),(56,'GRN','GR1000009','AP','2','2023-01-19 13:39:56'),(57,'PO','PO1000003','PRI','2','2023-05-24 10:04:52'),(58,'PO','PO1000003','PRI','2','2023-05-24 10:05:08'),(59,'PO','PO1000003','PRI','2','2023-05-24 10:06:36'),(60,'GRN','GR1000010','ADD','2','2023-05-24 10:08:56'),(61,'GRN','GR1000010','PRI','2','2023-05-24 10:12:21'),(62,'GRN','GR1000010','AP','2','2023-05-24 10:12:37'),(63,'GRN','GR1000011','ADD','2','2023-05-25 21:53:06'),(64,'GRN','GR1000011','AP','2','2023-05-25 21:53:46');
/*!40000 ALTER TABLE `doc_trans` ENABLE KEYS */;
UNLOCK TABLES;

--
-- Table structure for table `eod_serial`
--

DROP TABLE IF EXISTS `eod_serial`;
/*!40101 SET @saved_cs_client     = @@character_set_client */;
/*!50503 SET character_set_client = utf8mb4 */;
CREATE TABLE `eod_serial` (
  `sales_date` date NOT NULL,
  `gross` decimal(20,1) DEFAULT NULL,
  `deductions` decimal(20,1) DEFAULT NULL,
  `tax` decimal(20,1) DEFAULT NULL,
  `net` decimal(20,1) DEFAULT NULL,
  `eod_time` datetime DEFAULT CURRENT_TIMESTAMP,
  `clerk_code` int DEFAULT NULL,
  PRIMARY KEY (`sales_date`),
  KEY `eod_serial_clerk_id_fk` (`clerk_code`),
  CONSTRAINT `eod_serial_clerk_id_fk` FOREIGN KEY (`clerk_code`) REFERENCES `clerk` (`id`)
) ENGINE=InnoDB DEFAULT CHARSET=utf8mb4 COLLATE=utf8mb4_0900_ai_ci;
/*!40101 SET character_set_client = @saved_cs_client */;

--
-- Dumping data for table `eod_serial`
--

LOCK TABLES `eod_serial` WRITE;
/*!40000 ALTER TABLE `eod_serial` DISABLE KEYS */;
/*!40000 ALTER TABLE `eod_serial` ENABLE KEYS */;
UNLOCK TABLES;

--
-- Table structure for table `err_code`
--

DROP TABLE IF EXISTS `err_code`;
/*!40101 SET @saved_cs_client     = @@character_set_client */;
/*!50503 SET character_set_client = utf8mb4 */;
CREATE TABLE `err_code` (
  `code` char(255) DEFAULT NULL COMMENT 'Error Code',
  `description` text COMMENT 'Error Description\n',
  UNIQUE KEY `err_code_code_uindex` (`code`)
) ENGINE=InnoDB DEFAULT CHARSET=utf8mb4 COLLATE=utf8mb4_0900_ai_ci;
/*!40101 SET character_set_client = @saved_cs_client */;

--
-- Dumping data for table `err_code`
--

LOCK TABLES `err_code` WRITE;
/*!40000 ALTER TABLE `err_code` DISABLE KEYS */;
/*!40000 ALTER TABLE `err_code` ENABLE KEYS */;
UNLOCK TABLES;

--
-- Table structure for table `evat_transactions`
--

DROP TABLE IF EXISTS `evat_transactions`;
/*!40101 SET @saved_cs_client     = @@character_set_client */;
/*!50503 SET character_set_client = utf8mb4 */;
CREATE TABLE `evat_transactions` (
  `billRef` char(255) NOT NULL,
  `ysdcid` text NOT NULL,
  `ysdcitems` int NOT NULL,
  `ysdcmrc` text NOT NULL,
  `ysdcmrctim` text NOT NULL,
  `ysdcrecnum` text NOT NULL,
  `ysdctime` text NOT NULL,
  `ysdcintdata` char(255) NOT NULL,
  `ysdcregsig` char(255) NOT NULL,
  `qr_code` text NOT NULL,
  UNIQUE KEY `billRef` (`billRef`),
  UNIQUE KEY `ysdcintdata` (`ysdcintdata`),
  UNIQUE KEY `ysdcregsig` (`ysdcregsig`)
) ENGINE=InnoDB DEFAULT CHARSET=utf8mb4 COLLATE=utf8mb4_0900_ai_ci;
/*!40101 SET character_set_client = @saved_cs_client */;

--
-- Dumping data for table `evat_transactions`
--

LOCK TABLES `evat_transactions` WRITE;
/*!40000 ALTER TABLE `evat_transactions` DISABLE KEYS */;
INSERT INTO `evat_transactions` VALUES ('0012301291001','VATES0000002',1,'VALG01SHO02','2023-09-14 02:54:49.18','1364/1364 NS ISH:1273','2023-09-14 02:54:49.0','XT6I-MOLN-4LIH-J7Z3-3FMP-5C3T-AE','IBH6-WH2T-RKAC-65B6','https://myghanatest.ebmgh.com/verification/searchBySignature.jsp?DATA=tfpZqAFwBon4Uf4R3Zj2VGbuqouU9SLxufLmSsWC9LuFqnrP/WwszMCY+t1HXFkbd0geYfmKIIuKtAQZubVjUuOAiVX6kBpYzIg3FtAAwphJjb6TIBayQs71H3x5l38nnYBEEenVEzadIHe9e/mvUTr+/6jIUUj3N43u/e4O5IKgN/iW1Ts3Ithba2WHQ3NAsWfqR72OXXP3gaTrCSQWeKoZT+gZx7F8oqZijMBoKcEH44LEodBQK/wpWixnq05Cb/DGQ8O2vAyeXgR59A19cVnHUiqgEQpKMshoN3dCIqU='),('001230129101','VATES0000002',1,'VALG01SHO02','2023-09-02 19:42:17.382','1300/1300 NS ISH:1209','2023-09-02 19:42:17.0','3MDQ-7J6Q-OJFA-JDAU-66I3-LKCD-VI','BAW6-E6XL-Z65L-BAEM','https://myghanatest.ebmgh.com/verification/searchBySignature.jsp?DATA=pI/yOSehJpWSWtENFG0PnmXNyvBRKYdH4w7ZKHojv26NaPjPneWYC7Y+V45ZGHTo518ihkA2k8Y+1tX/76bh2mapmuUSYcxHDHE90Nm3i2xfgKZldARWPPNuIQd7+q6uPXlE6mLNJ7mRd/dQ7AgZaBtgO1TAVK1BZzvzIUQDocG/g1dz3yV68YKnqXlRkA87wOSZhvwveJDOdFqe8gg7/GvG8bWXhtFglTXqVHmXPKg2Qq6hoj42qJDoHKgERN+issJNi4yD5dvaHMS966B4NH3+WROt+pvdEAelt0qJd8U='),('0012301291011','VATES0000002',1,'VALG01SHO02','2023-09-14 06:14:23.259','1365/1365 NS ISH:1274','2023-09-14 06:14:23.0','R3HX-6EOL-3DYN-ITXX-PLGX-66XN-BU','KL2V-4QSZ-VCS6-NSHS','https://myghanatest.ebmgh.com/verification/searchBySignature.jsp?DATA=XAfqUugOfDdrkhZFBdvfWQwDk2LDaaWzRBySi0TyhdiWZe+BKJ1bJy+MC13nkqK+GqHUE6/7cvt5muuruom0naHYUC5JBT2OrP3tGYw3W7v2SGnwSP8MzGPqvGQBalOSKXhv8xnwpA/5N6fPPDz6wj2CWcI4uFfeMcsUVEPxaptdQVzjpWPkQYiUZinZKiLwDySKLZPk9TmzXxrElTPioG1BGlqxPSNB/KZFtXpvGN8SI2U7G5T7hdnGOSe5EN6lBFYrQdPNbw+x7R9N+EC1wpD4yorqTS+XOLShvImbgjY='),('0012301291021','VATES0000002',1,'VALG01SHO02','2023-09-14 06:41:43.622','1366/1366 NR ISH:1274','2023-09-14 06:41:43.0','WDMVWZ2HEU65H467JVLW76W2IU','FKTTOR4276NXEAOH','https://myghanatest.ebmgh.com/verification/searchBySignature.jsp?DATA=WBITybkzBiOg42ZbyKJoc9RUOou4TsXGeowSAczmXZN7aUW0iHz8y1VAD9dB0yAtVjQt2qM+AIj/qtx8woZKQTV/mLa0ecQ6gPssQXzY8FMdnsf45Fr1o56VjYtMrofeBHvIX8cX6wxx3Y6w8BZ16rApNO6Wh21TYE+yYNtqZqhz2t1tNjicL1Jp57LzkMCcxLGk8uaiZSB055hxdORefUzlDC6vPYDDCX2Vk9rpZU82VR1B0hej29w2IUp21JY9SxR7kClPiFydKsHLNddHoQ=='),('0012301291031','VATES0000002',1,'VALG01SHO02','2023-09-14 07:02:30.414','1367/1367 NS ISH:1275','2023-09-14 07:02:30.0','I5PQ-LMDD-ECKJ-MGDC-3J2D-HJVV-4I','Z3J2-2CEQ-HWWK-T5IR','https://myghanatest.ebmgh.com/verification/searchBySignature.jsp?DATA=L1vmAjXgRk1Xcg/1Gigr0O2muLSiDSp3R30VhK1h3HJthLprMi3CMYSMGLuZVOEON2BBvgrR5OH9zt850r8Cal5PRdaxf0EcCvGh96lenSRd9JJhXO778WFXTKpjG3vy0qIp6cpiz+FxmRIzm6a2heHNjXeNKwKb39vQscmt+ZBFB8NKPym79oROcBOY7I+zxzOsC1VcR04P2hleDC0LGKZ/vwdQ5wTahjScoj6k91mF37j+M/ABB9WSWwGQQJDwCnf/ZFKjCrhdq4GtV3D05FGr1bIMZd2YRyF+T9CzRww='),('0012301291041','VATES0000002',1,'VALG01SHO02','2023-09-14 07:08:50.68','1368/1368 NS ISH:1276','2023-09-14 07:08:50.0','BZNI-ECKT-ZLLU-7TNC-NLPI-YZTI-MY','732U-4P7B-TWZR-TV7A','https://myghanatest.ebmgh.com/verification/searchBySignature.jsp?DATA=x7Hr20Cau0L7Pgxsj9Sk8+6pdWAGTW72BYfM/LDt0TgpJJkPnZadoJkhRUcqm0XFRpver0WaEtM5C8qo8OOKgAtLBs5hJbRUd+7uUd8xUUXVZWoMCnJfzIwsYDtc+jqpFZozBFoxQfTqrtmBezY7g8gDA5YHkU5XE073jXKMKR+GPA3nVJQvk8Dk9f/a52VB+/pSLZuMfJjQdLAoIqeNb+2vNGMweD1u1AtsOuBImxo5QFzbXfFN4LODXM/HttA33TfjBZj27+16hlHDbpqUii5GdUTw+UztQQ54H7JJ6Wc='),('0012301291051','VATES0000002',1,'VALG01SHO02','2023-09-14 07:11:12.948','1369/1369 NS ISH:1277','2023-09-14 07:11:13.0','NELB-5YWQ-K3LR-MQXB-EAQU-TVQE-3M','FVOX-C7HV-YZOJ-VDE4','https://myghanatest.ebmgh.com/verification/searchBySignature.jsp?DATA=/BGy4ljQErwhWhxmhnjES8fHsFo+WDq81EQqaEtQGWZisKzjXVQiKyYghpv/cTfSkELREA8h9aY1n0fIAi/pOS/Vh2zypVsf/P7LV1FT/QMsKzpAg5P3waPLHJCXKDWtKnbnvSTrTdNlKDleKN73PYfdT22R6vbD0AgXC8PFes3HFh7Ow7hppAGFki7b8secihoYc/zBWfH/S+Hi7Sh0EWXBLT4FUELiBBmq0Gt/42TeUTsvPZsMwm/iSPVf/8CQaZs8qkRCtMatviwNmDLz56sZJEdxZx38V6Z9PDMUfVc='),('0012301291061','VATES0000002',1,'VALG01SHO02','2023-09-14 07:19:29.909','1370/1370 NS ISH:1278','2023-09-14 07:19:29.0','Z6CZ-K7OG-DEDE-72LU-ER4V-QZE3-ME','WBCL-O4YC-UX5N-VPGC','https://myghanatest.ebmgh.com/verification/searchBySignature.jsp?DATA=tpvqqZGRWqgNMyiayipgQV+V3ecuL+V+EHtVr3f0ws8/+xGtHTTXs1FKZZdW7DOgBKZsiP+QzTEZB4pKYHc7gA4I6CIFZlV9o9Gm+BE26Q1CZGRwwfbDAfJzluFIiiLfSU2veNhiWcOIqs9oyv/fkqgDU0e6A83n0dSIpKB1nU05hNgH9tA3b16oEfUL5wJh8eTheO+VFfFuZtYMGLMhp0/WLyN3JT3DK+yI0plenBTiMTcwdUhVf1BHUsQt7u/1NOI2tGTYp54c7tkJRUrK7iALQIt/MXBh3ro4Lb/HVp8='),('0012301291071','VATES0000002',1,'VALG01SHO02','2023-09-14 07:20:27.935','1371/1371 NR ISH:1278','2023-09-14 07:20:27.0','J6ZKNFCUBYDERK5U42QGXC3MG4','UETXRWC2XJP4PSVF','https://myghanatest.ebmgh.com/verification/searchBySignature.jsp?DATA=9Pb9qXWptToSiGnvBTAif18IN9xllMhjKHkFi+YGFnH9QxRga+vd2zmgj4aaD94cRsbQoBneJqY4ZpdiVZw8WHe+NeM9pWSDcqiLJKG5Et3Rg2UP+6Y8kYbc9tCLJcPByoqO+Gme1s/lop8NoiMOjlfVws4WGNWi4hUYTjDk6vwZHpQ9QG6jm6gucSFJJBV9p3xg4SbqfTwiP+DjafoXrcwEPcL69OCtyXtMqoTqF/gMWcBwuFhXc37EvPdXiRJW5NSLNmB26z9Vn7t741eKCg=='),('0012301291081','VATES0000002',1,'VALG01SHO02','2023-09-15 19:36:59.366','1374/1374 NS ISH:1281','2023-09-15 19:36:59.0','NIAU-G5QB-FNCW-ICXJ-OBID-B7UR-HQ','GHO4-Y2XO-566Y-CMTV','https://myghanatest.ebmgh.com/verification/searchBySignature.jsp?DATA=c93UHjvAFP7iow3/U5qk4N+skCiz9sONK1l5YNHi3/D9qGqbzm4/8tT+Ii7YlqDSF07ccELTpTSKbO8jrJTkP4D3GaiF55Sj9HVltnBj9+EOKND/QP0nB7D61PBG3hG3hJv2ZR8KVyOjfmcmEhMP7/cEFC61RFK2PgkwGKuXhBgMxcVOPZcUmQQXSC+BkMf+OHw4ZMVFdXilWJB0qnscCF5CdexlhSvbt4fpF+S/dYO6E2zqFSOUF8k4YYgZGKqh1UFzfu1nyG3FoUz6e6IJ5avQcnbJHaPJjj1xNuf7eNU='),('0012301291091','VATES0000002',1,'VALG01SHO02','2023-09-15 19:51:01.031','1375/1375 NS ISH:1282','2023-09-15 19:51:01.0','3HWB-WB5L-BOHB-66TQ-5KWG-TMOJ-C4','AUGN-ZENW-RIZR-PKHH','https://myghanatest.ebmgh.com/verification/searchBySignature.jsp?DATA=jNngHwYxk5OkTvKVycQZ7/pZSzt2S1J54qQqXTSuVP3Qu6wYOe0TRjBL/ZiggUVYihwc0eH7KfmKxoOaFsBnoRnw8fRi060x4T+ryGUagO+woJmsBxWu+lIpZwmsax/US0sdYdWBxGXW5SsE9et7f+vZOqozF/pzjKhWKo7j/d1+uli0sAuG84CR38cuMKfeJPdOU+ssXMm9aNlidIMtyqRvBSyAm6HAd8AiCFVcoDxxrBBZr5GvaaHt4Oglu2PCxO++HP2QobMVHyOprJoryij07e+prdbfu/z40yIHZ0M='),('00123012911','VATES0000002',1,'VALG01SHO02','2023-09-02 09:24:33.096','1289/1289 NS ISH:1198','2023-09-02 09:24:33.0','EKYE-2MOU-SIHI-BIKH-HADF-6FKZ-RQ','PIJM-WSXH-A2PU-ZLLJ','https://myghanatest.ebmgh.com/verification/searchBySignature.jsp?DATA=s0ulFcXn7opBViwjNdsHCJ+3JeRcZi5aHDKUEIB3RuCEwtWRDqLrmkBdYzJkffMOdg2uYGf6Pez5KijOkKt8XgF496kVAopVwo1FxwDlRHT8AUYi60Ei9+H6ryXnh+pyBFuNdIKsd7IJlzp+F6TscC20g1ANKTJimRo4iVOlmscgEe+v3xshVVp26kRAR0sw1izDiCRM66AeTV0f7SwTZyW/YL4AVdGVmm/+Xhb9FCyNo7z4uPaxv8qUJ+znEnFENIL/qA9ifQTYGpY7B8H4bLoCa3JLGCKrPUxl3cIsuYg='),('0012301291101','VATES0000002',1,'VALG01SHO02','2023-09-15 19:52:19.947','1376/1376 NS ISH:1283','2023-09-15 19:52:20.0','MU3Z-QTFW-UKWQ-4N2Y-EIOP-K5JG-7M','ZZU6-W24K-ZRVM-WHP2','https://myghanatest.ebmgh.com/verification/searchBySignature.jsp?DATA=x5bmUk9ijyQD6UIyIPwQdj3MK3LLOZl+/vy4t0cDrZOSNMM5RtbvN1npt0INVePZNjwtRESrRgFeJNHlqtZW9eAAAdG3C9uoEhgH49la2yC65K6SqF86df/rjH55hBjzZt4dQqekXnhhjnGsdjFKGu3vYxib9s3wVsa97wl4p7geRWFDGMHJhgFsYewkaIaEqxeHRnWyJeJV3AxOjNMV4px7XWwz3GDfhyO+qwejnpxa8LDSicX/8SaBxGc/SZnKpcVD/nQ5b62cc3bXsX8ocJ6gJCX5CfQVMYdZScHd2js='),('001230129111','VATES0000002',1,'VALG01SHO02','2023-09-02 19:57:45.368','1301/1301 NS ISH:1210','2023-09-02 19:57:45.0','UQSV-DGOZ-PQKO-75WN-5YQS-FHOQ-NY','GC5Z-TNTX-VAIJ-EWMV','https://myghanatest.ebmgh.com/verification/searchBySignature.jsp?DATA=A3b2tF3tciKcSQri3UpU4GPW8BnCBQkM0Bp65MJlIJ7fLgZSfm5QAMzAGcfZgaPi8NS7dW0/D0hECPtNJE1KbQvhkrAJtjRDrvM03hLhgF09c5En96DTXwqC9iZ4+QiGCH02NKjWV9TuZ+2r2GjbBv0jNTcr4SmwESZrSKMax2EGLF+hXExHrdefEKKWNdMjqawySRqZ93eZvzoyXOZJNCdT+0d8+FoFgs+dVj6wf0J3nouXlnhsXWTwucaTEWCeLwsHj1IOICT4va3P4T+e45mxrWa0q1VWzu+BUJDfsVk='),('0012301291111','VATES0000002',1,'VALG01SHO02','2023-09-15 19:53:57.819','1377/1377 NS ISH:1284','2023-09-15 19:53:57.0','7VCY-JI5Y-NY4U-ZHFW-XBIE-7SRH-BI','XX6M-ELBE-UQTS-33GA','https://myghanatest.ebmgh.com/verification/searchBySignature.jsp?DATA=+BAih7PY4YXlodeL7cvLxeFmPhX0cVA9s9JYk3HagIRkQyfUzoRo4QnQwLaXBoxVl0rMgRH2isVn7dy5edv6hJySP9GzUHnnf6YMPO5SYHbG4UK0jZuu/ZOvDXaqMshh1S71wicsQrVTip0RYFmRRcLwdWLBE3iebcUimBakhSEFFi5VA6jhbPAZJ0xsW//knrHtVceZ4/jShQWaY1/GqzogbFAaEoilXvmyyHE1UypX+y2qhsy8hI1O9mbdRdAUxoUK2UotHRgOg/mUDHcIKuRQuaWR8JWPozBh35ULirs='),('0012301291121','VATES0000002',1,'VALG01SHO02','2023-09-15 19:55:35.553','1378/1378 NS ISH:1285','2023-09-15 19:55:35.0','AO4K-S63U-YG2S-SPNJ-V3ME-SDQR-YA','52D3-J6HX-2BQB-CQVH','https://myghanatest.ebmgh.com/verification/searchBySignature.jsp?DATA=ZjhsNFhJuuVcsO92gNQ9DyCvXBwc17/tO4Nzl2S0n6HeOdyK2jLm2p5llHUJV4ZhqCc7e1DMl18DHida2UEXvuIQfAbfC41+VPN/x8kPp9rOPGp5Ua2lgQ9KJWPIlEd1vZAWWMz+kw/V41lj8GfP3xtU91tabNYhd9ODO4q+fmc6sQisAZWG4v2pNFwgua5YvkfjbQ8ijfa4EUWWjx0GwNp2A019431ykojsSoQyH1IoSwyG7JGsxFwG8i0NpUzC9C3lvHlyGtkwEjXVKOnI5aHfPofUM7pXLYPn8ql/Jrg='),('0012301291131','VATES0000002',1,'VALG01SHO02','2023-09-15 19:57:21.13','1379/1379 NS ISH:1286','2023-09-15 19:57:21.0','RDOK-IK6R-2E2V-Z2HB-CWXW-IVHX-VQ','IVPV-33MT-NEFX-2MHP','https://myghanatest.ebmgh.com/verification/searchBySignature.jsp?DATA=wDtfW3YOM1gq5BDEBBH2XZ7/5nVJhU20OXTPNKWCdkpyX2iNeo0cLpPV/UUJFzAbxpCImb92WM9ovQaDgOW97APe9YrIJvlvTuCaFqIA7upmItcMpSiiEDe2/r44etzGLHvVq/VGjQ4q2CszNT8OEHVpbqjvFCWN78zo4qrQGeiN9z968o60Nn1nxdpLm1JX3P0TtUBzN1Mg72fppjC2gh7vMmWL0t97WrgrRbdF4QxBomTJ6XEg2Tkyqfr/98O82/5xNLd4cY+ttxQvnHBOfClVz+2CnZZTo3iZtC94urU='),('001230129121','VATES0000002',1,'VALG01SHO02','2023-09-02 20:05:42.285','1302/1302 NS ISH:1211','2023-09-02 20:05:42.0','KQE4-WLKX-IDTP-JIM2-KQ2V-Z3UT-YM','WTNN-LOFT-L4DB-VZRW','https://myghanatest.ebmgh.com/verification/searchBySignature.jsp?DATA=EsTbYKyrLbe2nb24hVlrN1sJNj8ZqhrBdOV9hQQbX4U6TOb3riED4Gcd+aR/TPwSqzWSMWytxB58Ok9+gv/aSBkAb/pP494fF7CvdTHyjm2PLMHZB01IFfK4cwDVaUYTKmdpY7+zCEcqghWo9erBCiXxi3eVokGCPy7eLr7Yj/zdCyQXEqto9b/W92WN6gJe33ykNmzdJ5949yTCrCR63NK60p5WcVmV8DCHV/zX7ezx9Y78QtXu70SsCN2i9JT2QCqF+o/DxwBuJKhB4qC4W4+oUnq1RrJ5eK22QvYk+SI='),('001230129131','VATES0000002',1,'VALG01SHO02','2023-09-02 20:17:42.216','1303/1303 NS ISH:1212','2023-09-02 20:17:42.0','ZW7E-JPET-WJ4O-EAXH-5DVZ-VNT4-2M','IA4D-X57N-YXLE-R5DA','https://myghanatest.ebmgh.com/verification/searchBySignature.jsp?DATA=vLBpC2ty+zes16iB+oXUi8fw9jD5t7A3aKUNm8sgXMHhcFaQYLkWAUG+wSS2+8QusavKitFt/0T4xr+ApcDPNT/5c9fZONymNodkkTMtklIot24a0tU4tD/QEQcH7CEHjk8n+612PYDoMDZ3adu+CqisIZFD36GsZkoTUSBScDPc/tmzKS2eH+kkFfKIGYNEvsJerzyvzdYAAMHb+lZbRFsBTKbIG9BAhQC9SaA2B/xi4Ew3Zy/MAjJWPmOV0lW9PoHD1I8aSz8EhbnbAXdWiQezDmWyNaOGGWHfYwo0W7Y='),('001230129141','VATES0000002',1,'VALG01SHO02','2023-09-02 20:18:25.382','1304/1304 NS ISH:1213','2023-09-02 20:18:25.0','F5XF-D6SD-4WJK-UVCX-EFA5-I3VJ-TA','TL6G-NYZ2-HNNH-S6NX','https://myghanatest.ebmgh.com/verification/searchBySignature.jsp?DATA=oirsHKSei8X/6hSBgN9g8rtRzDdcHQAsXMZYBhIoAEuVUtjUcT33r+TN3wInLwCYiKzn6yEFsAPG+RJKEOolaeoJtdUx60J163lSXlByGukmD7vqtu8nLQexYyuejEivc00zUpJkhmyykZ9dbORnRovDdTy60XLQR9vU3ji3B9qmMk32RKygQAAGu2Sarx63TOFCvs6mH99PqMlwgRFFveMnuTw5dIvSJFkBK9tdHqZ3u//g6o7/FQDPgCjHMCbZdywW4YISxZUQneDtVi/6sRbM0LvTz0E+KiMLZBNqnX0='),('001230129151','VATES0000002',1,'VALG01SHO02','2023-09-03 06:01:40.032','1305/1305 NS ISH:1214','2023-09-03 06:01:40.0','X5KV-XNDU-FIXX-XWAC-FIIQ-GZEN-ZA','AOUS-5LG3-NSJH-ZHNS','https://myghanatest.ebmgh.com/verification/searchBySignature.jsp?DATA=5o1AR9jRGgtYNLxv6iqEdyO0qxZYrO0MmE0GPdVF+koaEk59e2eVNJ+Rq20TLGORgz+5xJXeQBJ3aWV67rROkGEDPSfKQc1/VYThJlSkdGZjGB57QL+ZnAvj4E0OJXOWY65sPWCo98Eon0teBdEi/HTE5kxcO7JraiLALQmZtq4pSHUTubaqmOpq2e6JjHq7Vmb6marWMHv6Rd05ZYVUlbuwADJSkLZEtGyAbdoUVTcUvr3R6S7IoUA8nbKTQt5qN/sXsKt+Gjut8JkifLFT+65bQCRGbLZhBpn3sM9BYxQ='),('001230129161','VATES0000002',1,'VALG01SHO02','2023-09-03 12:00:52.319','1306/1306 NS ISH:1215','2023-09-03 12:00:52.0','3NAF-F4HR-ZRAQ-TJDM-QNBP-WEFD-24','RYA3-X35V-RXNP-ANYB','https://myghanatest.ebmgh.com/verification/searchBySignature.jsp?DATA=nI02U255K59eavgLpB6wajaCB53rPpj/Rby1g6SkHhx/2oEAgXNTXfQ6lNucxPaP+lkAzv3yn4Q5Vbptm/G+41VwLg+jkVngdiWN+8Y1gY/BQRlW7xXUca3EnhSu9AJ1Fa4J2YJxiTka9Ro31MptxmDXUxP40N8opHbY7xfIRfwszxLi/V1QZ0VQaPZung65m+uTU7+YStKw337IViqgpyWvttu3HJkiFl8rdbVvpSMHDiewgiUe7h9tLqUUwjEn4kJ2yErNbMihnyzex7gXi5hNg/WNHSIdxhYCAySXzlE='),('001230129171','VATES0000002',1,'VALG01SHO02','2023-09-03 12:09:23.226','1307/1307 NS ISH:1216','2023-09-03 12:09:23.0','AITS-E43V-QUG5-WOTQ-VW6K-RVHW-ZA','NAP7-BODC-DUIH-WJN3','https://myghanatest.ebmgh.com/verification/searchBySignature.jsp?DATA=kIeuaWzMp2wiOkPW86J/TCZl3BepO3qMCNer+Wky+bcA0ETDZ+l6mVC+t0LZDyDTbdkZi0MFB/brybmLD+J09LtLgUsA3Q/Jur6DL0Ep1av+U28kz4w6WM9EfmyfmOjhTpaUBqcw/zKH6dXRgsDbdayXgWvzbqEqMRdwVoWUyCcF3564SSgeC4nr7zPgXtjIxE0PfmUKKaxplPf8z7TaQZPHPAYqkIW/mhVqUsJRnb+1yJWGra1SYPM2HOW7PrB3um+q9HmuYZ6u79zlpQvDpLvmMBfYIS0QpFYOfoBWoRc='),('001230129181','VATES0000002',2,'VALG01SHO02','2023-09-03 12:10:35.85','1308/1308 NS ISH:1217','2023-09-03 12:10:36.0','J43I-TVMV-6QCG-TFQV-PCXG-GJFX-WQ','PFTD-DAXV-5VLB-T5OB','https://myghanatest.ebmgh.com/verification/searchBySignature.jsp?DATA=N+ED5sG+DHgb0mlVp7mxIQGhUI249qjPmP/y4orUR6ope2z4Nr4LPgDoL7+iqU1IRX+c1qF4dj1iEhijem9Na7qUZF7fVjb3FR2tcRB8/rf5aXSMaV16MhxQJEph/3kEouEPDJfLEiwU/FyyW5XDPaUEuMqgu0/crTFANYdhp4lyETs0i+HPgf3FJZQ4SakK4I7ohu4LBS0ZNQPDLbFqVV5eCOzbwdwQnsG2gYyZkFQBn+DYmI2FOHn8rKDCydrd0ZFOn/MOml+FyQw0PU2XMbXaj/StoxSx4FIxS8f4/1c='),('001230129191','VATES0000002',2,'VALG01SHO02','2023-09-03 12:42:53.787','1309/1309 NS ISH:1218','2023-09-03 12:42:53.0','TASS-2PH7-PXJP-XD46-XIL5-LLBZ-XQ','UINL-ALFU-7OQY-EDCW','https://myghanatest.ebmgh.com/verification/searchBySignature.jsp?DATA=0pUafY8Ep6Kw8ZD60vISl/10eumfVv53P4/c3w6mzU+adPN0md1+c3abgAjD8jEUXt7JP7L5xL9zGlaFnd4LiliWJVlGl1GzzrklT2INbzAY0OEKX7Rz3OCcazMHGDAodbogtvikJCLPRb6niIQUzonKLVkYlR0wSGQBjnMVJ6iG7S5PqErqb2evuECQaAEFQU2uqMtNz7iUQ0vY6WZ3MXH5r7yYQEgz2hvlME4P/5UkkRoVKthX4HaRMqCWY6A94nAmbdhvv4RjrIS8d8yKS6pOVbotKYEfNJxqBIQqg9A='),('001230129201','VATES0000002',1,'VALG01SHO02','2023-09-03 12:54:53.935','1310/1310 NS ISH:1219','2023-09-03 12:54:54.0','OZZY-RTFU-DKYI-NKOY-U7MH-VSG6-IE','UXG3-BABC-4HMN-HO5C','https://myghanatest.ebmgh.com/verification/searchBySignature.jsp?DATA=rnTNXgToWyF0ZI5FaoJCyYMKggJkodOojCyuDM560wAyZg6SZhTbaqevLNfBGr4TbEEkQSgYARLTw7o81sxdDRZ5ydC5nx8kgEdYyTD7yheUUvxMojbtz6ZXvymXhLGfO+lfo9pXiGWMGX137USJZsXGHJJSQMrBABHcS99+faahaZdymAC7DMRJ8GWhsc0Kwbarl2xU08zvUVQ0gvdxzT+Sdjkaj0HVvb/1zq9p23ygn1fXW9nmxXvPgjD0qvPXI9+oHDz5ak5XMAk8J3Gv/uy6KDA8sHizzfbtutb+aC8='),('00123012921','VATES0000002',1,'VALG01SHO02','2023-09-02 09:27:37.199','1290/1290 NS ISH:1199','2023-09-02 09:27:37.0','PZZP-RONA-UDUY-C6AF-CDXV-JNOM-Y4','ED6M-44VV-A3S3-PGCI','https://myghanatest.ebmgh.com/verification/searchBySignature.jsp?DATA=dUBWR2rEZaK57uzNqhF3jWCWTHF/xI1v3FkhQNR8UFDej4avpp7t9L23kPOtF3WJDEJdjP22k4zZ/35uyThmoXWMfO7UH306YfuN8h5v680a5PDMMPXuQl6bKw31uM/QkV5E9rFRXAGKfmAOG6LqFlyju0+1zFIn4cvE5L/00duiP5ahhDj93it5+Fbu8LveU40h74fZQ61wB0CG5CX8ktvV6XchQcySloQR2RX4iqn1napIF6Ajf0LbPFZOqiSx3XCHPMhDTXySKaRDVKX3xn8F6JWYb6d5gqjpneaefNM='),('001230129211','VATES0000002',1,'VALG01SHO02','2023-09-03 13:10:36.152','1311/1311 NS ISH:1220','2023-09-03 13:10:36.0','P4ZR-PRI3-3OVY-IL3T-PYJD-J7W4-EM','7K7R-H24J-RNOF-BU7A','https://myghanatest.ebmgh.com/verification/searchBySignature.jsp?DATA=6BI5Bfg1jTNnTGMgqmhkTWem6kh1RYwfom47FUHmFaMvXoRlN2n5a+5LZmHh0wNMFAfPTP3Q+JIR/I0KI1KEnvyG3wiu7GxwmKVMhQH7QRhzn/IxMv3ZbD74yn+HWDuMa9w43fjj/Caz78nZE2fkoofRVmOKDSMPg2Ccbt6vRM8bHkz7UMVDFqWBQ8kENBeqX3PdVVhLG2A4twc4oVjX4+JWMg5lEYrR0OTGgOhYj0jv4ozm/uWHmAEsHAC5yaabsQ7ucSenP7IRcSbtq8Y2YgrhvD/zpMDVAis7q0D2SXg='),('001230129221','VATES0000002',1,'VALG01SHO02','2023-09-03 13:16:23.495','1312/1312 NS ISH:1221','2023-09-03 13:16:23.0','F2SB-Q4AU-KXNF-UN3X-T3UU-IVPB-SQ','SKMU-BKPC-MH7V-RRLA','https://myghanatest.ebmgh.com/verification/searchBySignature.jsp?DATA=txXjrem9Uzk+yNTmbDBvDTjecX2dpQEmK+NolvLu6FDj/7XnnIfY+U+tz8DgqLuAnon9ERdAieEZqCprmZr8YtbImmukrQL2wQ+1q931r7eywptT8850NMB5ALaboQEYBXkm+9n1HqCfN5AvtqN5Q1YHcNkxhYI6Xa6AldMNXPnfPBoZrpwTvXScKBbZkFYJf1Vk5gKcYAm6Tv28KGopRdVFuhZ0rN+J0HFViVXabgt3SCUdXksT5w6C3iC7isjcOC45es28dT1ZOfhSLK1F8ENsimpDNZ/L9wiq0gsmI9E='),('001230129231','VATES0000002',1,'VALG01SHO02','2023-09-03 14:43:19.567','1313/1313 NS ISH:1222','2023-09-03 14:43:19.0','FPGF-TW2P-CERM-XL2Z-ZPZS-UEWT-DA','TXU2-OYNH-5SBQ-O3HL','https://myghanatest.ebmgh.com/verification/searchBySignature.jsp?DATA=f8gY4m0hr3KjGJejTfFuLVDBulOBYYGJd5CTglTL6nvjeCsBLv6eEEk+9yfqg0i9h7WWrrxl6LPRmpcRIjiwSCE2A2105nFiiD/s9VwSImDrRVDYLzTnV8NgWQVe2Et9kPjM49uiFE2RFyP9ZNdoLd6GizqioKGqVh0fQj+yO9C3r590g0/6VYJ5CtLjzAUbA61td4yjOv0ciU1Ox/2iFQNTQooPo9cXXItE5yEeV1j1HiX4iqE+j2pke63WdUbFIhIGyNitwb8xIA+G5aguL0QoUy2K2BdlA1DerlDlTdk='),('001230129241','VATES0000002',1,'VALG01SHO02','2023-09-03 14:47:35.499','1314/1314 NS ISH:1223','2023-09-03 14:47:35.0','TDUC-4FIO-2PFB-B26I-LGKY-GXBX-GA','PUXE-SS2Y-XY5Z-MHSM','https://myghanatest.ebmgh.com/verification/searchBySignature.jsp?DATA=mv+H0cHKe4XzDzUSsyoofaZsn6SV5o6jkMzxHHw+eiP6E2iwzL8pRF6CclD2R1TEmmSVN632/65/lvpSOeh0dzHf/s3C6fXc3vBelQcEqRhVOMKXNQIQke1M0L3yry6IPxAi57N3qzzts3JkPqSFTNKM8Ic5ivkTdMdRnWxdQEkRMOI76hV+xAKyoFeYdk1BXTEd+b9BU5Z5Ls+Tj2NH5BLptoiwAQxNd6v5HSdUvusfg2vDtNflTfhNP2He6YHfh0eugE5CvdNQkVr4T0Zu9c7UTpYtVKEUhZDcPqKpFeQ='),('001230129251','VATES0000002',1,'VALG01SHO02','2023-09-03 14:49:58.193','1315/1315 NS ISH:1224','2023-09-03 14:49:58.0','GFSS-LOKT-BWVG-X4MQ-P4PF-KTJJ-HI','564D-JUBG-V22Z-HEGS','https://myghanatest.ebmgh.com/verification/searchBySignature.jsp?DATA=iaJC+558BwjIQygGtW7RtmvcyBqLbJjMs22OES9b+S4oUo0c0NeMO+Yyhnx7rCpMcLUGq08Xj+8Uk6k7sgiotJu4awUH6aQU73t9giiHnnbYz4CY/5yX5Bsondhaq+Kf4tRaGBRyDO5zG1Z02EsUEImMca0XsU2UbSS+Ffd98lamfmXY0es8zs9bOZ0zosFMq6BfmHVN377Vs5EAds+rioIjZg9Dq/yc4l7oGm4fTxJcv8fY5hOv50c6uKUOoymmdKKnrV8jGG1LY8r3AHKqArqhhlk2rxRS5we9M/UJGMY='),('001230129261','VATES0000002',1,'VALG01SHO02','2023-09-03 14:51:09.651','1316/1316 NS ISH:1225','2023-09-03 14:51:09.0','KA6K-AV2G-K7GM-ZXXM-LHKW-ARWE-UA','GASH-HXF6-SYOI-HO7T','https://myghanatest.ebmgh.com/verification/searchBySignature.jsp?DATA=Rmsdk8hS61Aor6HkqRxushUCDJqAMjxtL6NyimafqRqb3aZRsK3BmSsTyeFKnJwm+BQJuV+SnAxdrMdHFHW2ADoiSo0iyKUg9jOcZ4yym3H/0yxXBhNzeBPaQB4UJnCiPOoEICaP/btfqsR8dsEPCwecFAcyUdtp6nJZbLboXOx35RKl10+3Hoxy5C7IsRJv3ghRSxCgszQLWiAEMgySKTiGaJ5lEPvLaG7ENqIw4WUV/Dh13y3lOxJyaL4Me4cq5gg+r0o3mWuZmhKvgu7Bg+HvFi/zR2z4JYSweDrWZ+Y='),('001230129271','VATES0000002',1,'VALG01SHO02','2023-09-03 14:52:58.823','1317/1317 NS ISH:1226','2023-09-03 14:52:58.0','DX6L-ORPO-XSXO-4TCR-QARG-ELKZ-GM','A6HY-XXYV-RRJA-2OSD','https://myghanatest.ebmgh.com/verification/searchBySignature.jsp?DATA=Yh8n5Fo0fuc9gs3ZUPM1ZpyE3PdH7XthxaprtWaSi2GCdkK0XMIzw1BtLJV9M+f/AASpekRZRjuUefFJ/a3Cmpgv+IZTWuNkSHVMSSJJagwCmZGG0cAAy5YSac+dA2WgwgRMArBDaXCo+fID0gfeabqeRzWtjRs7Q/R+dRPfxYXJfAHSMQYvv7csG834YV/ydQWZhMl7JCZD+f0PcLSlgqxAF7YluazmlYUXq96dR3WLoDMjAVhbRFvokNkfh6mFEQF2e9DqNPGpBJ+z7LXl8FmWcLTNBy337CznSNTV/r4='),('001230129281','VATES0000002',1,'VALG01SHO02','2023-09-03 14:53:48.058','1318/1318 NS ISH:1227','2023-09-03 14:53:48.0','7CMS-4YYF-L4KX-5I24-AXYK-LT56-SE','I7ON-7RDQ-5WEZ-5NIU','https://myghanatest.ebmgh.com/verification/searchBySignature.jsp?DATA=jUqUJwlTRLcbHKgqTbDc5jdHPrVUNAN11dlmXlF2edTSF/H3ae2o8YL26djCP9/2iGmUgAOS3lRHnwg90Q1kZZAUM/7jWO9wIuOmK+BhE6EEIFqDi3r6XIoT2hekw+2XwM4gPLFRlgIcBMw+nmr3YNM2/7v9E+yZ334P0F33lITMD0Qbk0kNMjYsE30QL9CzfWO+TAsizEFdztjD7DD8wSi8Qz/g4Mj8XfJhu2AbsJZ9uUKUcgW5mN/C5KyEqJtpXxWQXs0iX4GudkQW7Q5NQ71QAiKB+IWM0YaGp4mFe94='),('001230129291','VATES0000002',1,'VALG01SHO02','2023-09-03 15:00:21.934','1319/1319 NS ISH:1228','2023-09-03 15:00:22.0','KNLM-UXD2-3U5X-P5JH-XQQA-MHWC-OU','RBW2-UX5M-6LGM-LLAV','https://myghanatest.ebmgh.com/verification/searchBySignature.jsp?DATA=KCT67iNU/8Tu1ETD/7Ga5dWdkp6HMGUo7QYTJeXrYpJG/yPbLoriY9PQ5MZ4oRVZwGqQDiUif4otpIbj3U+CXaI+n4xtI+W3XrZ+UAigp4U2JPK+raXPCw2KeUzvTZ3K69NJxANMPDt3fV5t9gUXo7LJM4ytYNny5EitHtxoh20iPNusy7kSUb8+iBui+F1+8g/Nrzz4yXlv0xiq4sTsaPRuRT3L6SY2nQA0oTUTapf1AaOVtrXDgO2mXDpnDWZlQvVx/xVCOEv6AMNewqLukbMbtzeS+9r6UTaV5MDE7V0='),('001230129301','VATES0000002',1,'VALG01SHO02','2023-09-03 15:04:30.567','1320/1320 NS ISH:1229','2023-09-03 15:04:30.0','4YGB-GN5Z-XDNL-XMGS-KSRW-Y3RF-3Y','M2NN-CV3K-3PLR-QDIW','https://myghanatest.ebmgh.com/verification/searchBySignature.jsp?DATA=Bu9xgx+F1EFiG+nvhFCnFnXEB7EqCMkaxTrua55Ch6hq26O22zds2vrCuixTDQo/Ep21IMGRieNP4xS8RdPRMN89ImcNDX5GGpy4Q/Ts28rZ/rDwB2TcODnF1eUWpR9nVJhnm4IxJiD/WBjQePDE3z3weropE0b8P0HljLhqgE0i55EHJmC2MSdl308TcU1zGlp9YFzbQ+12bawU4Q2P0Ajjp69E2JSGsgI/hO1WOtstXgXqAyO25yiKZrQ8+ZwKpmvsBv8kWBmBF16jp6XFgNrfmFOkU+Ywib5gADda0lw='),('00123012931','VATES0000002',1,'VALG01SHO02','2023-09-02 09:31:15.618','1291/1291 NS ISH:1200','2023-09-02 09:31:15.0','IG7S-23VP-OGHR-KSB3-UQJ4-OADO-2U','R5PB-QZPO-OCZN-MBXF','https://myghanatest.ebmgh.com/verification/searchBySignature.jsp?DATA=l+XlB/ir1Vvj1qiL0WVyeIUyOhuOJBK9rIO4vmxDw4kG2V4nvAou4fjrPF9/I/1//XG0mLvCz9RKh2Dp+GM0ZrKPG/BsXMDiLasyd6MVj7kdCtFPERsX5d0mDNEA30qcLbsEBJuBCTHXYDzvmGlM0oZf1GojdOrfqxo0LrG0tl21uSeg8t0zuUv6K2p+qZC8uAxkGwZgcqcFM/vfD0M17gycxxFwxAERPJhxUHloabLL8vql3SxIaLie/WHczTVJ7ADTdcjcgoGfTt0NF9UGmzRUXcbZnPJqZWmpQ26PmiE='),('001230129311','VATES0000002',1,'VALG01SHO02','2023-09-03 15:08:02.549','1321/1321 NS ISH:1230','2023-09-03 15:08:02.0','L2UD-PCFW-KTAS-FI7U-UW36-7LDW-NE','RICJ-I3LY-G5BF-62TT','https://myghanatest.ebmgh.com/verification/searchBySignature.jsp?DATA=6YWeHQJL0V7V/NXsUICBHlUvjvPfC7Aw70E8kdAdnu1f3m8iIswmDVUt/hrzH3sRjgyQiHCEGPY27d1gRDICVzPAJD/K/eF4hR3R7FLkrgmEwOMQIlefMDeWFULNE2xQnJvt1lIvp+R3TL32yNhntoFc3chZ5qi2zd1eACTcJZkA+fzeOKRWSpi7xSKhlQyhzn/PvY2h3ZalkVTAPr0aM6hBQT+Q/ZsdrXz8R7cx12zNocKQp2Gp/saOgDnHtCe92NB7exUHWYYhcLdrq4jc/0agSYrvvMjiGaOO7qTOefY='),('001230129321','VATES0000002',1,'VALG01SHO02','2023-09-03 15:08:55.227','1322/1322 NS ISH:1231','2023-09-03 15:08:55.0','TIQW-3WCH-IEMU-MHKT-AX4Y-BROF-6E','7HQK-PZN5-ZYU4-SCVX','https://myghanatest.ebmgh.com/verification/searchBySignature.jsp?DATA=gkyvU+OyGMjt6jqnYhdfUJcxMiGz1gWQeilORDqtj2k+bHMfSJZqTqAhhdfTDAEmfnzPwkafKy2S/A3ljj0AHnQvhIXwQR6pMP74kBFK/hAJpzjkYBzqOeg+9em2k2f3X8ReKGGqHLmp6Tmfnrh59fmLhoBZHdIEkym8ItYmbOcXcFgT+D50DmsEx6vyFaHQClGqJdWyP6zJmjZ+Uu5hnfVyE0OqF/ZhZxQ1QYy7D3LRsFX5GGm2pfK6xQj7MVbCgFRHNZg3O5+oM3Y9OfPRpd9EL8k2b9UWCt5qHMHRPd8='),('001230129331','VATES0000002',1,'VALG01SHO02','2023-09-03 15:19:42.0','1323/1323 NS ISH:1232','2023-09-03 15:19:42.0','SNJ7-MDP7-RJ3C-ILBB-UQI3-KB4P-24','JIGN-SS36-OUUR-AVIJ','https://myghanatest.ebmgh.com/verification/searchBySignature.jsp?DATA=SeUiPgKwiuImCypC4u0gICMcKfegZKlSSPwQeDnsP820rLjzSTlWSjbubPsps9EHPWxB39TB4UEsJgIF2OBkVDb5OBaC9+egrAAdqlHSqBeg7In/nKwSvyG6rACqlOozLEvEsj8vKlasz3hxhXVRl6KVLQm2nMboxTl5MPEutjO0FzuCbx3p5JTZHLjAsGb+zwJIGQ2fe0w8sr9iwD1BeWjK4BDKcF4PL0/aShd676Jg5Sg+08zeZihPMXWf8x63vuZt5D4Gfrl/aw/buhr74lxJ9/ABFfNZUmdtcSMxxc8='),('001230129341','VATES0000002',1,'VALG01SHO02','2023-09-03 15:20:43.236','1324/1324 NS ISH:1233','2023-09-03 15:20:43.0','BBTH-UEXR-DHWL-3YGX-BZWA-S4E3-QA','L66K-RTOK-RYZ6-66J3','https://myghanatest.ebmgh.com/verification/searchBySignature.jsp?DATA=b/4WlNRYcsP3bjVfAf4jPOx1cAvaaKcza/lazLvlt3ci8ZN4pHAgCj6bD8ubgr2DkuKv1jOGo5UeMUN/ppG7YzhP1komSe5oHvOT7NspDboD+ErI3u6slyyw5Fya6q8AE0neLwafiAYy0nPDMGIU4sd6Kgks3ypeT5ZWna3nw/3IBY31vkRuT3PCVeC5jQy4MzNtj252mPZYrL6iYpQVjWHc0vO5iXzCHMRlidVM085UxTFpZtDIZUX0FKOSGY5tqDqh/poYREMNptiKgwB3/l46V/3A2UMuwLjLPWRXwmg='),('001230129351','VATES0000002',1,'VALG01SHO02','2023-09-03 15:21:15.179','1325/1325 NS ISH:1234','2023-09-03 15:21:15.0','U75R-2FAC-PHYD-QNLJ-5QHG-IWFM-AM','2SFE-4WCH-7OFW-34B3','https://myghanatest.ebmgh.com/verification/searchBySignature.jsp?DATA=d9xEKkSbokjNkovKDae8tO78llmGAvr/I3294Yl8Fmz9uhCEl+w8QQzw9R5QdXmh+LAzzcpeP6m5BH0m6CVafYONWVhk03E/GVvpvsjmGEGb1N75e78jZgojWUjgigiDHGw+f2agkcnMQS/fKx823B2HpE0OjBIVhASF9ptX55Q3Iy1T7+9KkF/0jKVNX/uCjL2NZE88TLo80zjogI+3cXUmVzE8LhtxJYbvHLAJ/bQuxgd3MLsHAClhe1ToCW+L/1YjZMMpPJ2NSeBNtXVJBHmZXC1ukw6t9NUOYWZ+uC0='),('001230129361','VATES0000002',1,'VALG01SHO02','2023-09-03 15:23:20.369','1326/1326 NS ISH:1235','2023-09-03 15:23:20.0','I243-XVM7-B23C-D5L5-RXBU-G5QN-QM','W52C-74JH-CN3X-MWWO','https://myghanatest.ebmgh.com/verification/searchBySignature.jsp?DATA=smEAKih16TmYzpjkA1MZJCXlwy8NYy8lqy6WnS9+w5cRIJd+Rb5HmlXMlcM9zk9/LKVyvpxV3Vt2sMS6/e9j30AmOl2IGIZWnz9RmarBhVziawxR7YmBeT5gzX+qdkFhaNow8gcb5/g0OWR5LzOe8jFwQFVQErcVLLMustGMko94aNFwcAiR3N+f+zdWnO/0fN6HY9P1veQIdFQ6n/7w6KN7hJaEyjAgjwSWgqMLQAknm10VkjUj6YQ3IEMTLiqFyuUAXBid3B6f5k4QIw6HdaoQOwJ0RUl6YJi5kLt53Hg='),('001230129371','VATES0000002',1,'VALG01SHO02','2023-09-03 15:24:11.993','1327/1327 NS ISH:1236','2023-09-03 15:24:12.0','5QS4-CONJ-DISR-OUPZ-AKEB-JAFX-GU','WYXU-TILW-J6E7-DSAY','https://myghanatest.ebmgh.com/verification/searchBySignature.jsp?DATA=nsRzQa3IWkh146yxdPf+o/bHgTaYwoo03x4KiWmk11kcz7MOxQ8QpBdviMmQ+t4oO7O3dowFNm6fL5+td2yA0kr6WVEyo6j16mavFOlDlAxm0d9RZystz//DBJTkPsAyQC9M1CDk0Np+amMHjl4vhRTxiaix8TO7UK908KU0pVJwvBNfFhCKiYftrkn5hxELweCGkJyziudPZe9C5TmOM9G0fuKnsVXZun+fXFRXhvdIBc37NeKhnO1vRD/AqNgSCa9vwFu7R5dTASxiaFXej8jgfLrtfmcxbhkeCDFUv4A='),('001230129381','VATES0000002',1,'VALG01SHO02','2023-09-03 15:25:02.188','1328/1328 NS ISH:1237','2023-09-03 15:25:02.0','NPYK-HXHS-U6I5-BY4O-REY2-TYS5-SA','OWLQ-CNNC-QERI-BUGH','https://myghanatest.ebmgh.com/verification/searchBySignature.jsp?DATA=fU2p+gI9NFEOq55NFmir5JU1vIFL/qDFK7mGeszc5OlNytJiKvFtTxvt/DOiKyCwZSkXtmWYZWgppgoKlnFXPPdagdDx7mYhBnVH4sApKkIxucME8BmoGu4d8yUw35GDqLblgrzLmuKomdPZmDd3iOfKDCQJ8ZK6MIM2aFnCOIAZMm7I/vnBV5xgIUGXFBWqcDHYyR/j+epAxEX1R5FudQPlBhBxltWgieuDB7XS7wFkPR0AaQ16kAmZ0qJugWqRENd0T7VwicAfy5I5Pz6uev/dF6iUrQYc7ECdZE/0NTw='),('001230129391','VATES0000002',1,'VALG01SHO02','2023-09-03 15:25:45.52','1329/1329 NS ISH:1238','2023-09-03 15:25:45.0','VZKI-K7PK-UCCP-2PEV-K3WD-UC32-PU','VID3-FBFV-5VXB-6BVJ','https://myghanatest.ebmgh.com/verification/searchBySignature.jsp?DATA=epIQ0s6eE2ytcLepfR4sV5YCcwr4AVJCfvQXIRTciLpQQQTq001hwXF7QQEWH0+9y9Uyo4ifOv6WRU9cSPq7/kX9l5+DiMmBKeBstqGiWjGceIG+C1VvDX7MQdn2Vvycpj17arQ6XQDvF/v8iybyQN6fgYhiL6tWNeFVwdaT2Q7DCRHCGoPE/i8gTSSX4V77ghzkoINCnPAbg6YG/sHrP3tMZBrEPMQ12RoB/pQ+/Q5+Oubz4xtbhegO6B5KCXpNhawmOkJASBV9xBm3Jrhmk9OKW/um8iOiSrPCFX+zigY='),('001230129401','VATES0000002',1,'VALG01SHO02','2023-09-03 15:26:33.679','1330/1330 NS ISH:1239','2023-09-03 15:26:33.0','NRHQ-JWSU-TGZ6-DGQI-D6UL-FACD-PE','IBXA-M7IA-UTQV-42BV','https://myghanatest.ebmgh.com/verification/searchBySignature.jsp?DATA=Qm53o1p4N8OOplvvAnjsN9KKV/sf0dPxQn1fyNyLmE47FI9qIy5d9AExtjRC2hRspFu6A0+ArjK7/D6lryHWPZut/ynNyldjj36MxYegrd7uD4kJPWZhmKqNDxHCehJbWJKz2lc4M0AfU+sIuS6aenj+Q+pKxhkhoXSFfobYitvG7SDW9o6k6nPRZt8rDzDTD1Eb2nCMyx8+WkE5TccNex1Srsji0CNi419M6VdnZpmSoh3yBhzDgNozKmR19w2VNSkBZwdODcLc2M+fhH0lPOFrIvIVSj2jDzNsqqpAJ6s='),('00123012941','VATES0000002',1,'VALG01SHO02','2023-09-02 09:34:27.078','1292/1292 NS ISH:1201','2023-09-02 09:34:27.0','KD43-FDRJ-N7LB-LKAT-OYNM-JXBU-BE','ND4G-Z7Q6-U3SN-5URX','https://myghanatest.ebmgh.com/verification/searchBySignature.jsp?DATA=xaQpFsOhQTGdNZcMjT3ysRcdjDlXr+JlOYfxeht9bo3rpjy71ZSFlRYQSHBgRtES+NsSJGr1O7tacbnjTm2wvWjpz1gUrmi/0cnWlyrTkqZBsStQcH9AmQ1HU4Fdq2zU7ZSNcYZXHPCDRI+ObIT/6rvK4KTzZcZ9jZ/Rm0EH9t2Sw/UrARXVoO0JQwD/dPIWGcSRKZRZsX+4OcQRN+hSotfN0eixoi7Z1fnSNESjxuXRGCCYU7eJ5bqsAsoLenN0GQ4CZhdPfl/KifiQrT/AbYUYSWRs5ZR45Astes9YoK8='),('001230129411','VATES0000002',1,'VALG01SHO02','2023-09-03 15:30:55.068','1331/1331 NS ISH:1240','2023-09-03 15:30:55.0','64IK-P4ID-O2AL-ZB4J-GJLM-RSLH-PQ','B464-S5TY-UG47-22GS','https://myghanatest.ebmgh.com/verification/searchBySignature.jsp?DATA=04uIsh2xeZBQzt7btHDcJ1zh2RHrIlWNeS6sFBmnXLMIilB6UBZjg02QXYZGuPIR2eKZwI65RceR8w2AWoSUrvLLQ8DXMkG+SN74kB6sQELuJ59LhzE/ci7nFmHGnp+U27gvUjm4Pfmvp7l0pfE1F1y3Wu/kI+ZwFd1kgG27hdH+Ad3NU0Kal2U3+BwfYzVal1czzpeXGS7eF6JzBMbCq/vWxQXAaReIuu+grdmNH+akO1McT9iijupPEItWOKyAE3BvfdPCTcp0DZXviYtBaI/CmUVqTJQwKGbCl8Dq7dU='),('001230129421','VATES0000002',1,'VALG01SHO02','2023-09-03 15:31:54.55','1332/1332 NS ISH:1241','2023-09-03 15:31:54.0','2AUD-XRCI-7UD5-JBXV-WT5J-7QY7-PY','33IA-VIW5-N2NV-M64T','https://myghanatest.ebmgh.com/verification/searchBySignature.jsp?DATA=5xpucj6Mx5BlbhrRRX8wDYu+aGGVyc7IAowj3LenyGMMNDiN+II+bBB7o566Q6WS+L129Z7bs901xgNusXlpXA+WQYYx3x+qbptTzw9nehb04eNh5+XFMRQcxFCgV861r0Foi6wDIYQYg26sOo+WsDKbCDi1uwSq8MFzqLPhwbr2lVrsLYBzkSEjgHP7pE5rpD5SQ5PnrhY1QGox1kZDGRhpzTEKWUEvkhnM7OpGiTmJGyEohY45d+ns/QEOKBVmSYCJsimrzmfcO7yp0FX4+roiwGEjJ8a8F2EDtKTDIh0='),('001230129431','VATES0000002',1,'VALG01SHO02','2023-09-03 15:33:45.559','1333/1333 NS ISH:1242','2023-09-03 15:33:45.0','LUVG-HHUT-YITQ-7PIS-5ASA-RDMB-JY','CZOA-KARU-WTFD-NHSS','https://myghanatest.ebmgh.com/verification/searchBySignature.jsp?DATA=Mw54OuNCpPX4jv1nXUVhDDQnuKQgJTNdmh1JrQaZcREVJoSAD7JWNhJVTqhEMsSlxSbZu4+fOEUbBL+m22ZaaQ+A0rVfALNH6RTelAS4X/fg+kfx9zshMbJ/HfFaJ0C3XzYSy9WnR90sCKjaal6T2SoV3hBwJltPdIa528ewu4UcKZb7Eh0ykcumAPbXb0ovzaArHZbmCYIgGsTsaRiaRbHbhhoRu5IUg1BieiSNiubojsVg3PTk+ivv4G/jDmWamwNMOLnksa2+Li8KSWntgFp4nCOfJFFQAhVN+Q4Opi4='),('001230129441','VATES0000002',1,'VALG01SHO02','2023-09-03 15:35:44.24','1334/1334 NS ISH:1243','2023-09-03 15:35:44.0','NIDR-AUPY-F4LS-3KJ5-ROMN-YDMS-OU','NRP2-U3XY-WB4Q-JICD','https://myghanatest.ebmgh.com/verification/searchBySignature.jsp?DATA=oI/Nr1HmJGIKGqnsIom/yO6IrQQjxLfzxWUOD9ZcMjvHlPtQYeH9riTjw+Dwzv5Dmjfun8vTS5GXIUmCo5M4Ewm0IPePiyz4GeEvBNWENjxzhvWZfIwhIMIKtckb6X17wredj/ORcMXYd2fYBd08bnHF1V+VQLjmQAvFmHPJOirJ4XVo5HNb0uQk+TNZuB9q9ois1rgxqAt7ABfU0tr5BmW8BgLTNlet3wRvm7ApmK/ISpk7yoCCKUXvhxbPUzP4O6wHmmiwqv6xWn08wMtltkLj4yWhSAJ99b2PVJRmD4o='),('001230129451','VATES0000002',1,'VALG01SHO02','2023-09-05 04:12:31.918','1336/1336 NS ISH:1245','2023-09-05 04:12:32.0','64FF-M3DV-O5JJ-3BRS-QEJ6-JKKJ-AU','DCFO-V5IF-E4PN-TGEY','https://myghanatest.ebmgh.com/verification/searchBySignature.jsp?DATA=6NE8kkf1dwFsxGPujllVK1lGrOy3mJqH5m6MGW+s30HR6dVKRE+RrBTPwyzIY7/ZfbaHrXmRjnK8rXoS2d7L/hLKC2EwTyzxskxUECjAytQyS7Y1pNkFglQtPu3DNX8qN2iM2WUV2RQ2IGBClx/3bec73oygWTWgIVhsIXlQMzusFmPichhG0DILkndXze/TsNoAYaqkDMuF8Pe3867Weu5/M6SrU6THgrC3VDtm5wsfBrpQVHV1qnR3tsgmTicJxxystdIX7oaa9kp5eHjK94LAzYW5gF2mcllKbvSnBVE='),('001230129461','VATES0000002',1,'VALG01SHO02','2023-09-05 04:18:48.262','1337/1337 NS ISH:1246','2023-09-05 04:18:48.0','3MHA-IOKX-HET2-FE7A-Z2HR-5GMN-ZE','OSVL-CRUB-MWQY-QDCH','https://myghanatest.ebmgh.com/verification/searchBySignature.jsp?DATA=YFWB4fKepXnSZcLDSmlcFqbIDTONZXB+JB2tfPpbeJmyUu3RDBorjcnq+HG+jKKUGyhR8GpKcRgOuJ04Vl66hOcC1Z3jD/UX9gr6SQOpIkB7GdzOISkmXLDCr6RhvQzj/weBjmL9TtzwgGlo1+dVdPW33RxoOKfAuHejgCih/hitj+19fhbjqpMWLeIRupQiooAm4w5QsDWXwYu7pjZERzXFzI/1e0Kc+O9qV35PA2njkopXfUnPQYXTG+5cvWyEaStno/aKdAT4fONKRcytRiCZecPt8sLHXTfQUMrKdmY='),('001230129471','VATES0000002',1,'VALG01SHO02','2023-09-05 04:35:14.651','1338/1338 NS ISH:1247','2023-09-05 04:35:14.0','GZ4B-65KN-65XG-NUNQ-2QXM-NAPJ-EM','4BOB-LA34-WV76-ZDL5','https://myghanatest.ebmgh.com/verification/searchBySignature.jsp?DATA=uMBVgYPq45gVQdMEV5Vso0hkPZXY03pTAo4xE2/KUnC3fGgtyGfaDZdSyVf3sAf4JHG/A443ufoCMZJgCBtdkkdPxRWUZphI4CenYmkVtOVYuupYhYUWftm01dLeeBakWt4iYI5PYwYtvuQ0zI2eU64SG55iAXnqS5QtAh4+x16UHf08LSvbDf6OY9pLP1MzmNMD99O9a9bKtMIZVGsrKhcnUFR57QLuNPU6WmvZvIlnKrjy+e4askOmTFu1AWoX8fKHfdvym4sqReroGR3gLAxjgIF2no58ZDF2TmFcvYw='),('001230129481','VATES0000002',1,'VALG01SHO02','2023-09-05 04:51:47.875','1339/1339 NS ISH:1248','2023-09-05 04:51:48.0','ESVX-IXCG-BNKO-6NN6-YLWY-FIWN-PM','4OEL-SRS7-HME4-LOYQ','https://myghanatest.ebmgh.com/verification/searchBySignature.jsp?DATA=vVeqLClzXK3iul8Q8wSuvq/JEql7Jhj1zchplTUIONCuOGDcvVif5ZM6eU1YSyl8KD0RVudEdCHjkpH/Z0Grxq8J5+5znej4jCKP/GkaetdP4ODU1HR0qsOsL73ZuRqUeQp/Ojyza0eBLzGO62/lPEDB15gANZDYxo2ahNqdG1gloVExxNtcI2RK4uCalSC1p2dnJ90lyKc9U8+HGxNZeDrw1wmlPjsNPHyev2paG//eIJ26t8NUz2TMdpsUh2VrKkU+I4q0iUCkgBOLV2qR9zub3kDZI1bX3vn2yOi4nTQ='),('001230129491','VATES0000002',2,'VALG01SHO02','2023-09-05 05:32:15.885','1340/1340 NS ISH:1249','2023-09-05 05:32:16.0','VFUD-VM3Z-BL4A-BX4Y-KR6L-TRAC-PI','4IPB-FKUP-2JZX-PHYC','https://myghanatest.ebmgh.com/verification/searchBySignature.jsp?DATA=/PEEDDiY+GHrAhA/CyCHKN4irnnFq8nMu75t7HS6P0R0KP5RZkOBnnOCm31y0DCbVzSZ0BKH6Gi3n1WpqgxfZc85K95dG6tNdgNTHGL18IH6fGzm2vj6mhh1oylwl7UOm3GlFHOotrVK6r4vUbrkx8wqdXwYk1jhW0JnL2hCd5HwphEWysBvu/EYomPQP3Munc4ZhXdCSSln0FwlXI7o+VfCQtb1e/5tfuaGOBgk98cBszNOeLzGHHgmWRARGgH9'),('001230129501','VATES0000002',1,'VALG01SHO02','2023-09-05 05:39:59.752','1341/1341 NS ISH:1250','2023-09-05 05:39:59.0','QOMA-5M4X-QYLO-VG2Q-NX7C-ZCRP-KU','LVZ3-WC2M-AIYM-MFIC','https://myghanatest.ebmgh.com/verification/searchBySignature.jsp?DATA=pbRoiVQzHY+iQq2OPLiuLd5lbn4fnHbufQvC9s5O6GQtur1hY2NjCxH/I4j8f1r9D00/He++9pRfX8ueJ9ZcBx12DEX0zxKt3PUas4d/MYgCVaoiHMPYvezIm4N4YMYsznJw0G6de1D04fAZCAuRwHzOpj3tThmwGZ/oqKPpqeXPGfHOWzw6Xd/HLhF4d46kLLFvDubVnlCc9LQo5ljrnb7fCa4hDJi7XKknVt9VTtpwqe1spDzjY9Pc51mzPmVhltESMB877xuT+77TdlbwN0kuXoduaUb7Pn7X8wwZr4c='),('00123012951','VATES0000002',1,'VALG01SHO02','2023-09-02 15:09:28.735','1295/1295 NS ISH:1204','2023-09-02 15:09:28.0','4QXV-P4GU-44RF-QBBK-CVD2-WFXY-TM','G6C4-JQ6C-E2UV-PKLO','https://myghanatest.ebmgh.com/verification/searchBySignature.jsp?DATA=kz0TzqUi0dvkfv1r2GJvW4vit2vTCo4JKFwz4DsrVUMmNWnfpHVnwJqN7//w+NH1E2b2+E18Z4sgHSr/fJyMh9hD30ojYd9VTfr4O7UW1tAaqAX5KNYZBDc8Y1jTZRv+UdmohpRpkZ9d9pN8SFAogu3uoJoQntOuu22q3yJHfbsc1SVS9HL7Zx4xKwD3LE1Vf7ciiXD+7gABo8uKG4vHm7H3qoG1Re1xnUGZQBudC2Z261jFrh76NYm7IbbIA8lt3xUb4y/NCXwn01Agq57o6AyoSHrhKgUjWhSZxYWf19Y='),('001230129511','VATES0000002',3,'VALG01SHO02','2023-09-05 05:41:06.201','1342/1342 NS ISH:1251','2023-09-05 05:41:06.0','2SRT-6AQF-3XV5-GGMF-HNOS-SCI7-YI','MQII-2TMX-2K6E-OSII','https://myghanatest.ebmgh.com/verification/searchBySignature.jsp?DATA=vCDNuKjEKaW/TfSFPO6YgHbduRO12w4zg7QpJP3IsRCqquomS8FR0seGpGXG0nrrw9/qhV8BmY4tO23B+KX0i8K6pLZWMDY4uA49+F2C4aphDi4qXNqjP/YfGBektJhM+jADu2Y25hSLXOIVOlRKocJ1d5NRniH7TDBXOs3VE3/gx9tFX/az+d1jjrIMzl5vufHr9iXVt1I4to49/+7qOAQ3m0YtUrvYH7sq+tlxsPKGAfbiycqerImHFOYYdmh3'),('00123012961','VATES0000002',1,'VALG01SHO02','2023-09-02 18:23:31.572','1296/1296 NS ISH:1205','2023-09-02 18:23:31.0','4GCL-MVG7-MDYO-NP3W-RAVF-CR6U-OY','Z5HY-D5R5-KQ5R-XCUL','https://myghanatest.ebmgh.com/verification/searchBySignature.jsp?DATA=EPO0tqCHWNWAmYk70Or0N9sMGrx0rj8AWoJaBg9KQCamphHqTQqJxrI8MfL3+Gy0f440g0bAFSXsGYqRRpAqIP8Zq494KQ759q8VDbYECHIZpAr29SRS1CYBNPjAWRaFTWdLAWYflG/qaRnJBm1k7Mlp6kl5DJfIjJeunuQ5Mri0VBFtnPTeuA2URQrCWeRTQJAX9Wrqb3cv4Zv2yV68ShWtHOBvBidyQULyEgxHLexYoyomDre7lLDzdbv3v/CfVBcbIcNdSwBTYKwJ1Wfwqr38dI0ewEWEsgOM+s7aMPc='),('00123012971','VATES0000002',1,'VALG01SHO02','2023-09-02 18:58:35.571','1297/1297 NS ISH:1206','2023-09-02 18:58:35.0','QRQA-RLHJ-YLOH-QVBF-ZLLE-V22A-W4','CEQM-6WLX-KRJ6-IZ34','https://myghanatest.ebmgh.com/verification/searchBySignature.jsp?DATA=qP38CUDO8wti7+7X/zyXivEHMIuX1vzLEBRqTA5FqFpnfiUXBnTwW69LSeIDH5L95mh7Tfli1GR1d+j2J9fBNHnQyTE7/SXzu9hS0S5srxvrmHgey8xiBSv8DphzsvAJiWvHptZ4uR619dshs0GXswQLbyVYEwQv6IpAWbL9Nbgw+zG+Gmboolk04QRfKBHm6ZsqspuKOoRnxMiYFOcwaYK4KT6eppDhRW6vn5hRkkgHw2GdpVRWx3+XvKeVRGe/QrdbtUeGFBHuHAS/kIAy3KTvHKnzFH4T5xzczzeuQOI='),('00123012981','VATES0000002',1,'VALG01SHO02','2023-09-02 19:00:46.113','1298/1298 NS ISH:1207','2023-09-02 19:00:46.0','4EYS-CFBF-4I65-PTVP-IZCG-NAGN-PQ','HXOS-3AOB-IYNM-O32D','https://myghanatest.ebmgh.com/verification/searchBySignature.jsp?DATA=l0v6DGblFWC/0Hj25GMsHKhXItKmzq1YZsqwWPJmiAp7kQFlcsz+MphTVi6AXAfZxIsqYE3iN5j8uvJAImbghvA+PFxNw/0PRu9Oqz2UiIxQqh9URL1JEb4en/cI73jpNMYqOnoc3aYXdptMR9DKKHmmO3aG6uGf/E9Xdxg89jdxW2f9RHOidntzt7yA5hLsGWq4i6MEL4P2+Pd3lVo00IZb82XvPOkdazr64sWsOiPVrmka9jRR43qwtZLeI2YgNHMQZFID+zha2OwCtNJxu68KkVgoL9zMV5WN4EuW878='),('00123012991','VATES0000002',1,'VALG01SHO02','2023-09-02 19:25:10.317','1299/1299 NS ISH:1208','2023-09-02 19:25:10.0','G23X-F36E-PYR3-D4IE-3MBR-IBOB-3Q','XAJ5-ODWW-CAD4-3QXL','https://myghanatest.ebmgh.com/verification/searchBySignature.jsp?DATA=ORdK4Pvyao0Iudcasm8wTIpcUUJM/B5Qdlsnf5NcOFJrAYGWmx2eSSB4Nc25d2aBs7EkeG/7Aoz5dLCjpMBYFgnGcwnSwZkyqD8ny9zUmp3T4IIlxBCjCUx9Mh9SdbYCGO2FNtjPOu2nqMitsU4wgA09qEvuEM0sC3luQQhGwHLcMgZfOelU4TR1+yEc3RdRuTAuFHEPDxWFYnZTzrDkwZwoPyGyzhESY8NBjS3jON0ygtqztcSTf37c3+/AFTAKyvj41s3M9Q8KuIPA4ckzeBobISd/qEmzVTfV490URa8='),('001230129941','VATES0000002',1,'VALG01SHO02','2023-09-12 04:13:12.577','1353/1353 NS ISH:1262','2023-09-12 04:13:12.0','SCNW-75Z4-4FEE-TWEE-KZ2X-HEWW-UA','HEGF-RVSZ-OHH2-NLSC','https://myghanatest.ebmgh.com/verification/searchBySignature.jsp?DATA=7tjRCPZDrByIQCJIErLYeLJusZ+l+Ainnrdagz4fc6eZcb2k/q7FSJX9lPBR4HawR8wMnNlbIex17k8U3A+KbWRxST804iXFkqenZUkl+wVM1aUM7xtAx7b2lG+W4l2/PWNP1EYRlgxRo6NuCeg8CX9njtyzxGzLDpjFFh0ozlUaLyLS7NNM/jzCWdDVeS01LLNDf6ziA08NohfJe9izyR025stKPoIWhsr1D/xj8ZbLcjkhTFcJ3NtD+po84R/ZWxrkKniyWUYxuZkyX6gFGuUQi03JgN1bfsdtkye85Z8='),('001230129951','VATES0000002',1,'VALG01SHO02','2023-09-12 04:14:04.998','1354/1354 NS ISH:1263','2023-09-12 04:14:05.0','6IBR-F7QV-3RQ6-KEKQ-W4NV-NWMV-TQ','6JLS-AACR-XPFW-ST5J','https://myghanatest.ebmgh.com/verification/searchBySignature.jsp?DATA=1r31/NsFWovSvGoW736j3JOtbcrwvGuL0mUio33sacdjNO45KFmwgrKFexf9uYSX0BKPWi0pDOFg4MAAygj3itU6YNXVvw3rmVZdj33J0+5BZDnLYe+nn01YpHoH6wCWjcYSJFhuSMV9sEWQ8zgrwGoukyGoYwsv2Tu04DJJG6auE7+URrCIhvzF0iVfQ9K49TXAxIbwmNqsPWy2KDi6lR1s2TxFQB4ogA1NIXqeJxm4F22FocFn23EAFEYZ8KAqS5Xj93LEkxchGfLatcQi6sqazO97ZR3IuJTPYI5dIYI='),('001230129961','VATES0000002',1,'VALG01SHO02','2023-09-12 05:08:35.948','1355/1355 NS ISH:1264','2023-09-12 05:08:36.0','GJRQ-P6DO-K4E6-3HA2-LWDW-YWDD-IA','NAS4-MVYU-GE2Y-XKLV','https://myghanatest.ebmgh.com/verification/searchBySignature.jsp?DATA=JA684rEA9ZiXThydzzeasxas+Y2jF3Mkt5ZhCt9N3A1q0v1UT89ImQ2lA9Lls9logirewNiQ+zQtGmWNgnwy4IKCcQ6Ez1OMJoS+vhAGQmlDq/wm7Pvcx4/ocz3TkO5NDjiEbx+CXcoso53VO1gCiiqzCKaaEQdomQdioOr2K8d3Y0iL47Q3PBZqgSvLjgYAC31nX46wFBaF7PUNdeJTyA+WExBL6vKCsDkKOXae9KN89bgOIcCDx6iQIOZ3/BKozNfrJwsQS28OJ3/IhhZIyq3H+02wzXHPoKtvNOkN/xs='),('001230129971','VATES0000002',2,'VALG01SHO02','2023-09-12 05:13:01.19','1356/1356 NS ISH:1265','2023-09-12 05:13:01.0','GC7S-EVMU-52AJ-2WXF-5FR5-OGFC-ZY','OIWQ-CYAQ-QXRY-SR4U','https://myghanatest.ebmgh.com/verification/searchBySignature.jsp?DATA=MMj4OVzBhGzuvoI8Bd3qHOsDDuUsslW2baDpUMO59m0O2lwtPILO3JFUkvLxqnwomuYPVgKxIuW9Hjfi1HAu4HYbUlcnz6bWB28sJrzlF0s2TCoo6fWWBWRO1pzjb7bXGfJ6wHmDRPJLhWp/1/3tUI2Iyk8Hsht1MrHbnKlcA9olxbYnXNx2OmEvyWDAF5/9il6PriF/+cFv5El71N/lcdeO9okaawb6P3BY8UpR2Fs75yi+ws3xehgxF145OA2V'),('001230129981','VATES0000002',1,'VALG01SHO02','2023-09-13 05:10:11.512','1357/1357 NS ISH:1266','2023-09-13 05:10:11.0','TY3E-TECA-OWYE-J3ZG-IKS6-HNHW-O4','ZHAA-BSHI-2BHC-D22H','https://myghanatest.ebmgh.com/verification/searchBySignature.jsp?DATA=13XRd/zZt7Eau4oyTFtBnw7UnGgBcMsYVUIfu0J2jr7Oyxx3eI+xv+7/HdUGm9yV1bdqDrK6OfJu92ypBf52X+A2R5ZSqu+SiS2ZIX7gAHHFDmq7m7vsuRif97mNFGI5BPWZhsJ3aiD/PrYrYppXrd3lmJAzWTcSyV+Nxn2lVt5XOfazXRe9mk6fxnjop47h7lCZEQWwy4rgRZVMWuPjl6+vpp++CR/6KBNXFWtVnyeqpPPCtQwNftFC/6P2DvPj3zpuRVq7UzgYu3FGAKbw506lPsQK+89VfarWjKN2Jic='),('001230129991','VATES0000002',1,'VALG01SHO02','2023-09-14 02:28:23.931','1363/1363 NS ISH:1272','2023-09-14 02:28:24.0','2MUK-DLOW-3KTY-UPMI-3M5F-BKGC-WM','GFDE-SGSP-XJWB-7THH','https://myghanatest.ebmgh.com/verification/searchBySignature.jsp?DATA=6mIU4/W2RF0NtKWWOvefSA1CBSvOS1tiNIj/TVQEZ+a0Mg7/C9edxH/tqFUS7bj4rDV8USD3d69PP9cbsARCdaXHDlHHcSQ5yvxgNwiQLJ/0x+9k9sBxqUr417j+ZTtqAiQ/CwFZP5zSSmxIwffjlEfiSgd90+YC8c01nbtJ0L73gMajBeNsbVsVzUYWiZNxBMARjDzZAuo05PE4lEDPhyzfdaf7jlfEUsnxf3okLDWIKJImvuR0FUUAJuFBR9W/AmhJuD5sW+lsx8FMphQD6dGmJIfHcPi0V6iSbForTIo=');
/*!40000 ALTER TABLE `evat_transactions` ENABLE KEYS */;
UNLOCK TABLES;

--
-- Table structure for table `grn_hd`
--

DROP TABLE IF EXISTS `grn_hd`;
/*!40101 SET @saved_cs_client     = @@character_set_client */;
/*!50503 SET character_set_client = utf8mb4 */;
CREATE TABLE `grn_hd` (
  `id` int NOT NULL AUTO_INCREMENT,
  `entry_no` varchar(13) DEFAULT NULL,
  `po_number` varchar(13) NOT NULL,
  `loc` varchar(3) NOT NULL,
  `date_received` date NOT NULL,
  `supplier` varchar(12) NOT NULL,
  `remarks` text,
  `invoice_num` varchar(13) NOT NULL,
  `invoice_amt` decimal(10,2) NOT NULL,
  `tax` int DEFAULT '0',
  `tax_amt` decimal(10,2) DEFAULT '0.00',
  `net_amt` decimal(10,2) DEFAULT '0.00',
  `created_on` timestamp NOT NULL DEFAULT CURRENT_TIMESTAMP,
  `created_by` text,
  `status` int DEFAULT '0',
  PRIMARY KEY (`id`),
  UNIQUE KEY `invoice_num` (`invoice_num`),
  KEY `grn_hd_tax_master_id_fk` (`tax`),
  CONSTRAINT `grn_hd_tax_master_id_fk` FOREIGN KEY (`tax`) REFERENCES `tax_master` (`id`) ON UPDATE CASCADE
) ENGINE=InnoDB AUTO_INCREMENT=1000012 DEFAULT CHARSET=utf8mb4 COLLATE=utf8mb4_0900_ai_ci;
/*!40101 SET character_set_client = @saved_cs_client */;

--
-- Dumping data for table `grn_hd`
--

LOCK TABLES `grn_hd` WRITE;
/*!40000 ALTER TABLE `grn_hd` DISABLE KEYS */;
INSERT INTO `grn_hd` VALUES (1000008,'GR1000008','PO1000001','001','2022-10-17','EMD','Purchase from EMADON and delivered to MAIN LOCATION','10000',60.00,1,0.00,60.00,'2022-10-17 00:36:00','Demo User',1),(1000009,'GR1000009','PO1000002','001','2023-01-19','FEA','Purchase from FAR-EAST and delivered to MAIN LOCATION','6263636464',20.00,1,0.00,20.00,'2023-01-19 13:20:11','Demo User',1),(1000010,'GR1000010','PO1000003','001','2023-01-29','FEA','Purchase from FAR-EAST and delivered to MAIN LOCATION','12345764',200.00,9,0.00,200.00,'2023-05-24 10:08:56','Demo User',1),(1000011,'GR1000011','PO1000004','001','2023-05-25','EMD','Purchase from EMADON and delivered to MAIN LOCATION','8634',10700.00,1,0.00,10700.00,'2023-05-25 21:53:06','Demo User',1);
/*!40000 ALTER TABLE `grn_hd` ENABLE KEYS */;
UNLOCK TABLES;

--
-- Table structure for table `grn_trans`
--

DROP TABLE IF EXISTS `grn_trans`;
/*!40101 SET @saved_cs_client     = @@character_set_client */;
/*!50503 SET character_set_client = utf8mb4 */;
CREATE TABLE `grn_trans` (
  `id` int NOT NULL AUTO_INCREMENT,
  `entry_no` char(13) DEFAULT NULL,
  `item_code` char(13) DEFAULT NULL,
  `barcode` char(13) DEFAULT NULL,
  `item_description` text NOT NULL,
  `owner` char(13) DEFAULT NULL,
  `date_added` date DEFAULT (curdate()),
  `pack_desc` text,
  `packing` text,
  `pack_um` decimal(10,2) DEFAULT '0.00',
  `qty` decimal(10,2) DEFAULT '0.00',
  `cost` decimal(10,2) DEFAULT '0.00',
  `total_cost` decimal(10,2) DEFAULT '0.00',
  `status` int DEFAULT '0',
  `tax_amt` decimal(10,2) DEFAULT '0.00',
  `net_amt` decimal(10,2) DEFAULT '0.00',
  `prod_cost` decimal(10,2) DEFAULT '0.00',
  `ret_amt` decimal(10,2) DEFAULT '0.00',
  PRIMARY KEY (`id`)
) ENGINE=InnoDB AUTO_INCREMENT=25 DEFAULT CHARSET=utf8mb4 COLLATE=utf8mb4_0900_ai_ci;
/*!40101 SET character_set_client = @saved_cs_client */;

--
-- Dumping data for table `grn_trans`
--

LOCK TABLES `grn_trans` WRITE;
/*!40000 ALTER TABLE `grn_trans` DISABLE KEYS */;
INSERT INTO `grn_trans` VALUES (20,'GR1000008','1000000002','6033000340085','STORM ENERGY LG','Demo User','2022-10-17','PCS','PCS',1.00,2.00,30.00,60.00,0,0.00,60.00,30.00,8.00),(21,'GR1000009','1000000003','6034000181036','BEL-AQUA SMALL','Demo User','2023-01-19','PCS','PCS',1.00,1.00,20.00,20.00,0,0.00,20.00,20.00,500.00),(22,'GR1000010','1000000005','0987654321','GAUVA JUICE','Demo User','2023-01-29','12 * 1CTN','CTN',12.00,2.00,100.00,200.00,0,0.00,200.00,8.33,100.00),(23,'GR1000011','1000000002','6033000340085','STORM ENERGY LG','Demo User','2023-05-25','PCS','PCS',1.00,200.00,6.00,1200.00,0,0.00,1200.00,6.00,8.00),(24,'GR1000011','1000000004','17264738','Note Pad Small','Demo User','2023-05-25',' PCS','PCS',1.00,100.00,95.00,9500.00,0,0.00,9500.00,95.00,100.00);
/*!40000 ALTER TABLE `grn_trans` ENABLE KEYS */;
UNLOCK TABLES;

--
-- Table structure for table `history_header`
--

DROP TABLE IF EXISTS `history_header`;
/*!40101 SET @saved_cs_client     = @@character_set_client */;
/*!50503 SET character_set_client = utf8mb4 */;
CREATE TABLE `history_header` (
  `mach_no` int DEFAULT NULL,
  `clerk` text,
  `bill_no` int DEFAULT NULL,
  `pmt_type` text,
  `gross_amt` decimal(10,2) DEFAULT NULL,
  `tax_amt` decimal(10,2) DEFAULT NULL,
  `disc_rate` decimal(10,2) DEFAULT NULL,
  `net_amt` decimal(10,2) DEFAULT NULL,
  `bill_date` date DEFAULT (curdate()),
  `bill_time` time DEFAULT (curtime()),
  `tran_qty` decimal(10,2) NOT NULL,
  `amt_bal` decimal(10,2) DEFAULT (0.00),
  `id` int NOT NULL DEFAULT '0',
  `billRef` text,
  `amt_paid` decimal(10,2) NOT NULL
) ENGINE=InnoDB DEFAULT CHARSET=utf8mb4 COLLATE=utf8mb4_0900_ai_ci;
/*!40101 SET character_set_client = @saved_cs_client */;

--
-- Dumping data for table `history_header`
--

LOCK TABLES `history_header` WRITE;
/*!40000 ALTER TABLE `history_header` DISABLE KEYS */;
INSERT INTO `history_header` VALUES (1,'2',1,'cash',76.03,23.97,NULL,100.00,'2023-01-29','05:39:33',1.00,23.97,1,'00123042511',100.00),(1,'2',2,'momo',188.08,49.92,NULL,238.00,'2023-01-29','05:46:56',4.00,61.92,2,'00123042521',250.00),(1,'2',3,'momo',160.08,49.92,NULL,210.00,'2023-01-29','05:47:47',4.00,89.92,3,'00123051031',250.00),(1,'2',4,'cash',380.17,119.83,NULL,500.00,'2023-01-29','12:25:58',1.00,119.83,4,'00123052441',500.00),(1,'2',5,'cash',310.22,97.78,NULL,408.00,'2023-01-29','12:30:41',2.00,97.78,5,'00123052451',408.00);
/*!40000 ALTER TABLE `history_header` ENABLE KEYS */;
UNLOCK TABLES;

--
-- Table structure for table `history_tax_tran`
--

DROP TABLE IF EXISTS `history_tax_tran`;
/*!40101 SET @saved_cs_client     = @@character_set_client */;
/*!50503 SET character_set_client = utf8mb4 */;
CREATE TABLE `history_tax_tran` (
  `id` int NOT NULL DEFAULT '0',
  `bill_date` date NOT NULL,
  `clerk_code` int NOT NULL,
  `mech_no` int NOT NULL,
  `bill_no` int NOT NULL,
  `tran_code` int NOT NULL,
  `tran_qty` int NOT NULL,
  `taxableAmt` decimal(10,2) DEFAULT (0.00),
  `tax_code` varchar(3) NOT NULL,
  `tax_amt` decimal(10,2) DEFAULT (0.00),
  `billRef` text
) ENGINE=InnoDB DEFAULT CHARSET=utf8mb4 COLLATE=utf8mb4_0900_ai_ci;
/*!40101 SET character_set_client = @saved_cs_client */;

--
-- Dumping data for table `history_tax_tran`
--

LOCK TABLES `history_tax_tran` WRITE;
/*!40000 ALTER TABLE `history_tax_tran` DISABLE KEYS */;
INSERT INTO `history_tax_tran` VALUES (1,'2023-01-29',411,1,1,1000000004,1,100.00,'nh',2.50,'00123042511'),(2,'2023-01-29',411,1,1,1000000004,1,100.00,'gf',2.50,'00123042511'),(3,'2023-01-29',411,1,1,1000000004,1,100.00,'cv',1.00,'00123042511'),(4,'2023-01-29',411,1,1,1000000004,1,100.00,'VM',17.97,'00123042511'),(5,'2023-01-29',411,1,2,1000000004,1,100.00,'nh',2.50,'00123042521'),(6,'2023-01-29',411,1,2,1000000004,1,100.00,'gf',2.50,'00123042521'),(7,'2023-01-29',411,1,2,1000000004,1,100.00,'cv',1.00,'00123042521'),(8,'2023-01-29',411,1,2,1000000004,1,100.00,'VM',17.97,'00123042521'),(9,'2023-01-29',411,1,2,1000000004,1,100.00,'nh',2.50,'00123042521'),(10,'2023-01-29',411,1,2,1000000004,1,100.00,'gf',2.50,'00123042521'),(11,'2023-01-29',411,1,2,1000000004,1,100.00,'cv',1.00,'00123042521'),(12,'2023-01-29',411,1,2,1000000004,1,100.00,'VM',17.97,'00123042521'),(13,'2023-01-29',411,1,2,1000000002,1,8.00,'nh',0.20,'00123042521'),(14,'2023-01-29',411,1,2,1000000002,1,8.00,'gf',0.20,'00123042521'),(15,'2023-01-29',411,1,2,1000000002,1,8.00,'cv',0.08,'00123042521'),(16,'2023-01-29',411,1,2,1000000002,1,8.00,'VM',1.44,'00123042521'),(17,'2023-01-29',411,1,2,1000000003,15,2.00,'V3',0.06,'00123042521'),(18,'2023-01-29',411,1,3,1000000002,1,8.00,'nh',0.20,'00123051031'),(19,'2023-01-29',411,1,3,1000000002,1,8.00,'gf',0.20,'00123051031'),(20,'2023-01-29',411,1,3,1000000002,1,8.00,'cv',0.08,'00123051031'),(21,'2023-01-29',411,1,3,1000000002,1,8.00,'VM',1.44,'00123051031'),(22,'2023-01-29',411,1,3,1000000003,1,2.00,'V3',0.06,'00123051031'),(23,'2023-01-29',411,1,3,1000000004,1,100.00,'nh',2.50,'00123051031'),(24,'2023-01-29',411,1,3,1000000004,1,100.00,'gf',2.50,'00123051031'),(25,'2023-01-29',411,1,3,1000000004,1,100.00,'cv',1.00,'00123051031'),(26,'2023-01-29',411,1,3,1000000004,1,100.00,'VM',17.97,'00123051031'),(27,'2023-01-29',411,1,3,1000000004,1,100.00,'nh',2.50,'00123051031'),(28,'2023-01-29',411,1,3,1000000004,1,100.00,'gf',2.50,'00123051031'),(29,'2023-01-29',411,1,3,1000000004,1,100.00,'cv',1.00,'00123051031'),(30,'2023-01-29',411,1,3,1000000004,1,100.00,'VM',17.97,'00123051031'),(31,'2023-01-29',411,1,4,1000000003,1,500.00,'nh',12.50,'00123052441'),(32,'2023-01-29',411,1,4,1000000003,1,500.00,'gf',12.50,'00123052441'),(33,'2023-01-29',411,1,4,1000000003,1,500.00,'cv',5.00,'00123052441'),(34,'2023-01-29',411,1,4,1000000003,1,500.00,'VM',89.83,'00123052441'),(35,'2023-01-29',411,1,5,1000000002,1,8.00,'nh',0.20,'00123052451'),(36,'2023-01-29',411,1,5,1000000002,1,8.00,'gf',0.20,'00123052451'),(37,'2023-01-29',411,1,5,1000000002,1,8.00,'cv',0.08,'00123052451'),(38,'2023-01-29',411,1,5,1000000002,1,8.00,'VM',1.44,'00123052451'),(39,'2023-01-29',411,1,5,1000000005,4,100.00,'nh',10.00,'00123052451'),(40,'2023-01-29',411,1,5,1000000005,4,100.00,'gf',10.00,'00123052451'),(41,'2023-01-29',411,1,5,1000000005,4,100.00,'cv',4.00,'00123052451'),(42,'2023-01-29',411,1,5,1000000005,4,100.00,'VM',71.86,'00123052451'),(55,'2023-01-29',411,1,6,1000000004,-1,5.00,'nh',-0.13,'00123052561'),(56,'2023-01-29',411,1,6,1000000004,-1,5.00,'gf',-0.13,'00123052561'),(57,'2023-01-29',411,1,6,1000000004,-1,5.00,'cv',-0.05,'00123052561'),(58,'2023-01-29',411,1,6,1000000004,-1,5.00,'VM',-0.90,'00123052561');
/*!40000 ALTER TABLE `history_tax_tran` ENABLE KEYS */;
UNLOCK TABLES;

--
-- Table structure for table `history_trans`
--

DROP TABLE IF EXISTS `history_trans`;
/*!40101 SET @saved_cs_client     = @@character_set_client */;
/*!50503 SET character_set_client = utf8mb4 */;
CREATE TABLE `history_trans` (
  `id` int NOT NULL DEFAULT '0' COMMENT 'BILL NUMBER',
  `mach` int DEFAULT NULL COMMENT 'machine number',
  `clerk` text,
  `bill_number` int NOT NULL,
  `item_barcode` text NOT NULL,
  `trans_type` text NOT NULL COMMENT 'Transaction Type',
  `retail_price` decimal(10,2) DEFAULT NULL COMMENT 'Value of transaction',
  `date_added` date DEFAULT (curdate()),
  `time_added` time DEFAULT (curtime()),
  `item_qty` decimal(10,2) DEFAULT '0.00',
  `tax_amt` decimal(10,2) DEFAULT '0.00',
  `bill_amt` decimal(10,2) DEFAULT '0.00',
  `item_desc` varchar(255) DEFAULT NULL,
  `tax_grp` varchar(255) DEFAULT 'NULL',
  `tran_type` char(2) DEFAULT NULL,
  `tax_rate` int DEFAULT NULL,
  `selected` int DEFAULT '0',
  `billRef` text
) ENGINE=InnoDB DEFAULT CHARSET=utf8mb4 COLLATE=utf8mb4_0900_ai_ci;
/*!40101 SET character_set_client = @saved_cs_client */;

--
-- Dumping data for table `history_trans`
--

LOCK TABLES `history_trans` WRITE;
/*!40000 ALTER TABLE `history_trans` DISABLE KEYS */;
INSERT INTO `history_trans` VALUES (17,1,'Demo User',6,'not_item','C',NULL,'2023-05-25','05:25:12',0.00,0.00,0.00,'bill_canced','NULL',NULL,NULL,0,NULL),(1,1,'411',1,'17264738','i',100.00,'2023-01-29','05:38:40',1.00,82.03,100.00,'Note Pad Small','MULTI-TAX','SS',99,0,'00123042511'),(2,1,'411',2,'17264738','i',100.00,'2023-01-29','05:46:23',1.00,82.03,100.00,'Note Pad Small','MULTI-TAX','SS',99,0,'00123042521'),(3,1,'411',2,'17264738','i',100.00,'2023-01-29','05:46:28',1.00,82.03,100.00,'Note Pad Small','MULTI-TAX','SS',99,0,'00123042521'),(4,1,'411',2,'6033000340085','i',8.00,'2023-01-29','05:46:34',1.00,6.56,8.00,'STORM ENERGY LG','MULTI-TAX','SS',99,0,'00123042521'),(5,1,'411',2,'6034000181036','i',2.00,'2023-01-29','05:46:40',15.00,29.10,30.00,'BEL-AQUA SMALL','VAT','SS',3,0,'00123042521'),(6,1,'411',3,'6033000340085','i',8.00,'2023-01-29','05:47:29',1.00,6.56,8.00,'STORM ENERGY LG','MULTI-TAX','SS',99,0,'00123051031'),(7,1,'411',3,'6034000181036','i',2.00,'2023-01-29','05:47:32',1.00,1.94,2.00,'BEL-AQUA SMALL','VAT','SS',3,0,'00123051031'),(8,1,'411',3,'17264738','i',100.00,'2023-01-29','05:47:35',1.00,82.03,100.00,'Note Pad Small','MULTI-TAX','SS',99,0,'00123051031'),(9,1,'411',3,'17264738','i',100.00,'2023-01-29','05:47:37',1.00,82.03,100.00,'Note Pad Small','MULTI-TAX','SS',99,0,'00123051031'),(10,1,'411',4,'6034000181036','i',500.00,'2023-01-29','12:25:47',1.00,410.17,500.00,'BEL-AQUA SMALL','MULTI-TAX','SS',99,0,'00123052441'),(11,1,'411',5,'6033000340085','i',8.00,'2023-01-29','12:29:27',1.00,6.56,8.00,'STORM ENERGY LG','MULTI-TAX','SS',99,0,'00123052451'),(12,1,'411',5,'0987654321','i',100.00,'2023-01-29','12:29:50',4.00,328.14,400.00,'GAUVA JUICE','MULTI-TAX','SS',99,0,'00123052451');
/*!40000 ALTER TABLE `history_trans` ENABLE KEYS */;
UNLOCK TABLES;

--
-- Table structure for table `item_buttons`
--

DROP TABLE IF EXISTS `item_buttons`;
/*!40101 SET @saved_cs_client     = @@character_set_client */;
/*!50503 SET character_set_client = utf8mb4 */;
CREATE TABLE `item_buttons` (
  `id` int NOT NULL AUTO_INCREMENT,
  `button_index` int DEFAULT NULL,
  `description` varchar(20) DEFAULT NULL,
  PRIMARY KEY (`id`)
) ENGINE=InnoDB AUTO_INCREMENT=119 DEFAULT CHARSET=utf8mb4 COLLATE=utf8mb4_0900_ai_ci;
/*!40101 SET character_set_client = @saved_cs_client */;

--
-- Dumping data for table `item_buttons`
--

LOCK TABLES `item_buttons` WRITE;
/*!40000 ALTER TABLE `item_buttons` DISABLE KEYS */;
INSERT INTO `item_buttons` VALUES (115,14,'DRINKS'),(116,15,'VEGETABLES'),(117,16,'Stationaries'),(118,17,'DISPOSABLES');
/*!40000 ALTER TABLE `item_buttons` ENABLE KEYS */;
UNLOCK TABLES;

--
-- Table structure for table `item_group`
--

DROP TABLE IF EXISTS `item_group`;
/*!40101 SET @saved_cs_client     = @@character_set_client */;
/*!50503 SET character_set_client = utf8mb4 */;
CREATE TABLE `item_group` (
  `id` int NOT NULL AUTO_INCREMENT COMMENT 'group id',
  `group_name` text NOT NULL COMMENT 'name of group',
  `date_created` date DEFAULT (curdate()),
  `time_added` time DEFAULT (curtime()),
  `owner` text NOT NULL COMMENT 'who created group',
  `grp_uni` char(255) DEFAULT NULL,
  `modified_by` text,
  `date_modified` date DEFAULT (curdate()),
  `time_modified` time DEFAULT (curtime()),
  `shrt_name` text,
  `tax_grp` int DEFAULT '0',
  PRIMARY KEY (`id`),
  UNIQUE KEY `item_group_grp_uni_uindex` (`grp_uni`)
) ENGINE=InnoDB AUTO_INCREMENT=18 DEFAULT CHARSET=utf8mb4 COLLATE=utf8mb4_0900_ai_ci;
/*!40101 SET character_set_client = @saved_cs_client */;

--
-- Dumping data for table `item_group`
--

LOCK TABLES `item_group` WRITE;
/*!40000 ALTER TABLE `item_group` DISABLE KEYS */;
INSERT INTO `item_group` VALUES (14,'DRINKS','2022-10-15','07:47:17','Demo User','d7d0303efdbba948e08911baaf50e86e','Demo User','2022-10-15','07:47:17','DRINKS',7),(15,'VEGETABLES','2022-10-15','07:48:19','Demo User','e2e11f4600d2e668a96d22ca28c1c2f5','Demo User','2022-10-15','11:18:11','VEGETABLES',7),(16,'Stationaries','2022-12-06','08:30:34','Demo User','28a6c5e1ffc31d509bdd1fb4daaf0f1b','Demo User','2022-12-06','08:30:34','Stationaries',1),(17,'DISPOSABLES','2023-07-23','17:36:16','Demo User','e71fc249f89081fd878c6a15ec2e0f77','Demo User','2023-07-23','17:36:16','DISPOSABLES',9);
/*!40000 ALTER TABLE `item_group` ENABLE KEYS */;
UNLOCK TABLES;

--
-- Table structure for table `item_group_sub`
--

DROP TABLE IF EXISTS `item_group_sub`;
/*!40101 SET @saved_cs_client     = @@character_set_client */;
/*!50503 SET character_set_client = utf8mb4 */;
CREATE TABLE `item_group_sub` (
  `id` int NOT NULL AUTO_INCREMENT,
  `parent` int DEFAULT '0',
  `description` text,
  `date_created` timestamp NOT NULL DEFAULT CURRENT_TIMESTAMP,
  `owner` text,
  PRIMARY KEY (`id`),
  UNIQUE KEY `unique_index` (`id`,`parent`),
  KEY `route_with_parent` (`parent`),
  CONSTRAINT `route_with_parent` FOREIGN KEY (`parent`) REFERENCES `item_group` (`id`) ON DELETE SET NULL ON UPDATE CASCADE
) ENGINE=InnoDB AUTO_INCREMENT=9 DEFAULT CHARSET=utf8mb4 COLLATE=utf8mb4_0900_ai_ci;
/*!40101 SET character_set_client = @saved_cs_client */;

--
-- Dumping data for table `item_group_sub`
--

LOCK TABLES `item_group_sub` WRITE;
/*!40000 ALTER TABLE `item_group_sub` DISABLE KEYS */;
INSERT INTO `item_group_sub` VALUES (1,15,'LOCAL','2022-10-15 07:49:32','2'),(2,15,'IMPORTED','2022-10-15 07:50:37','2'),(3,15,'SCALABLE','2022-10-15 07:51:38','2'),(4,14,'ENERGY','2022-10-15 07:57:28','2'),(5,14,'MINERALS','2022-10-17 02:21:43','2'),(6,16,'Books','2022-12-06 08:30:47','2'),(7,17,'RUBBER','2023-07-23 17:36:32','2'),(8,17,'METALS','2023-07-23 17:36:40','2');
/*!40000 ALTER TABLE `item_group_sub` ENABLE KEYS */;
UNLOCK TABLES;

--
-- Table structure for table `items_master`
--

DROP TABLE IF EXISTS `items_master`;
/*!40101 SET @saved_cs_client     = @@character_set_client */;
/*!50503 SET character_set_client = utf8mb4 */;
CREATE TABLE `items_master` (
  `id` int NOT NULL AUTO_INCREMENT COMMENT 'unique id of each item',
  `barcode` text NOT NULL COMMENT 'barcode of item',
  `desc` text NOT NULL COMMENT 'item description',
  `cost` decimal(10,2) NOT NULL COMMENT 'cost price of the item from supplier',
  `retail` decimal(10,2) NOT NULL COMMENT 'how much is it sold for',
  `tax_grp` int NOT NULL DEFAULT '0' COMMENT 'id of tax this belongs oo',
  `item_grp` text NOT NULL,
  `item_uni` text,
  PRIMARY KEY (`id`)
) ENGINE=InnoDB AUTO_INCREMENT=7 DEFAULT CHARSET=utf8mb4 COLLATE=utf8mb4_0900_ai_ci;
/*!40101 SET character_set_client = @saved_cs_client */;

--
-- Dumping data for table `items_master`
--

LOCK TABLES `items_master` WRITE;
/*!40000 ALTER TABLE `items_master` DISABLE KEYS */;
/*!40000 ALTER TABLE `items_master` ENABLE KEYS */;
UNLOCK TABLES;

--
-- Table structure for table `loc`
--

DROP TABLE IF EXISTS `loc`;
/*!40101 SET @saved_cs_client     = @@character_set_client */;
/*!50503 SET character_set_client = utf8mb4 */;
CREATE TABLE `loc` (
  `id` int NOT NULL AUTO_INCREMENT,
  `loc_id` char(3) DEFAULT NULL,
  `loc_desc` text,
  PRIMARY KEY (`id`)
) ENGINE=InnoDB AUTO_INCREMENT=9 DEFAULT CHARSET=utf8mb4 COLLATE=utf8mb4_0900_ai_ci;
/*!40101 SET character_set_client = @saved_cs_client */;

--
-- Dumping data for table `loc`
--

LOCK TABLES `loc` WRITE;
/*!40000 ALTER TABLE `loc` DISABLE KEYS */;
INSERT INTO `loc` VALUES (7,'001','MAIN LOCATION'),(8,'999','WAREHOUSE');
/*!40000 ALTER TABLE `loc` ENABLE KEYS */;
UNLOCK TABLES;

--
-- Table structure for table `loy_customer`
--

DROP TABLE IF EXISTS `loy_customer`;
/*!40101 SET @saved_cs_client     = @@character_set_client */;
/*!50503 SET character_set_client = utf8mb4 */;
CREATE TABLE `loy_customer` (
  `cust_code` int NOT NULL AUTO_INCREMENT,
  `name` text NOT NULL,
  `email` char(60) DEFAULT NULL,
  `mobile` char(30) NOT NULL COMMENT 'customer mobile number',
  PRIMARY KEY (`cust_code`),
  UNIQUE KEY `loy_customer_pk2` (`email`)
) ENGINE=InnoDB AUTO_INCREMENT=100031 DEFAULT CHARSET=utf8mb4 COLLATE=utf8mb4_0900_ai_ci COMMENT='Loyalty Customers';
/*!40101 SET character_set_client = @saved_cs_client */;

--
-- Dumping data for table `loy_customer`
--

LOCK TABLES `loy_customer` WRITE;
/*!40000 ALTER TABLE `loy_customer` DISABLE KEYS */;
INSERT INTO `loy_customer` VALUES (100000,'UYIN SOLOMON','rootech1@hotmail.com',''),(100002,'UYIN SOLOMON','rootech1@hotmail.om',''),(100005,'UYIN SOLOMON','rootech1@hotmail.xom',''),(100006,'UYIN SOLOMON','rootech1@hotmail.xox',''),(100007,'UYIN SOLOMON','rootech1@hotail.xox',''),(100008,'UYIN SOLOMON','rotech1@hotail.xox',''),(100009,'UYIN SOLOMON','rooh1@hotmail.om',''),(100010,'Uyin Solomon','uyinsolomon2@gmail.com',''),(100011,'Henry Chase','solomon@snedaghana.com',''),(100013,'JAMES OKAFOR','rootbackup10@gmail.com',''),(100015,'YAW KESE','test@domain.com',''),(100016,'MAJIS','mj@domain.com',''),(100017,'RITAK AKYEA','rita@domain.com',''),(100018,'DANIEL','d@domain.com',''),(100019,'NUAY','ak@ak.com',''),(100021,'MARIAM','m@domain.com',''),(100022,'JK','j@jj.com',''),(100023,'NIMA','nima@domain.com',''),(100025,'CAMERA MAN','cam@domain.com',''),(100027,'CAMERA MAN','cam@domain.co',''),(100029,'Uyin Solomon','shjd@domain.com','+233240017017'),(100030,'FO GOOD','jm@snedaghana.com','+233201998184');
/*!40000 ALTER TABLE `loy_customer` ENABLE KEYS */;
UNLOCK TABLES;

--
-- Table structure for table `loyalty_point_stmt`
--

DROP TABLE IF EXISTS `loyalty_point_stmt`;
/*!40101 SET @saved_cs_client     = @@character_set_client */;
/*!50503 SET character_set_client = utf8mb4 */;
CREATE TABLE `loyalty_point_stmt` (
  `cust_code` int NOT NULL,
  `value` decimal(10,2) DEFAULT '0.00',
  `billRef` char(20) NOT NULL,
  UNIQUE KEY `loyalty_point_stmt_pk` (`billRef`),
  KEY `loyalty_point_stmt_loy_customer_cust_code_fk` (`cust_code`),
  CONSTRAINT `loyalty_point_stmt_loy_customer_cust_code_fk` FOREIGN KEY (`cust_code`) REFERENCES `loy_customer` (`cust_code`)
) ENGINE=InnoDB DEFAULT CHARSET=utf8mb4 COLLATE=utf8mb4_0900_ai_ci COMMENT='Rable keeps loyalty points transactions for a customer';
/*!40101 SET character_set_client = @saved_cs_client */;

--
-- Dumping data for table `loyalty_point_stmt`
--

LOCK TABLES `loyalty_point_stmt` WRITE;
/*!40000 ALTER TABLE `loyalty_point_stmt` DISABLE KEYS */;
INSERT INTO `loyalty_point_stmt` VALUES (100002,540.00,'001230129291'),(100002,8.00,'001230529141'),(100002,4.16,'00123052961'),(100002,6.08,'00123052971'),(100002,100.00,'001230530161'),(100002,1100.00,'001230530171'),(100002,100.00,'001230530181'),(100002,1865.00,'001230530191'),(100030,100.00,'001230531201'),(100030,108.00,'001230609211');
/*!40000 ALTER TABLE `loyalty_point_stmt` ENABLE KEYS */;
UNLOCK TABLES;

--
-- Table structure for table `loyalty_tran`
--

DROP TABLE IF EXISTS `loyalty_tran`;
/*!40101 SET @saved_cs_client     = @@character_set_client */;
/*!50503 SET character_set_client = utf8mb4 */;
CREATE TABLE `loyalty_tran` (
  `cust_code` int NOT NULL,
  `billRef` int NOT NULL,
  `time_stamp` datetime DEFAULT CURRENT_TIMESTAMP,
  PRIMARY KEY (`billRef`)
) ENGINE=InnoDB DEFAULT CHARSET=utf8mb4 COLLATE=utf8mb4_0900_ai_ci;
/*!40101 SET character_set_client = @saved_cs_client */;

--
-- Dumping data for table `loyalty_tran`
--

LOCK TABLES `loyalty_tran` WRITE;
/*!40000 ALTER TABLE `loyalty_tran` DISABLE KEYS */;
INSERT INTO `loyalty_tran` VALUES (100002,123052921,'2023-05-29 05:50:25'),(100002,123052941,'2023-05-29 06:17:03'),(100002,123052961,'2023-05-29 07:13:00'),(100002,123052971,'2023-05-29 07:22:43'),(100002,123052991,'2023-05-29 07:31:24'),(100002,1230129291,'2023-06-24 06:40:43'),(100002,1230529121,'2023-05-29 07:33:59'),(100002,1230529141,'2023-05-29 07:41:12'),(100002,1230530161,'2023-05-30 06:17:04'),(100002,1230530171,'2023-05-30 06:18:38'),(100002,1230530181,'2023-05-30 06:24:01'),(100002,1230530191,'2023-05-30 06:27:31'),(100030,1230531201,'2023-05-31 07:02:08'),(100030,1230609211,'2023-06-09 05:05:38'),(100002,1230610291,'2023-06-10 05:17:35'),(100002,1230620291,'2023-06-20 04:32:13'),(100002,1230623291,'2023-06-23 16:31:11'),(100002,1230624291,'2023-06-24 04:34:00');
/*!40000 ALTER TABLE `loyalty_tran` ENABLE KEYS */;
UNLOCK TABLES;

--
-- Table structure for table `mech_setup`
--

DROP TABLE IF EXISTS `mech_setup`;
/*!40101 SET @saved_cs_client     = @@character_set_client */;
/*!50503 SET character_set_client = utf8mb4 */;
CREATE TABLE `mech_setup` (
  `id` int NOT NULL AUTO_INCREMENT,
  `mech_no` int DEFAULT NULL,
  `descr` text,
  `mac_addr` text,
  PRIMARY KEY (`id`),
  UNIQUE KEY `id` (`id`)
) ENGINE=InnoDB AUTO_INCREMENT=13 DEFAULT CHARSET=utf8mb4 COLLATE=utf8mb4_0900_ai_ci;
/*!40101 SET character_set_client = @saved_cs_client */;

--
-- Dumping data for table `mech_setup`
--

LOCK TABLES `mech_setup` WRITE;
/*!40000 ALTER TABLE `mech_setup` DISABLE KEYS */;
INSERT INTO `mech_setup` VALUES (12,1,'TEST POS','C4-9D-ED-93-4B-BC');
/*!40000 ALTER TABLE `mech_setup` ENABLE KEYS */;
UNLOCK TABLES;

--
-- Table structure for table `my_table`
--

DROP TABLE IF EXISTS `my_table`;
/*!40101 SET @saved_cs_client     = @@character_set_client */;
/*!50503 SET character_set_client = utf8mb4 */;
CREATE TABLE `my_table` (
  `id` int unsigned NOT NULL AUTO_INCREMENT,
  `my_column` decimal(10,2) NOT NULL,
  PRIMARY KEY (`id`)
) ENGINE=InnoDB AUTO_INCREMENT=3 DEFAULT CHARSET=utf8mb4 COLLATE=utf8mb4_0900_ai_ci;
/*!40101 SET character_set_client = @saved_cs_client */;

--
-- Dumping data for table `my_table`
--

LOCK TABLES `my_table` WRITE;
/*!40000 ALTER TABLE `my_table` DISABLE KEYS */;
INSERT INTO `my_table` VALUES (1,-123.45),(2,-8.00);
/*!40000 ALTER TABLE `my_table` ENABLE KEYS */;
UNLOCK TABLES;

--
-- Table structure for table `packaging`
--

DROP TABLE IF EXISTS `packaging`;
/*!40101 SET @saved_cs_client     = @@character_set_client */;
/*!50503 SET character_set_client = utf8mb4 */;
CREATE TABLE `packaging` (
  `id` int unsigned NOT NULL AUTO_INCREMENT,
  `created_at` timestamp NOT NULL DEFAULT CURRENT_TIMESTAMP,
  `desc` varchar(255) DEFAULT NULL,
  PRIMARY KEY (`id`)
) ENGINE=InnoDB AUTO_INCREMENT=7 DEFAULT CHARSET=utf8mb4 COLLATE=utf8mb4_0900_ai_ci;
/*!40101 SET character_set_client = @saved_cs_client */;

--
-- Dumping data for table `packaging`
--

LOCK TABLES `packaging` WRITE;
/*!40000 ALTER TABLE `packaging` DISABLE KEYS */;
INSERT INTO `packaging` VALUES (5,'2022-10-16 23:05:30','PCS'),(6,'2022-10-16 23:05:30','CTN');
/*!40000 ALTER TABLE `packaging` ENABLE KEYS */;
UNLOCK TABLES;

--
-- Table structure for table `po_hd`
--

DROP TABLE IF EXISTS `po_hd`;
/*!40101 SET @saved_cs_client     = @@character_set_client */;
/*!50503 SET character_set_client = utf8mb4 */;
CREATE TABLE `po_hd` (
  `id` int NOT NULL AUTO_INCREMENT,
  `doc_no` char(13) DEFAULT NULL,
  `status` int DEFAULT '0',
  `location` char(3) NOT NULL,
  `suppler` char(13) NOT NULL,
  `type` char(13) NOT NULL,
  `remarks` text,
  `total_amount` decimal(10,2) DEFAULT NULL,
  `owner` text,
  `created_on` timestamp NOT NULL DEFAULT CURRENT_TIMESTAMP,
  `edited_on` timestamp NOT NULL DEFAULT '0000-00-00 00:00:00',
  `edited_by` char(30) DEFAULT NULL,
  `approved_by` char(13) DEFAULT NULL,
  `approved_on` datetime DEFAULT NULL,
  `grn` int DEFAULT '0',
  PRIMARY KEY (`id`)
) ENGINE=InnoDB AUTO_INCREMENT=1000005 DEFAULT CHARSET=utf8mb4 COLLATE=utf8mb4_0900_ai_ci;
/*!40101 SET character_set_client = @saved_cs_client */;

--
-- Dumping data for table `po_hd`
--

LOCK TABLES `po_hd` WRITE;
/*!40000 ALTER TABLE `po_hd` DISABLE KEYS */;
INSERT INTO `po_hd` VALUES (1000001,'PO1000001',1,'001','EMD','direct','Purchase from EMADON and delivered to MAIN LOCATION',60.00,'Demo User','2022-10-17 00:04:55','0000-00-00 00:00:00',NULL,'Demo User','2022-10-17 00:15:06',1),(1000002,'PO1000002',1,'001','FEA','direct','Purchase from FAR-EAST and delivered to MAIN LOCATION',20.00,'Demo User','2023-01-19 11:41:58','0000-00-00 00:00:00',NULL,'Demo User','2023-01-19 13:18:28',1),(1000003,'PO1000003',1,'001','FEA','direct','Purchase from FAR-EAST and delivered to MAIN LOCATION',200.00,'Demo User','2023-05-24 09:22:24','0000-00-00 00:00:00',NULL,'Demo User','2023-05-24 10:05:00',1),(1000004,'PO1000004',1,'001','EMD','direct','Purchase from EMADON and delivered to MAIN LOCATION',10700.00,'Demo User','2023-05-25 21:48:08','0000-00-00 00:00:00',NULL,'Demo User','2023-05-25 21:48:11',1);
/*!40000 ALTER TABLE `po_hd` ENABLE KEYS */;
UNLOCK TABLES;

--
-- Table structure for table `po_trans`
--

DROP TABLE IF EXISTS `po_trans`;
/*!40101 SET @saved_cs_client     = @@character_set_client */;
/*!50503 SET character_set_client = utf8mb4 */;
CREATE TABLE `po_trans` (
  `prefix` varchar(2) NOT NULL DEFAULT 'PO',
  `id` int unsigned NOT NULL AUTO_INCREMENT,
  `parent` char(13) DEFAULT NULL,
  `line` int NOT NULL DEFAULT '0',
  `item_code` char(13) DEFAULT NULL,
  `barcode` char(13) DEFAULT NULL,
  `item_description` text NOT NULL,
  `packing` text,
  `pack_desc` text,
  `pack_um` decimal(10,2) DEFAULT '0.00',
  `qty` decimal(10,2) DEFAULT '0.00',
  `cost` decimal(10,2) DEFAULT '0.00',
  `total_cost` decimal(10,2) DEFAULT '0.00',
  `date_added` date DEFAULT (curdate()),
  `owner` char(13) DEFAULT NULL,
  `status` int DEFAULT '0',
  PRIMARY KEY (`id`),
  UNIQUE KEY `id` (`id`)
) ENGINE=InnoDB AUTO_INCREMENT=1000006 DEFAULT CHARSET=utf8mb4 COLLATE=utf8mb4_0900_ai_ci;
/*!40101 SET character_set_client = @saved_cs_client */;

--
-- Dumping data for table `po_trans`
--

LOCK TABLES `po_trans` WRITE;
/*!40000 ALTER TABLE `po_trans` DISABLE KEYS */;
INSERT INTO `po_trans` VALUES ('PO',1000001,'PO1000001',1,'1000000002','6033000340085','STORM ENERGY LG','PCS','PCS',0.00,2.00,30.00,60.00,'2022-10-17','Demo User',0),('PO',1000002,'PO1000002',1,'1000000003','6034000181036','BEL-AQUA SMALL','PCS','PCS',0.00,1.00,20.00,20.00,'2023-01-19','Demo User',0),('PO',1000003,'PO1000003',1,'1000000005','0987654321','GAUVA JUICE','12 * 1CTN','CTN',0.00,2.00,100.00,200.00,'2023-05-24','Demo User',0),('PO',1000004,'PO1000004',1,'1000000002','6033000340085','STORM ENERGY LG','PCS','PCS',0.00,200.00,6.00,10700.00,'2023-05-25','Demo User',0),('PO',1000005,'PO1000004',2,'1000000004','17264738','Note Pad Small',' PCS','PCS',0.00,100.00,95.00,10700.00,'2023-05-25','Demo User',0);
/*!40000 ALTER TABLE `po_trans` ENABLE KEYS */;
UNLOCK TABLES;

--
-- Table structure for table `price_change`
--

DROP TABLE IF EXISTS `price_change`;
/*!40101 SET @saved_cs_client     = @@character_set_client */;
/*!50503 SET character_set_client = utf8mb4 */;
CREATE TABLE `price_change` (
  `id` int NOT NULL AUTO_INCREMENT,
  `item_code` int NOT NULL,
  `price_type` text,
  `previous` decimal(10,2) NOT NULL,
  `current` decimal(10,2) NOT NULL,
  PRIMARY KEY (`id`),
  KEY `price_change_with_product` (`item_code`),
  CONSTRAINT `price_change_with_product` FOREIGN KEY (`item_code`) REFERENCES `prod_master` (`item_code`) ON DELETE CASCADE ON UPDATE CASCADE
) ENGINE=InnoDB AUTO_INCREMENT=17 DEFAULT CHARSET=utf8mb4 COLLATE=utf8mb4_0900_ai_ci;
/*!40101 SET character_set_client = @saved_cs_client */;

--
-- Dumping data for table `price_change`
--

LOCK TABLES `price_change` WRITE;
/*!40000 ALTER TABLE `price_change` DISABLE KEYS */;
INSERT INTO `price_change` VALUES (2,1000000002,'r',100.00,1.00),(3,1000000002,'c',100.00,1.00),(4,1000000002,'r',100.00,1.00),(5,1000000003,'r',2.00,2.00),(6,1000000004,'r',5.00,5.00),(7,1000000003,'c',3.00,20.00),(8,1000000003,'r',2.00,500.00),(9,1000000005,'r',100.00,100.00),(10,1000000005,'c',100.00,100.00),(11,1000000005,'r',100.00,100.00),(12,1000000002,'c',100.00,1.00),(13,1000000002,'r',100.00,1.00),(14,1000000004,'c',2.00,95.00),(15,1000000004,'r',5.00,100.00),(16,1000000006,'r',7.00,7.00);
/*!40000 ALTER TABLE `price_change` ENABLE KEYS */;
UNLOCK TABLES;

--
-- Table structure for table `prod_disc`
--

DROP TABLE IF EXISTS `prod_disc`;
/*!40101 SET @saved_cs_client     = @@character_set_client */;
/*!50503 SET character_set_client = utf8mb4 */;
CREATE TABLE `prod_disc` (
  `id` int NOT NULL AUTO_INCREMENT,
  `prod_code` text NOT NULL,
  `rate` decimal(10,0) NOT NULL DEFAULT '0',
  PRIMARY KEY (`id`)
) ENGINE=InnoDB DEFAULT CHARSET=utf8mb4 COLLATE=utf8mb4_0900_ai_ci;
/*!40101 SET character_set_client = @saved_cs_client */;

--
-- Dumping data for table `prod_disc`
--

LOCK TABLES `prod_disc` WRITE;
/*!40000 ALTER TABLE `prod_disc` DISABLE KEYS */;
/*!40000 ALTER TABLE `prod_disc` ENABLE KEYS */;
UNLOCK TABLES;

--
-- Table structure for table `prod_expiry`
--

DROP TABLE IF EXISTS `prod_expiry`;
/*!40101 SET @saved_cs_client     = @@character_set_client */;
/*!50503 SET character_set_client = utf8mb4 */;
CREATE TABLE `prod_expiry` (
  `id` int NOT NULL AUTO_INCREMENT,
  `item_code` char(10) NOT NULL,
  `expiry_date` date DEFAULT NULL,
  PRIMARY KEY (`id`)
) ENGINE=InnoDB AUTO_INCREMENT=7 DEFAULT CHARSET=utf8mb4 COLLATE=utf8mb4_0900_ai_ci;
/*!40101 SET character_set_client = @saved_cs_client */;

--
-- Dumping data for table `prod_expiry`
--

LOCK TABLES `prod_expiry` WRITE;
/*!40000 ALTER TABLE `prod_expiry` DISABLE KEYS */;
INSERT INTO `prod_expiry` VALUES (1,'1000000001','2022-11-04'),(2,'1000000002','2022-11-04'),(3,'1000000003','2022-11-04'),(4,'1000000004','2022-12-31'),(5,'1000000005','2023-06-08'),(6,'1000000006','2023-10-07');
/*!40000 ALTER TABLE `prod_expiry` ENABLE KEYS */;
UNLOCK TABLES;

--
-- Table structure for table `prod_mast`
--

DROP TABLE IF EXISTS `prod_mast`;
/*!40101 SET @saved_cs_client     = @@character_set_client */;
/*!50503 SET character_set_client = utf8mb4 */;
CREATE TABLE `prod_mast` (
  `id` int NOT NULL AUTO_INCREMENT,
  `item_grp` int NOT NULL,
  `item_uni` text DEFAULT (md5(`desc`)),
  `barcode` char(255) NOT NULL COMMENT 'barcode of item',
  `desc` text NOT NULL COMMENT 'item description',
  `cost` decimal(10,2) NOT NULL COMMENT 'cost price of the item from supplier',
  `retail` decimal(10,2) NOT NULL COMMENT 'how much is it sold for',
  `tax_grp` int NOT NULL DEFAULT '0' COMMENT 'id of tax this belongs oo',
  `discount` int DEFAULT '0',
  `discount_rate` decimal(10,2) DEFAULT '0.00',
  `stock_type` int NOT NULL DEFAULT '1',
  `prev_retail` decimal(10,2) DEFAULT '0.00',
  `sub_grp` int DEFAULT NULL,
  PRIMARY KEY (`id`),
  UNIQUE KEY `barcode` (`barcode`),
  KEY `stock_typ` (`stock_type`)
) ENGINE=InnoDB AUTO_INCREMENT=1000000007 DEFAULT CHARSET=utf8mb4 COLLATE=utf8mb4_0900_ai_ci;
/*!40101 SET character_set_client = @saved_cs_client */;

--
-- Dumping data for table `prod_mast`
--

LOCK TABLES `prod_mast` WRITE;
/*!40000 ALTER TABLE `prod_mast` DISABLE KEYS */;
INSERT INTO `prod_mast` VALUES (1000000002,14,'c6a3d4170f794b2891d1c767f2979fc4','6033000340085','STORM ENERGY LG',6.00,1.00,9,0,0.00,1,0.00,4),(1000000003,14,'dfe908449482ecfab5745dec91e4c884','6034000181036','BEL-AQUA SMALL',20.00,500.00,9,0,0.00,1,0.00,5),(1000000004,16,'d0f56d04eb5460e3e7a59d7dfdea2207','17264738','Note Pad Small',95.00,100.00,9,0,0.00,1,0.00,6),(1000000005,17,'ca58e662336b142a17a1c2a4e664a4c8','0987654321','GAUVA JUICE',8.33,100.00,1,0,0.00,1,0.00,7),(1000000006,15,'80b20f1c3eec4b182653e83d947f468d','54646467564','ORANGE',5.00,7.00,9,0,0.00,2,0.00,1);
/*!40000 ALTER TABLE `prod_mast` ENABLE KEYS */;
UNLOCK TABLES;

--
-- Table structure for table `prod_master`
--

DROP TABLE IF EXISTS `prod_master`;
/*!40101 SET @saved_cs_client     = @@character_set_client */;
/*!50503 SET character_set_client = utf8mb4 */;
CREATE TABLE `prod_master` (
  `item_code` int NOT NULL AUTO_INCREMENT,
  `item_uni` text DEFAULT (md5(`item_desc`)),
  `group` int NOT NULL,
  `sub_group` int NOT NULL,
  `supplier` text,
  `barcode` char(255) NOT NULL COMMENT 'barcode of item',
  `item_desc` text NOT NULL COMMENT 'item description',
  `item_desc1` text NOT NULL COMMENT 'item description',
  `cost` decimal(10,2) NOT NULL COMMENT 'cost price of the item from supplier',
  `retail` decimal(10,2) NOT NULL COMMENT 'how much is it sold for',
  `tax` int NOT NULL DEFAULT '0' COMMENT 'id of tax this belongs oo',
  `packing` int NOT NULL DEFAULT '0' COMMENT 'Packaging',
  `stock_type` int NOT NULL DEFAULT '0' COMMENT 'Stock Type',
  `expiry_date` char(10) DEFAULT NULL COMMENT 'Date Expiring',
  `special_price` int NOT NULL DEFAULT '0' COMMENT 'Special Price',
  `discount` int DEFAULT '0',
  `discount_rate` decimal(10,2) DEFAULT '0.00',
  `prev_retail` decimal(10,2) DEFAULT '0.00',
  `owner` varchar(200) DEFAULT 'master',
  `created_at` date DEFAULT (curdate()),
  `edited_at` date DEFAULT (curdate()),
  `edited_by` varchar(200) DEFAULT NULL,
  PRIMARY KEY (`item_code`),
  UNIQUE KEY `barcode` (`barcode`)
) ENGINE=InnoDB AUTO_INCREMENT=1000000007 DEFAULT CHARSET=utf8mb4 COLLATE=utf8mb4_0900_ai_ci;
/*!40101 SET character_set_client = @saved_cs_client */;

--
-- Dumping data for table `prod_master`
--

LOCK TABLES `prod_master` WRITE;
/*!40000 ALTER TABLE `prod_master` DISABLE KEYS */;
INSERT INTO `prod_master` VALUES (1000000002,'c6a3d4170f794b2891d1c767f2979fc4',14,4,'EMD','6033000340085','STORM ENERGY LG','STORM ENERGY LG',6.00,1.00,9,5,1,'2023-01-31',0,0,0.00,8.00,'Demo User','2022-10-16','2023-01-29','Demo User'),(1000000003,'dfe908449482ecfab5745dec91e4c884',14,5,'FEA','6034000181036','BEL-AQUA SMALL','BEL-AQUA SMALL',20.00,500.00,9,5,1,'2022-11-04',0,0,0.00,2.00,'Demo User','2022-10-17','2022-10-17',NULL),(1000000004,'d0f56d04eb5460e3e7a59d7dfdea2207',16,6,'EMD','17264738','Note Pad Small','Note Pad Small',95.00,100.00,9,5,1,'2022-12-31',0,0,0.00,5.00,'Demo User','2022-12-06','2022-12-25','Demo User'),(1000000005,'ca58e662336b142a17a1c2a4e664a4c8',17,7,'FEA','0987654321','GAUVA JUICE','GAUVA JUICE',8.33,100.00,1,5,1,'2023-06-08',0,0,0.00,100.00,'Demo User','2023-05-24','2023-01-29','Demo User'),(1000000006,'80b20f1c3eec4b182653e83d947f468d',15,1,'FEA','54646467564','ORANGE','ORANGE',5.00,7.00,9,5,2,'2023-10-07',0,0,0.00,7.00,'Demo User','2023-09-18','2023-09-18',NULL);
/*!40000 ALTER TABLE `prod_master` ENABLE KEYS */;
UNLOCK TABLES;

--
-- Table structure for table `prod_packing`
--

DROP TABLE IF EXISTS `prod_packing`;
/*!40101 SET @saved_cs_client     = @@character_set_client */;
/*!50503 SET character_set_client = utf8mb4 */;
CREATE TABLE `prod_packing` (
  `id` int NOT NULL AUTO_INCREMENT,
  `item_code` char(10) NOT NULL,
  `pack_id` char(3) NOT NULL,
  `qty` decimal(10,2) NOT NULL,
  `purpose` int DEFAULT '1',
  `pack_desc` text NOT NULL,
  PRIMARY KEY (`id`)
) ENGINE=InnoDB AUTO_INCREMENT=13 DEFAULT CHARSET=utf8mb4 COLLATE=utf8mb4_0900_ai_ci;
/*!40101 SET character_set_client = @saved_cs_client */;

--
-- Dumping data for table `prod_packing`
--

LOCK TABLES `prod_packing` WRITE;
/*!40000 ALTER TABLE `prod_packing` DISABLE KEYS */;
INSERT INTO `prod_packing` VALUES (3,'1000000002','5',1.00,1,'    PCS'),(4,'1000000002','5',1.00,2,'    PCS'),(5,'1000000003','5',1.00,1,'PCS'),(6,'1000000003','5',1.00,2,'PCS'),(7,'1000000004','5',1.00,1,' PCS'),(8,'1000000004','5',1.00,2,' PCS'),(9,'1000000005','5',1.00,1,'    PCS'),(10,'1000000005','5',12.00,2,'   12 * 1CTN'),(11,'1000000006','5',1.00,1,'PCS'),(12,'1000000006','5',1.00,2,'PCS');
/*!40000 ALTER TABLE `prod_packing` ENABLE KEYS */;
UNLOCK TABLES;

--
-- Table structure for table `prod_supplier`
--

DROP TABLE IF EXISTS `prod_supplier`;
/*!40101 SET @saved_cs_client     = @@character_set_client */;
/*!50503 SET character_set_client = utf8mb4 */;
CREATE TABLE `prod_supplier` (
  `sp_id` int NOT NULL AUTO_INCREMENT,
  `item_code` int DEFAULT NULL,
  `supplier_code` text,
  `level` int DEFAULT '0',
  PRIMARY KEY (`sp_id`),
  KEY `prod_supplier_prod` (`item_code`),
  CONSTRAINT `prod_supplier_prod` FOREIGN KEY (`item_code`) REFERENCES `prod_master` (`item_code`) ON UPDATE CASCADE
) ENGINE=InnoDB DEFAULT CHARSET=utf8mb4 COLLATE=utf8mb4_0900_ai_ci COMMENT='Suppliers for each product';
/*!40101 SET character_set_client = @saved_cs_client */;

--
-- Dumping data for table `prod_supplier`
--

LOCK TABLES `prod_supplier` WRITE;
/*!40000 ALTER TABLE `prod_supplier` DISABLE KEYS */;
/*!40000 ALTER TABLE `prod_supplier` ENABLE KEYS */;
UNLOCK TABLES;

--
-- Table structure for table `refund`
--

DROP TABLE IF EXISTS `refund`;
/*!40101 SET @saved_cs_client     = @@character_set_client */;
/*!50503 SET character_set_client = utf8mb4 */;
CREATE TABLE `refund` (
  `id` int NOT NULL AUTO_INCREMENT,
  `bill_number` int DEFAULT NULL,
  `amount_refund` decimal(50,2) DEFAULT NULL,
  `receptionist` text,
  `date` date DEFAULT (curdate()),
  `reason` text,
  `customer` text,
  PRIMARY KEY (`id`)
) ENGINE=InnoDB AUTO_INCREMENT=2 DEFAULT CHARSET=utf8mb4 COLLATE=utf8mb4_0900_ai_ci;
/*!40101 SET character_set_client = @saved_cs_client */;

--
-- Dumping data for table `refund`
--

LOCK TABLES `refund` WRITE;
/*!40000 ALTER TABLE `refund` DISABLE KEYS */;
/*!40000 ALTER TABLE `refund` ENABLE KEYS */;
UNLOCK TABLES;

--
-- Table structure for table `sales`
--

DROP TABLE IF EXISTS `sales`;
/*!40101 SET @saved_cs_client     = @@character_set_client */;
/*!50503 SET character_set_client = utf8mb4 */;
CREATE TABLE `sales` (
  `id` int NOT NULL AUTO_INCREMENT,
  `value` double(6,2) DEFAULT NULL,
  `stage` text,
  `day` text,
  `month` text,
  `year` text,
  UNIQUE KEY `id` (`id`)
) ENGINE=InnoDB DEFAULT CHARSET=utf8mb4 COLLATE=utf8mb4_0900_ai_ci;
/*!40101 SET character_set_client = @saved_cs_client */;

--
-- Dumping data for table `sales`
--

LOCK TABLES `sales` WRITE;
/*!40000 ALTER TABLE `sales` DISABLE KEYS */;
/*!40000 ALTER TABLE `sales` ENABLE KEYS */;
UNLOCK TABLES;

--
-- Table structure for table `screens`
--

DROP TABLE IF EXISTS `screens`;
/*!40101 SET @saved_cs_client     = @@character_set_client */;
/*!50503 SET character_set_client = utf8mb4 */;
CREATE TABLE `screens` (
  `id` int unsigned NOT NULL AUTO_INCREMENT,
  `module` varchar(45) DEFAULT NULL,
  `sub_module` varchar(45) DEFAULT NULL,
  `created_on` date DEFAULT (curdate()),
  `scr_uni` varchar(50) DEFAULT (md5(concat(`created_on`,`module`))),
  PRIMARY KEY (`id`)
) ENGINE=InnoDB AUTO_INCREMENT=3 DEFAULT CHARSET=utf8mb4 COLLATE=utf8mb4_0900_ai_ci;
/*!40101 SET character_set_client = @saved_cs_client */;

--
-- Dumping data for table `screens`
--

LOCK TABLES `screens` WRITE;
/*!40000 ALTER TABLE `screens` DISABLE KEYS */;
INSERT INTO `screens` VALUES (1,'system','system','2022-10-07','68163190628fc15bd74abb07fb5f649e'),(2,'home','home','2022-10-12','01945175308d9f6b35959990b19ef879');
/*!40000 ALTER TABLE `screens` ENABLE KEYS */;
UNLOCK TABLES;

--
-- Table structure for table `shifts`
--

DROP TABLE IF EXISTS `shifts`;
/*!40101 SET @saved_cs_client     = @@character_set_client */;
/*!50503 SET character_set_client = utf8mb4 */;
CREATE TABLE `shifts` (
  `recId` int NOT NULL AUTO_INCREMENT,
  `shift_no` int DEFAULT NULL,
  `clerk` text,
  `mech_no` int NOT NULL,
  `shift_date` date DEFAULT (curdate()),
  `endate` date DEFAULT NULL,
  `start_time` time DEFAULT (curtime()),
  `end_time` time DEFAULT (NULL),
  PRIMARY KEY (`recId`),
  UNIQUE KEY `recId` (`recId`)
) ENGINE=InnoDB AUTO_INCREMENT=20 DEFAULT CHARSET=utf8mb4 COLLATE=utf8mb4_0900_ai_ci;
/*!40101 SET character_set_client = @saved_cs_client */;

--
-- Dumping data for table `shifts`
--

LOCK TABLES `shifts` WRITE;
/*!40000 ALTER TABLE `shifts` DISABLE KEYS */;
INSERT INTO `shifts` VALUES (18,1,'411',1,'2023-01-29','2023-05-25','19:24:28',NULL);
/*!40000 ALTER TABLE `shifts` ENABLE KEYS */;
UNLOCK TABLES;

--
-- Table structure for table `stk_tran`
--

DROP TABLE IF EXISTS `stk_tran`;
/*!40101 SET @saved_cs_client     = @@character_set_client */;
/*!50503 SET character_set_client = utf8mb4 */;
CREATE TABLE `stk_tran` (
  `entry_no` char(12) NOT NULL,
  `doc` char(2) NOT NULL,
  `item_code` int NOT NULL,
  `loc_fro` char(3) NOT NULL,
  `loc_to` char(3) NOT NULL,
  `pack_desc` text NOT NULL,
  `pack_un` decimal(10,2) NOT NULL,
  `tran_qty` decimal(10,2) NOT NULL,
  `date_created` date NOT NULL DEFAULT (curdate()),
  `time_created` time NOT NULL DEFAULT (curtime()),
  PRIMARY KEY (`doc`,`entry_no`,`item_code`),
  KEY `stk_check_prod_mast_id_fk` (`item_code`),
  CONSTRAINT `stk_check_prod_mast_id_fk` FOREIGN KEY (`item_code`) REFERENCES `prod_master` (`item_code`)
) ENGINE=InnoDB DEFAULT CHARSET=utf8mb4 COLLATE=utf8mb4_0900_ai_ci;
/*!40101 SET character_set_client = @saved_cs_client */;

--
-- Dumping data for table `stk_tran`
--

LOCK TABLES `stk_tran` WRITE;
/*!40000 ALTER TABLE `stk_tran` DISABLE KEYS */;
INSERT INTO `stk_tran` VALUES ('GR1000011','GR',1000000002,'','001','PCS',1.00,200.00,'2023-05-26','05:16:59'),('GR1000011','GR',1000000004,'','001',' PCS',1.00,100.00,'2023-05-26','05:16:59');
/*!40000 ALTER TABLE `stk_tran` ENABLE KEYS */;
UNLOCK TABLES;

--
-- Table structure for table `stock`
--

DROP TABLE IF EXISTS `stock`;
/*!40101 SET @saved_cs_client     = @@character_set_client */;
/*!50503 SET character_set_client = utf8mb4 */;
CREATE TABLE `stock` (
  `id` int NOT NULL AUTO_INCREMENT,
  `item_code` char(10) NOT NULL,
  `loc_id` char(3) NOT NULL,
  `qty` decimal(14,2) NOT NULL,
  `ob_qty` decimal(14,2) DEFAULT NULL,
  PRIMARY KEY (`id`)
) ENGINE=InnoDB AUTO_INCREMENT=6 DEFAULT CHARSET=utf8mb4 COLLATE=utf8mb4_0900_ai_ci;
/*!40101 SET character_set_client = @saved_cs_client */;

--
-- Dumping data for table `stock`
--

LOCK TABLES `stock` WRITE;
/*!40000 ALTER TABLE `stock` DISABLE KEYS */;
INSERT INTO `stock` VALUES (1,'1000000002','001',2.00,NULL),(2,'1000000003','001',1.00,NULL),(3,'1000000005','001',24.00,NULL),(4,'1000000002','001',200.00,NULL),(5,'1000000004','001',100.00,NULL);
/*!40000 ALTER TABLE `stock` ENABLE KEYS */;
UNLOCK TABLES;

--
-- Table structure for table `stock_master`
--

DROP TABLE IF EXISTS `stock_master`;
/*!40101 SET @saved_cs_client     = @@character_set_client */;
/*!50503 SET character_set_client = utf8mb4 */;
CREATE TABLE `stock_master` (
  `id` int NOT NULL AUTO_INCREMENT,
  `desc` char(255) NOT NULL,
  PRIMARY KEY (`id`),
  UNIQUE KEY `desc` (`desc`)
) ENGINE=InnoDB AUTO_INCREMENT=4 DEFAULT CHARSET=utf8mb4 COLLATE=utf8mb4_0900_ai_ci;
/*!40101 SET character_set_client = @saved_cs_client */;

--
-- Dumping data for table `stock_master`
--

LOCK TABLES `stock_master` WRITE;
/*!40000 ALTER TABLE `stock_master` DISABLE KEYS */;
INSERT INTO `stock_master` VALUES (3,'DISCONTINUED'),(2,'NON-STOCk'),(1,'REGULAR');
/*!40000 ALTER TABLE `stock_master` ENABLE KEYS */;
UNLOCK TABLES;

--
-- Table structure for table `stock_type`
--

DROP TABLE IF EXISTS `stock_type`;
/*!40101 SET @saved_cs_client     = @@character_set_client */;
/*!50503 SET character_set_client = utf8mb4 */;
CREATE TABLE `stock_type` (
  `id` int NOT NULL AUTO_INCREMENT,
  `description` text NOT NULL,
  PRIMARY KEY (`id`)
) ENGINE=InnoDB AUTO_INCREMENT=4 DEFAULT CHARSET=utf8mb4 COLLATE=utf8mb4_0900_ai_ci;
/*!40101 SET character_set_client = @saved_cs_client */;

--
-- Dumping data for table `stock_type`
--

LOCK TABLES `stock_type` WRITE;
/*!40000 ALTER TABLE `stock_type` DISABLE KEYS */;
INSERT INTO `stock_type` VALUES (1,'REGULAR'),(2,'NON-STOCk'),(3,'DISCONTINUED');
/*!40000 ALTER TABLE `stock_type` ENABLE KEYS */;
UNLOCK TABLES;

--
-- Table structure for table `sub_categories`
--

DROP TABLE IF EXISTS `sub_categories`;
/*!40101 SET @saved_cs_client     = @@character_set_client */;
/*!50503 SET character_set_client = utf8mb4 */;
CREATE TABLE `sub_categories` (
  `id` int NOT NULL AUTO_INCREMENT,
  `category` int NOT NULL,
  `description` text,
  `tax_group` int NOT NULL,
  `owner` text NOT NULL,
  `date_created` timestamp NOT NULL DEFAULT CURRENT_TIMESTAMP,
  PRIMARY KEY (`id`)
) ENGINE=InnoDB DEFAULT CHARSET=utf8mb4 COLLATE=utf8mb4_0900_ai_ci;
/*!40101 SET character_set_client = @saved_cs_client */;

--
-- Dumping data for table `sub_categories`
--

LOCK TABLES `sub_categories` WRITE;
/*!40000 ALTER TABLE `sub_categories` DISABLE KEYS */;
/*!40000 ALTER TABLE `sub_categories` ENABLE KEYS */;
UNLOCK TABLES;

--
-- Table structure for table `supp_mast`
--

DROP TABLE IF EXISTS `supp_mast`;
/*!40101 SET @saved_cs_client     = @@character_set_client */;
/*!50503 SET character_set_client = utf8mb4 */;
CREATE TABLE `supp_mast` (
  `supp_id` text NOT NULL,
  `created_at` timestamp NOT NULL DEFAULT CURRENT_TIMESTAMP,
  `supp_name` varchar(255) DEFAULT NULL,
  `tax_grp` int DEFAULT '0',
  KEY `supp_mast_tax_master_id_fk` (`tax_grp`),
  CONSTRAINT `supp_mast_tax_master_id_fk` FOREIGN KEY (`tax_grp`) REFERENCES `tax_master` (`id`) ON UPDATE CASCADE
) ENGINE=InnoDB DEFAULT CHARSET=utf8mb4 COLLATE=utf8mb4_0900_ai_ci;
/*!40101 SET character_set_client = @saved_cs_client */;

--
-- Dumping data for table `supp_mast`
--

LOCK TABLES `supp_mast` WRITE;
/*!40000 ALTER TABLE `supp_mast` DISABLE KEYS */;
INSERT INTO `supp_mast` VALUES ('EMD','2022-10-16 22:56:31','EMADON',1),('FEA','2022-10-16 22:57:26','FAR-EAST',1);
/*!40000 ALTER TABLE `supp_mast` ENABLE KEYS */;
UNLOCK TABLES;

--
-- Table structure for table `sys_settings`
--

DROP TABLE IF EXISTS `sys_settings`;
/*!40101 SET @saved_cs_client     = @@character_set_client */;
/*!50503 SET character_set_client = utf8mb4 */;
CREATE TABLE `sys_settings` (
  `set_key` char(255) NOT NULL,
  `set_value` text,
  `set_desc` text,
  `set_status` int DEFAULT (0),
  UNIQUE KEY `set_key` (`set_key`)
) ENGINE=InnoDB DEFAULT CHARSET=utf8mb4 COLLATE=utf8mb4_0900_ai_ci;
/*!40101 SET character_set_client = @saved_cs_client */;

--
-- Dumping data for table `sys_settings`
--

LOCK TABLES `sys_settings` WRITE;
/*!40000 ALTER TABLE `sys_settings` DISABLE KEYS */;
INSERT INTO `sys_settings` VALUES ('bill_print','on','bill_print',1),('evat','on','evat',0);
/*!40000 ALTER TABLE `sys_settings` ENABLE KEYS */;
UNLOCK TABLES;

--
-- Table structure for table `system_buttons`
--

DROP TABLE IF EXISTS `system_buttons`;
/*!40101 SET @saved_cs_client     = @@character_set_client */;
/*!50503 SET character_set_client = utf8mb4 */;
CREATE TABLE `system_buttons` (
  `button_id` int NOT NULL AUTO_INCREMENT,
  `module` text,
  `sub_module` text,
  `sub_sub_module` text,
  `descr` text,
  `elem_id` char(255) DEFAULT NULL,
  `elem_name` char(255) DEFAULT NULL,
  `status` int DEFAULT '1',
  `target_id` text COMMENT 'if there is a target div this will target it on button invoking',
  PRIMARY KEY (`button_id`),
  UNIQUE KEY `elem_id` (`elem_id`)
) ENGINE=InnoDB AUTO_INCREMENT=6 DEFAULT CHARSET=utf8mb4 COLLATE=utf8mb4_0900_ai_ci COMMENT='This will hold buttons of sensitve parts of the system';
/*!40101 SET character_set_client = @saved_cs_client */;

--
-- Dumping data for table `system_buttons`
--

LOCK TABLES `system_buttons` WRITE;
/*!40000 ALTER TABLE `system_buttons` DISABLE KEYS */;
INSERT INTO `system_buttons` VALUES (1,'inventory','products','product_details','PRICES','inv_prod_prices','inv_prod_prices',1,'price'),(2,'inventory','products','product_details','STOCK','inv_prod_stock','inv_prod_stock',1,'stock'),(3,'inventory','products','product_details','PACKING','inv_prod_packing_tab','inv_prod_packing_tab',1,'packing_tab'),(4,'inventory','products','product_details','BARCODE','inv_prod_more_barcode','inv_prod_more_barcode',1,'more_barcode'),(5,'inventory','products','product_details','SUPPLIER','inv_prod_more_supplier','inv_prod_more_supplier',1,'more_supplier');
/*!40000 ALTER TABLE `system_buttons` ENABLE KEYS */;
UNLOCK TABLES;

--
-- Table structure for table `tax_master`
--

DROP TABLE IF EXISTS `tax_master`;
/*!40101 SET @saved_cs_client     = @@character_set_client */;
/*!50503 SET character_set_client = utf8mb4 */;
CREATE TABLE `tax_master` (
  `id` int NOT NULL AUTO_INCREMENT,
  `description` text NOT NULL,
  `rate` int NOT NULL,
  `date_added` text NOT NULL,
  `time_added` text NOT NULL,
  `owner` text NOT NULL,
  `active` int DEFAULT '0' COMMENT '1 means tax is enabled, 0 means not',
  `type` varchar(20) DEFAULT NULL,
  `attr` char(3) NOT NULL,
  `cls` varchar(20) DEFAULT NULL,
  PRIMARY KEY (`id`),
  UNIQUE KEY `tax_master_attr_uindex` (`attr`)
) ENGINE=InnoDB AUTO_INCREMENT=10 DEFAULT CHARSET=utf8mb4 COLLATE=utf8mb4_0900_ai_ci;
/*!40101 SET character_set_client = @saved_cs_client */;

--
-- Dumping data for table `tax_master`
--

LOCK TABLES `tax_master` WRITE;
/*!40000 ALTER TABLE `tax_master` DISABLE KEYS */;
INSERT INTO `tax_master` VALUES (1,'Non-Taxable',0,'2022-09-25','13:22:35','2',1,'flat','V0',NULL),(8,'VAT',3,'2022-10-17','2:29:50','2',1,'flat','V3',NULL),(9,'MULTI-TAX',15,'2022-12-18','15:20:23','2',1,'multi','VM',NULL);
/*!40000 ALTER TABLE `tax_master` ENABLE KEYS */;
UNLOCK TABLES;

--
-- Table structure for table `tax_trans`
--

DROP TABLE IF EXISTS `tax_trans`;
/*!40101 SET @saved_cs_client     = @@character_set_client */;
/*!50503 SET character_set_client = utf8mb4 */;
CREATE TABLE `tax_trans` (
  `id` int NOT NULL AUTO_INCREMENT,
  `doc` char(3) DEFAULT NULL,
  `entry_no` varchar(13) DEFAULT NULL,
  `tax_amt` decimal(10,2) DEFAULT '0.00',
  `created_on` timestamp NOT NULL DEFAULT CURRENT_TIMESTAMP,
  PRIMARY KEY (`id`)
) ENGINE=InnoDB AUTO_INCREMENT=10 DEFAULT CHARSET=utf8mb4 COLLATE=utf8mb4_0900_ai_ci;
/*!40101 SET character_set_client = @saved_cs_client */;

--
-- Dumping data for table `tax_trans`
--

LOCK TABLES `tax_trans` WRITE;
/*!40000 ALTER TABLE `tax_trans` DISABLE KEYS */;
INSERT INTO `tax_trans` VALUES (6,'GR','GR1000008',0.00,'2022-10-17 00:36:00'),(7,'GR','GR1000009',0.00,'2023-01-19 13:20:11'),(8,'GR','GR1000010',0.00,'2023-05-24 10:08:56'),(9,'GR','GR1000011',0.00,'2023-05-25 21:53:06');
/*!40000 ALTER TABLE `tax_trans` ENABLE KEYS */;
UNLOCK TABLES;

--
-- Table structure for table `user_access`
--

DROP TABLE IF EXISTS `user_access`;
/*!40101 SET @saved_cs_client     = @@character_set_client */;
/*!50503 SET character_set_client = utf8mb4 */;
CREATE TABLE `user_access` (
  `id` int NOT NULL AUTO_INCREMENT,
  `group` int NOT NULL,
  `screen` int NOT NULL,
  `read` int DEFAULT '1',
  `write` int DEFAULT '0',
  `print` int DEFAULT '0',
  PRIMARY KEY (`id`),
  UNIQUE KEY `id_UNIQUE` (`id`)
) ENGINE=InnoDB AUTO_INCREMENT=5 DEFAULT CHARSET=utf8mb4 COLLATE=utf8mb4_0900_ai_ci;
/*!40101 SET character_set_client = @saved_cs_client */;

--
-- Dumping data for table `user_access`
--

LOCK TABLES `user_access` WRITE;
/*!40000 ALTER TABLE `user_access` DISABLE KEYS */;
INSERT INTO `user_access` VALUES (1,3,1,1,0,0),(2,0,2,0,0,0),(3,4,1,1,0,0),(4,4,2,1,0,0);
/*!40000 ALTER TABLE `user_access` ENABLE KEYS */;
UNLOCK TABLES;

--
-- Table structure for table `user_group`
--

DROP TABLE IF EXISTS `user_group`;
/*!40101 SET @saved_cs_client     = @@character_set_client */;
/*!50503 SET character_set_client = utf8mb4 */;
CREATE TABLE `user_group` (
  `id` int NOT NULL AUTO_INCREMENT,
  `descr` char(45) DEFAULT NULL,
  `created_on` date DEFAULT (curdate()),
  `created_on_time` time DEFAULT (curtime()),
  `remarks` text,
  PRIMARY KEY (`id`),
  UNIQUE KEY `descr_UNIQUE` (`descr`)
) ENGINE=InnoDB AUTO_INCREMENT=5 DEFAULT CHARSET=utf8mb4 COLLATE=utf8mb4_0900_ai_ci;
/*!40101 SET character_set_client = @saved_cs_client */;

--
-- Dumping data for table `user_group`
--

LOCK TABLES `user_group` WRITE;
/*!40000 ALTER TABLE `user_group` DISABLE KEYS */;
INSERT INTO `user_group` VALUES (1,'Administrator','2022-09-25','16:01:32','Group for system administrator'),(2,'Standard Users','2022-09-25','16:57:13','This is a test for standard users'),(3,'Procurement','2022-09-25','16:59:32','Procurement Only'),(4,'Clerk','2022-12-18','16:43:06','Group for cashiers');
/*!40000 ALTER TABLE `user_group` ENABLE KEYS */;
UNLOCK TABLES;

--
-- Table structure for table `user_login_log`
--

DROP TABLE IF EXISTS `user_login_log`;
/*!40101 SET @saved_cs_client     = @@character_set_client */;
/*!50503 SET character_set_client = utf8mb4 */;
CREATE TABLE `user_login_log` (
  `id` int NOT NULL AUTO_INCREMENT,
  `user_id` int NOT NULL,
  `username` text NOT NULL,
  `func` text NOT NULL,
  `date_created` date NOT NULL DEFAULT (curdate()),
  `time` time DEFAULT (curtime()),
  PRIMARY KEY (`id`)
) ENGINE=InnoDB AUTO_INCREMENT=129 DEFAULT CHARSET=utf8mb4 COLLATE=utf8mb4_0900_ai_ci;
/*!40101 SET character_set_client = @saved_cs_client */;

--
-- Dumping data for table `user_login_log`
--

LOCK TABLES `user_login_log` WRITE;
/*!40000 ALTER TABLE `user_login_log` DISABLE KEYS */;
/*!40000 ALTER TABLE `user_login_log` ENABLE KEYS */;
UNLOCK TABLES;

--
-- Table structure for table `user_task`
--

DROP TABLE IF EXISTS `user_task`;
/*!40101 SET @saved_cs_client     = @@character_set_client */;
/*!50503 SET character_set_client = utf8mb4 */;
CREATE TABLE `user_task` (
  `id` int NOT NULL AUTO_INCREMENT,
  `user` text NOT NULL,
  `task_status` int NOT NULL DEFAULT '1',
  `task` text NOT NULL,
  `message` text NOT NULL,
  `date_created` timestamp NOT NULL DEFAULT CURRENT_TIMESTAMP,
  PRIMARY KEY (`id`)
) ENGINE=InnoDB AUTO_INCREMENT=7 DEFAULT CHARSET=utf8mb4 COLLATE=utf8mb4_0900_ai_ci;
/*!40101 SET character_set_client = @saved_cs_client */;

--
-- Dumping data for table `user_task`
--

LOCK TABLES `user_task` WRITE;
/*!40000 ALTER TABLE `user_task` DISABLE KEYS */;
/*!40000 ALTER TABLE `user_task` ENABLE KEYS */;
UNLOCK TABLES;

--
-- Table structure for table `users`
--

DROP TABLE IF EXISTS `users`;
/*!40101 SET @saved_cs_client     = @@character_set_client */;
/*!50503 SET character_set_client = utf8mb4 */;
CREATE TABLE `users` (
  `id` int NOT NULL AUTO_INCREMENT COMMENT 'user id',
  `username` text NOT NULL,
  `first_name` text,
  `last_name` text,
  `password` text NOT NULL,
  `ual` int NOT NULL DEFAULT '0',
  `date_created` timestamp NOT NULL DEFAULT CURRENT_TIMESTAMP,
  `online` int DEFAULT NULL,
  `ip_address` text,
  `owner` text NOT NULL,
  `db_access` varchar(5999) NOT NULL DEFAULT (_utf8mb4'hello'),
  `last_login_time` text,
  PRIMARY KEY (`id`)
) ENGINE=InnoDB AUTO_INCREMENT=5 DEFAULT CHARSET=utf8mb4 COLLATE=utf8mb4_0900_ai_ci;
/*!40101 SET character_set_client = @saved_cs_client */;

--
-- Dumping data for table `users`
--

LOCK TABLES `users` WRITE;
/*!40000 ALTER TABLE `users` DISABLE KEYS */;
INSERT INTO `users` VALUES (1,'root','root','leet','$2y$10$bweYjvpJUBq1mFyTPgpEe.FV5hYpysqoHu/zGjnjnMT339aRaIzyu',1,'2021-04-03 23:38:14',1,'127.0.0.1','mo','0',NULL),(3,'jane','Jane','Doe','$2y$10$tzQO6UhCtb6/WDc0qy/x7.D2U7AFrvb3XmIKoN.HKRtUrDFOr1oTa',1,'2021-04-05 20:41:44',0,'::1','root','current_user()',NULL);
/*!40000 ALTER TABLE `users` ENABLE KEYS */;
UNLOCK TABLES;

--
-- Table structure for table `zserial`
--

DROP TABLE IF EXISTS `zserial`;
/*!40101 SET @saved_cs_client     = @@character_set_client */;
/*!50503 SET character_set_client = utf8mb4 */;
CREATE TABLE `zserial` (
  `zSerial` int NOT NULL,
  `mech_no` int NOT NULL,
  `sales_date` date NOT NULL,
  `clerk_code` text NOT NULL,
  `shift_no` int NOT NULL,
  `z_time` datetime DEFAULT CURRENT_TIMESTAMP,
  `gross` decimal(10,2) DEFAULT NULL,
  `deduction` decimal(10,2) DEFAULT NULL,
  `net` decimal(10,2) DEFAULT NULL,
  PRIMARY KEY (`zSerial`,`mech_no`)
) ENGINE=InnoDB DEFAULT CHARSET=utf8mb4 COLLATE=utf8mb4_0900_ai_ci;
/*!40101 SET character_set_client = @saved_cs_client */;

--
-- Dumping data for table `zserial`
--

LOCK TABLES `zserial` WRITE;
/*!40000 ALTER TABLE `zserial` DISABLE KEYS */;
INSERT INTO `zserial` VALUES (1,1,'2023-01-29','411',1,'2023-05-25 07:55:43',1456.00,0.00,1456.00);
/*!40000 ALTER TABLE `zserial` ENABLE KEYS */;
UNLOCK TABLES;

--
-- Dumping events for database 'posdb'
--

--
-- Dumping routines for database 'posdb'
--
/*!50003 DROP PROCEDURE IF EXISTS `item_availability` */;
/*!50003 SET @saved_cs_client      = @@character_set_client */ ;
/*!50003 SET @saved_cs_results     = @@character_set_results */ ;
/*!50003 SET @saved_col_connection = @@collation_connection */ ;
/*!50003 SET character_set_client  = utf8mb4 */ ;
/*!50003 SET character_set_results = utf8mb4 */ ;
/*!50003 SET collation_connection  = utf8mb4_0900_ai_ci */ ;
/*!50003 SET @saved_sql_mode       = @@sql_mode */ ;
/*!50003 SET sql_mode              = 'ONLY_FULL_GROUP_BY,STRICT_TRANS_TABLES,NO_ZERO_IN_DATE,NO_ZERO_DATE,ERROR_FOR_DIVISION_BY_ZERO,NO_ENGINE_SUBSTITUTION' */ ;
DELIMITER ;;
CREATE DEFINER=`root`@`%` PROCEDURE `item_availability`(IN loc_to_param INT, IN as_of_date_param DATE)
BEGIN
    SELECT loc_to AS 'loc_id',
           pm.item_code AS 'item_code',
           pm.barcode AS 'barcode',
           pm.item_desc,
           SUM(IFNULL(stk_tran.tran_qty, 0)) AS 'stock'
    FROM prod_master pm
             LEFT JOIN stk_tran ON pm.item_code = stk_tran.item_code
    WHERE loc_to = loc_to_param
      AND DATE(stk_tran.date_created) <= as_of_date_param
    GROUP BY pm.item_code, loc_to, pm.barcode, pm.item_desc;
END ;;
DELIMITER ;
/*!50003 SET sql_mode              = @saved_sql_mode */ ;
/*!50003 SET character_set_client  = @saved_cs_client */ ;
/*!50003 SET character_set_results = @saved_cs_results */ ;
/*!50003 SET collation_connection  = @saved_col_connection */ ;
/*!40103 SET TIME_ZONE=@OLD_TIME_ZONE */;

/*!40101 SET SQL_MODE=@OLD_SQL_MODE */;
/*!40014 SET FOREIGN_KEY_CHECKS=@OLD_FOREIGN_KEY_CHECKS */;
/*!40014 SET UNIQUE_CHECKS=@OLD_UNIQUE_CHECKS */;
/*!40101 SET CHARACTER_SET_CLIENT=@OLD_CHARACTER_SET_CLIENT */;
/*!40101 SET CHARACTER_SET_RESULTS=@OLD_CHARACTER_SET_RESULTS */;
/*!40101 SET COLLATION_CONNECTION=@OLD_COLLATION_CONNECTION */;
/*!40111 SET SQL_NOTES=@OLD_SQL_NOTES */;

-- Dump completed on 2023-09-19  1:35:29
