CREATE DATABASE  IF NOT EXISTS `posdb` /*!40100 DEFAULT CHARACTER SET utf8mb4 COLLATE utf8mb4_0900_ai_ci */ /*!80016 DEFAULT ENCRYPTION='N' */;
USE `posdb`;
-- MySQL dump 10.13  Distrib 8.0.32, for Win64 (x86_64)
--
-- Host: localhost    Database: posdb
-- ------------------------------------------------------
-- Server version	8.0.32

/*!40101 SET @OLD_CHARACTER_SET_CLIENT=@@CHARACTER_SET_CLIENT */;
/*!40101 SET @OLD_CHARACTER_SET_RESULTS=@@CHARACTER_SET_RESULTS */;
/*!40101 SET @OLD_COLLATION_CONNECTION=@@COLLATION_CONNECTION */;
/*!50503 SET NAMES utf8 */;
/*!40103 SET @OLD_TIME_ZONE=@@TIME_ZONE */;
/*!40103 SET TIME_ZONE='+00:00' */;
/*!40014 SET @OLD_UNIQUE_CHECKS=@@UNIQUE_CHECKS, UNIQUE_CHECKS=0 */;
/*!40014 SET @OLD_FOREIGN_KEY_CHECKS=@@FOREIGN_KEY_CHECKS, FOREIGN_KEY_CHECKS=0 */;
/*!40101 SET @OLD_SQL_MODE=@@SQL_MODE, SQL_MODE='NO_AUTO_VALUE_ON_ZERO' */;
/*!40111 SET @OLD_SQL_NOTES=@@SQL_NOTES, SQL_NOTES=0 */;

--
-- Table structure for table `activities`
--

DROP TABLE IF EXISTS `activities`;
/*!40101 SET @saved_cs_client     = @@character_set_client */;
/*!50503 SET character_set_client = utf8mb4 */;
CREATE TABLE `activities` (
  `id` int NOT NULL AUTO_INCREMENT,
  `func` text NOT NULL,
  `query` text NOT NULL,
  `source` text NOT NULL,
  `time_exe` timestamp NOT NULL DEFAULT CURRENT_TIMESTAMP,
  PRIMARY KEY (`id`)
) ENGINE=InnoDB AUTO_INCREMENT=586 DEFAULT CHARSET=utf8mb4 COLLATE=utf8mb4_0900_ai_ci;
/*!40101 SET character_set_client = @saved_cs_client */;

--
-- Dumping data for table `activities`
--

LOCK TABLES `activities` WRITE;
/*!40000 ALTER TABLE `activities` DISABLE KEYS */;
/*!40000 ALTER TABLE `activities` ENABLE KEYS */;
UNLOCK TABLES;

--
-- Table structure for table `admin.company_setup`
--

DROP TABLE IF EXISTS `admin.company_setup`;
/*!40101 SET @saved_cs_client     = @@character_set_client */;
/*!50503 SET character_set_client = utf8mb4 */;
CREATE TABLE `admin.company_setup` (
  `id` int NOT NULL AUTO_INCREMENT,
  `c_name` text NOT NULL,
  `currency` int NOT NULL,
  `box` text NOT NULL,
  `street` text NOT NULL,
  `country` text NOT NULL,
  `city` text NOT NULL,
  `phone` text NOT NULL,
  `email` text,
  `tax_code` text,
  `footer` text,
  `code` char(3) NOT NULL,
  PRIMARY KEY (`id`)
) ENGINE=InnoDB AUTO_INCREMENT=2 DEFAULT CHARSET=utf8mb4 COLLATE=utf8mb4_0900_ai_ci;
/*!40101 SET character_set_client = @saved_cs_client */;

--
-- Dumping data for table `admin.company_setup`
--

LOCK TABLES `admin.company_setup` WRITE;
/*!40000 ALTER TABLE `admin.company_setup` DISABLE KEYS */;
INSERT INTO `admin.company_setup` VALUES (1,'SMDESK TEST',1,'BOX 174','#6 Cocoa Street','Ghana','Accra','+233 54 631 0011','test@domain.com','CTJ7V','Welcome TO Hotel Magic\r\nStay Safe on you stay here','001');
/*!40000 ALTER TABLE `admin.company_setup` ENABLE KEYS */;
UNLOCK TABLES;

--
-- Table structure for table `admin.currency`
--

DROP TABLE IF EXISTS `admin.currency`;
/*!40101 SET @saved_cs_client     = @@character_set_client */;
/*!50503 SET character_set_client = utf8mb4 */;
CREATE TABLE `admin.currency` (
  `id` int NOT NULL AUTO_INCREMENT,
  `descr` text NOT NULL,
  `symbol` text NOT NULL,
  `short` text,
  `active` int DEFAULT '0',
  PRIMARY KEY (`id`)
) ENGINE=InnoDB AUTO_INCREMENT=11 DEFAULT CHARSET=utf8mb4 COLLATE=utf8mb4_0900_ai_ci;
/*!40101 SET character_set_client = @saved_cs_client */;

--
-- Dumping data for table `admin.currency`
--

LOCK TABLES `admin.currency` WRITE;
/*!40000 ALTER TABLE `admin.currency` DISABLE KEYS */;
/*!40000 ALTER TABLE `admin.currency` ENABLE KEYS */;
UNLOCK TABLES;

--
-- Table structure for table `admin_payment_methods`
--

DROP TABLE IF EXISTS `admin_payment_methods`;
/*!40101 SET @saved_cs_client     = @@character_set_client */;
/*!50503 SET character_set_client = utf8mb4 */;
CREATE TABLE `admin_payment_methods` (
  `id` int NOT NULL AUTO_INCREMENT,
  `description` text,
  `status` int DEFAULT '1',
  UNIQUE KEY `admin_payment_methods_id_uindex` (`id`)
) ENGINE=InnoDB AUTO_INCREMENT=4 DEFAULT CHARSET=utf8mb4 COLLATE=utf8mb4_0900_ai_ci;
/*!40101 SET character_set_client = @saved_cs_client */;

--
-- Dumping data for table `admin_payment_methods`
--

LOCK TABLES `admin_payment_methods` WRITE;
/*!40000 ALTER TABLE `admin_payment_methods` DISABLE KEYS */;
/*!40000 ALTER TABLE `admin_payment_methods` ENABLE KEYS */;
UNLOCK TABLES;

--
-- Table structure for table `barcode`
--

DROP TABLE IF EXISTS `barcode`;
/*!40101 SET @saved_cs_client     = @@character_set_client */;
/*!50503 SET character_set_client = utf8mb4 */;
CREATE TABLE `barcode` (
  `id` int NOT NULL AUTO_INCREMENT,
  `item_code` int NOT NULL,
  `barcode` text,
  `item_desc` text,
  `item_desc1` text,
  `retail` decimal(10,2) DEFAULT NULL,
  `created_at` timestamp NOT NULL DEFAULT CURRENT_TIMESTAMP,
  `parent` varchar(200) DEFAULT 'master',
  PRIMARY KEY (`id`),
  KEY `relation_with_product` (`item_code`),
  CONSTRAINT `relation_with_product` FOREIGN KEY (`item_code`) REFERENCES `prod_master` (`item_code`) ON DELETE CASCADE ON UPDATE CASCADE
) ENGINE=InnoDB AUTO_INCREMENT=25 DEFAULT CHARSET=utf8mb4 COLLATE=utf8mb4_0900_ai_ci;
/*!40101 SET character_set_client = @saved_cs_client */;

--
-- Dumping data for table `barcode`
--

LOCK TABLES `barcode` WRITE;
/*!40000 ALTER TABLE `barcode` DISABLE KEYS */;
INSERT INTO `barcode` VALUES (17,1000000002,'6033000340085','STORM ENERGY LG','STORM ENERGY LG',1.00,'2022-10-16 23:49:16','master'),(18,1000000003,'6034000181036','BEL-AQUA SMALL','BEL-AQUA SMALL',500.00,'2022-10-17 02:31:02','master'),(19,1000000004,'17264738','Note Pad Small','Note Pad Small',5.00,'2022-12-06 08:32:27','master'),(20,1000000005,'0987654321','GAUVA JUICE','GAUVA JUICE',100.00,'2023-05-24 09:15:17','master'),(21,1000000006,'54646467564','ORANGE','ORANGE',7.00,'2023-09-18 06:06:05','master'),(22,1000000215,'JAS-001','JASMIN RICE 1KG','JASMIN RICE 1KG',50.00,'2023-11-05 07:17:39','master'),(23,1000000216,'8364937486','JOY COLA','JOY COLA',10.00,'2023-11-20 06:40:13','master'),(24,1000000217,'875432434','PAW PAW','PAW PAW',10.00,'2024-01-30 06:45:53','master');
/*!40000 ALTER TABLE `barcode` ENABLE KEYS */;
UNLOCK TABLES;

--
-- Table structure for table `bill_header`
--

DROP TABLE IF EXISTS `bill_header`;
/*!40101 SET @saved_cs_client     = @@character_set_client */;
/*!50503 SET character_set_client = utf8mb4 */;
CREATE TABLE `bill_header` (
  `mach_no` int DEFAULT NULL,
  `clerk` text,
  `bill_no` int DEFAULT NULL,
  `pmt_type` text,
  `gross_amt` decimal(10,2) DEFAULT '0.00',
  `disc_rate` decimal(10,2) DEFAULT '0.00',
  `disc_amt` decimal(10,0) DEFAULT '0',
  `tax_amt` decimal(10,2) DEFAULT '0.00',
  `net_amt` decimal(10,2) DEFAULT '0.00',
  `amt_paid` decimal(10,2) NOT NULL DEFAULT '0.00',
  `bill_date` date DEFAULT (curdate()),
  `amt_bal` decimal(10,2) DEFAULT (0.00),
  `bill_time` time DEFAULT (curtime()),
  `tran_qty` decimal(10,2) NOT NULL DEFAULT '0.00',
  `id` int NOT NULL AUTO_INCREMENT,
  `billRef` text,
  `taxable_amt` decimal(10,2) DEFAULT (0.00),
  `non_taxable_amt` decimal(10,2) DEFAULT (0.00),
  `shift` int NOT NULL,
  `old_bill_ref` text,
  `sales_date` date DEFAULT (curdate()),
  `sales_type` text,
  `customer` text,
  PRIMARY KEY (`id`)
) ENGINE=InnoDB AUTO_INCREMENT=534 DEFAULT CHARSET=utf8mb4 COLLATE=utf8mb4_0900_ai_ci;
/*!40101 SET character_set_client = @saved_cs_client */;

--
-- Dumping data for table `bill_header`
--

LOCK TABLES `bill_header` WRITE;
/*!40000 ALTER TABLE `bill_header` DISABLE KEYS */;
INSERT INTO `bill_header` VALUES (1,'2',1,'cash',1.00,0.00,0,0.18,1.00,1.00,'2024-01-07',0.00,'18:06:26',1.00,446,'001240107121',1.00,0.00,2,NULL,'2024-01-07','sale','bill'),(1,'2',2,'momo',1.00,0.00,0,0.18,1.00,1.00,'2024-01-07',0.00,'18:06:41',1.00,447,'001240107221',1.00,0.00,2,NULL,'2024-01-07','sale','bill'),(1,'2',3,'cash',7.70,0.00,0,0.00,7.70,7.70,'2024-01-07',0.00,'05:31:18',1.00,448,'001240107321',0.00,7.70,2,NULL,'2024-01-09','sale','bill'),(1,'2',4,'momo',36.99,0.00,0,0.00,36.99,36.99,'2024-01-07',0.00,'05:31:26',1.00,449,'001240107421',0.00,36.99,2,NULL,'2024-01-09','sale','bill'),(1,'2',5,'credit',7.00,0.00,0,1.25,7.00,7.00,'2024-01-07',0.00,'05:32:03',1.00,450,'001240107521',7.00,0.00,2,NULL,'2024-01-09','sale','CO3'),(1,'2',6,'credit',100.00,0.00,0,0.00,100.00,100.00,'2024-01-07',0.00,'05:32:21',1.00,451,'001240107621',0.00,100.00,2,NULL,'2024-01-09','sale','CO2'),(1,'2',7,'cash',500.00,0.00,0,89.82,500.00,500.00,'2024-01-07',0.00,'05:59:23',1.00,452,'001240107721',500.00,0.00,2,NULL,'2024-01-09','sale','bill'),(1,'2',NULL,'cash',7.70,0.00,0,0.00,7.70,7.70,'2024-01-07',0.00,'07:31:47',1.00,453,'001240107821',0.00,7.70,2,NULL,'2024-01-09','sale','bill'),(1,'2',NULL,'cash',7.70,0.00,0,0.00,7.70,7.70,'2024-01-07',0.00,'07:32:56',1.00,454,'001240107921',0.00,7.70,2,NULL,'2024-01-09','sale','bill'),(1,'2',10,'cash',1.00,0.00,0,0.18,1.00,1.00,'2024-01-07',0.00,'07:33:49',1.00,455,'0012401071021',1.00,0.00,2,NULL,'2024-01-09','sale','bill'),(1,'2',11,'momo',511.00,0.00,0,91.80,511.00,511.00,'2024-01-07',0.00,'07:34:13',3.00,456,'0012401071121',511.00,0.00,2,NULL,'2024-01-09','sale','bill'),(1,'2',12,'cash',10.00,0.00,0,1.80,10.00,50.00,'2024-01-07',40.00,'07:34:26',1.00,457,'0012401071221',10.00,0.00,2,NULL,'2024-01-09','sale','bill'),(1,'2',13,'cash',8.70,0.00,0,0.18,8.70,8.70,'2024-01-07',0.00,'09:28:14',2.00,458,'0012401071321',1.00,7.70,2,NULL,'2024-01-09','sale','bill'),(1,'2',14,'credit',1.00,0.00,0,0.18,1.00,1.00,'2024-01-07',0.00,'09:28:27',1.00,459,'0012401071421',1.00,0.00,2,NULL,'2024-01-09','sale','CO2'),(1,'2',15,'cash',7.00,0.00,0,1.25,7.00,7.00,'2024-01-07',0.00,'12:49:31',1.00,460,'0012401071521',7.00,0.00,2,NULL,'2024-01-09','sale','bill'),(1,'2',16,'cash',109.07,0.00,0,0.00,109.07,109.07,'2024-01-07',0.00,'12:50:34',3.00,461,'0012401071621',0.00,109.07,2,NULL,'2024-01-09','sale','bill'),(1,'2',17,'cash',34.85,0.00,0,0.00,34.85,34.85,'2024-01-07',0.00,'20:16:40',1.00,462,'0012401071721',0.00,34.85,2,NULL,'2024-01-15','sale','bill'),(1,'2',18,'cash',7.70,0.00,0,0.00,7.70,7.70,'2024-01-07',0.00,'20:20:53',1.00,463,'0012401071821',0.00,7.70,2,NULL,'2024-01-15','sale','bill'),(1,'2',19,'cash',10.00,0.00,0,1.80,10.00,10.00,'2024-01-07',0.00,'20:23:01',1.00,464,'0012401071921',10.00,0.00,2,NULL,'2024-01-15','sale','bill'),(1,'2',20,'cash',1.00,0.00,0,0.18,1.00,1.00,'2024-01-07',0.00,'20:56:18',1.00,465,'0012401072021',1.00,0.00,2,NULL,'2024-01-15','sale','bill'),(1,'2',21,'cash',1.00,0.00,0,0.18,1.00,1.00,'2024-01-07',0.00,'20:56:45',1.00,466,'0012401072121',1.00,0.00,2,NULL,'2024-01-15','sale','bill'),(1,'2',22,'cash',1.00,0.00,0,0.18,1.00,1.00,'2024-01-07',0.00,'20:57:11',1.00,467,'0012401072221',1.00,0.00,2,NULL,'2024-01-15','sale','bill'),(1,'2',23,'cash',1.00,0.00,0,0.18,1.00,1.00,'2024-01-07',0.00,'20:57:45',1.00,468,'0012401072321',1.00,0.00,2,NULL,'2024-01-15','sale','bill'),(1,'2',24,'cash',1.00,0.00,0,0.18,1.00,1.00,'2024-01-07',0.00,'20:58:35',1.00,469,'0012401072421',1.00,0.00,2,NULL,'2024-01-15','sale','bill'),(1,'2',25,'cash',1.00,0.00,0,0.18,1.00,1.00,'2024-01-07',0.00,'20:59:13',1.00,470,'0012401072521',1.00,0.00,2,NULL,'2024-01-15','sale','bill'),(1,'2',26,'cash',1.00,0.00,0,0.18,1.00,1.00,'2024-01-07',0.00,'21:00:39',1.00,471,'0012401072621',1.00,0.00,2,NULL,'2024-01-15','sale','bill'),(1,'2',27,'cash',101.00,0.00,0,0.18,101.00,101.00,'2024-01-07',0.00,'21:07:05',2.00,472,'0012401072721',1.00,100.00,2,NULL,'2024-01-15','sale','bill'),(1,'2',28,'cash',100.00,0.00,0,0.00,100.00,100.00,'2024-01-07',0.00,'21:08:40',1.00,473,'0012401072821',0.00,100.00,2,NULL,'2024-01-15','sale','bill'),(1,'2',29,'cash',100.00,0.00,0,0.00,100.00,100.00,'2024-01-07',0.00,'21:09:12',1.00,474,'0012401072921',0.00,100.00,2,NULL,'2024-01-15','sale','bill'),(1,'2',30,'cash',100.00,0.00,0,0.00,100.00,100.00,'2024-01-07',0.00,'21:09:39',1.00,475,'0012401073021',0.00,100.00,2,NULL,'2024-01-15','sale','bill'),(1,'2',31,'cash',100.00,0.00,0,0.00,100.00,100.00,'2024-01-07',0.00,'21:10:05',1.00,476,'0012401073121',0.00,100.00,2,NULL,'2024-01-15','sale','bill'),(1,'2',32,'cash',100.00,0.00,0,0.00,100.00,100.00,'2024-01-07',0.00,'21:10:31',1.00,477,'0012401073221',0.00,100.00,2,NULL,'2024-01-15','sale','bill'),(1,'2',33,'cash',511.00,0.00,0,91.80,511.00,511.00,'2024-01-07',0.00,'05:13:57',3.00,478,'0012401073321',511.00,0.00,2,NULL,'2024-01-16','sale','bill'),(1,'2',34,'cash',1.00,0.00,0,0.18,1.00,1.00,'2024-01-07',0.00,'05:40:43',1.00,479,'0012401073421',1.00,0.00,2,NULL,'2024-01-16','sale','bill'),(1,'2',35,'cash',500.00,0.00,0,89.82,500.00,500.00,'2024-01-07',0.00,'06:16:04',1.00,480,'0012401073521',500.00,0.00,2,NULL,'2024-01-16','sale','bill'),(1,'2',36,'cash',100.00,0.00,-100,0.00,0.00,0.00,'2024-01-07',-100.00,'06:19:05',1.00,481,'0012401073621',0.00,100.00,2,NULL,'2024-01-16','sale','bill'),(1,'2',37,'cash',1.00,0.00,0,0.18,1.00,1.00,'2024-01-07',0.00,'16:17:49',1.00,482,'0012401073721',1.00,0.00,2,NULL,'2024-01-17','sale','bill'),(1,'2',38,'cash',10.00,0.00,0,1.80,10.00,10.00,'2024-01-07',0.00,'16:23:59',1.00,483,'0012401073821',10.00,0.00,2,NULL,'2024-01-17','sale','bill'),(1,'2',39,'cash',1.00,0.00,0,0.18,1.00,1.00,'2024-01-07',0.00,'16:24:06',1.00,484,'0012401073921',1.00,0.00,2,NULL,'2024-01-17','sale','bill'),(1,'2',40,'cash',10.00,0.00,0,1.80,10.00,10.00,'2024-01-07',0.00,'16:24:14',1.00,485,'0012401074021',10.00,0.00,2,NULL,'2024-01-17','sale','bill'),(1,'2',41,'cash',1.00,0.00,0,0.18,1.00,1.00,'2024-01-07',0.00,'16:26:56',1.00,486,'0012401074121',1.00,0.00,2,NULL,'2024-01-17','sale','bill'),(1,'2',42,'cash',1.00,0.00,0,0.18,1.00,1.00,'2024-01-07',0.00,'16:30:16',1.00,487,'0012401074221',1.00,0.00,2,NULL,'2024-01-17','sale','bill'),(1,'2',43,'cash',1.00,0.00,0,0.18,1.00,1.00,'2024-01-07',0.00,'16:34:49',1.00,488,'0012401074321',1.00,0.00,2,NULL,'2024-01-17','sale','bill'),(1,'2',44,'cash',2.00,0.00,0,0.36,2.00,2.00,'2024-01-07',0.00,'16:40:04',2.00,489,'0012401074421',2.00,0.00,2,NULL,'2024-01-17','sale','bill'),(1,'2',45,'cash',1.00,0.00,0,0.18,1.00,1.00,'2024-01-07',0.00,'16:48:52',1.00,490,'0012401074521',1.00,0.00,2,NULL,'2024-01-17','sale','bill'),(1,'2',46,'cash',1.00,0.00,-1,0.18,0.00,0.00,'2024-01-07',-1.00,'16:49:37',1.00,491,'0012401074621',1.00,0.00,2,NULL,'2024-01-17','sale','bill'),(1,'2',47,'cash',1.00,0.00,0,0.18,0.97,0.97,'2024-01-07',-0.03,'06:09:38',1.00,492,'0012401074721',1.00,0.00,2,NULL,'2024-01-19','sale','bill'),(1,'2',48,'cash',500.00,0.00,0,89.82,500.00,500.00,'2024-01-07',0.00,'06:22:47',1.00,493,'0012401074821',500.00,0.00,2,NULL,'2024-01-19','sale','bill'),(1,'2',49,'cash',10.00,0.00,0,1.80,10.00,10.00,'2024-01-07',0.00,'06:26:57',1.00,494,'0012401074921',10.00,0.00,2,NULL,'2024-01-19','sale','bill'),(1,'2',50,'cash',7.00,0.00,0,1.25,7.00,7.00,'2024-01-07',0.00,'06:27:35',1.00,495,'0012401075021',7.00,0.00,2,NULL,'2024-01-19','sale','bill'),(1,'2',51,'cash',1.00,0.00,0,0.18,1.00,1.00,'2024-01-07',0.00,'06:36:22',1.00,496,'0012401075121',1.00,0.00,2,NULL,'2024-01-19','sale','bill'),(1,'2',52,'cash',536.36,0.00,0,91.25,536.36,536.36,'2024-01-07',0.00,'06:38:10',7.00,497,'0012401075221',508.00,28.36,2,NULL,'2024-01-19','sale','bill'),(1,'2',53,'cash',4.10,0.00,0,0.00,4.10,4.10,'2024-01-07',0.00,'06:47:57',1.00,498,'0012401075321',0.00,4.10,2,NULL,'2024-01-19','sale','bill'),(1,'2',54,'cash',4.10,0.00,0,0.00,4.10,4.10,'2024-01-07',0.00,'06:48:35',1.00,499,'0012401075421',0.00,4.10,2,NULL,'2024-01-19','sale','bill'),(1,'2',55,'cash',11.60,0.00,0,0.00,11.60,11.60,'2024-01-07',0.00,'06:49:47',2.00,500,'0012401075521',0.00,11.60,2,NULL,'2024-01-19','sale','bill'),(1,'2',56,'cash',6.74,0.00,0,0.00,6.74,6.74,'2024-01-07',0.00,'23:16:44',2.00,501,'0012401075621',0.00,6.74,2,NULL,'2024-01-27','sale','bill'),(1,'2',57,'cash',-6.74,0.00,0,0.00,-6.74,-6.74,'2024-01-07',0.00,'23:23:55',-1.00,502,'0012401075721',0.00,0.00,2,'0012401075621','2024-01-27','refund','bill'),(1,'2',58,'cash',118.91,0.00,0,0.00,118.91,118.91,'2024-01-07',0.00,'23:31:12',5.00,503,'0012401075821',0.00,118.91,2,NULL,'2024-01-27','sale','bill'),(1,'2',59,'cash',-7.70,0.00,0,0.00,-7.70,-7.70,'2024-01-07',0.00,'19:55:52',-1.00,504,'0012401075921',0.00,7.70,2,'0012401075821','2024-01-28','refund','bill'),(1,'2',60,'credit_payment',557.70,0.00,0,98.81,557.70,557.70,'2024-01-07',0.00,'20:05:55',3.00,505,'0012401076021',550.00,7.70,2,NULL,'2024-01-28','sale','bill');
/*!40000 ALTER TABLE `bill_header` ENABLE KEYS */;
UNLOCK TABLES;

--
-- Table structure for table `bill_history_header`
--

DROP TABLE IF EXISTS `bill_history_header`;
/*!40101 SET @saved_cs_client     = @@character_set_client */;
/*!50503 SET character_set_client = utf8mb4 */;
CREATE TABLE `bill_history_header` (
  `mach_no` int DEFAULT NULL,
  `clerk` text,
  `bill_no` int DEFAULT NULL,
  `pmt_type` text,
  `gross_amt` decimal(10,2) DEFAULT '0.00',
  `disc_rate` decimal(10,2) DEFAULT '0.00',
  `disc_amt` decimal(10,0) DEFAULT '0',
  `tax_amt` decimal(10,2) DEFAULT '0.00',
  `net_amt` decimal(10,2) DEFAULT '0.00',
  `amt_paid` decimal(10,2) NOT NULL DEFAULT '0.00',
  `bill_date` date DEFAULT (curdate()),
  `amt_bal` decimal(10,2) DEFAULT (0.00),
  `bill_time` time DEFAULT (curtime()),
  `tran_qty` decimal(10,2) NOT NULL DEFAULT '0.00',
  `id` int NOT NULL DEFAULT '0',
  `billRef` text,
  `taxable_amt` decimal(10,2) DEFAULT (0.00),
  `non_taxable_amt` decimal(10,2) DEFAULT (0.00),
  `shift` int NOT NULL,
  `old_bill_ref` text,
  `sales_date` date DEFAULT (curdate()),
  `sales_type` text,
  `customer` text
) ENGINE=InnoDB DEFAULT CHARSET=utf8mb4 COLLATE=utf8mb4_0900_ai_ci;
/*!40101 SET character_set_client = @saved_cs_client */;

--
-- Dumping data for table `bill_history_header`
--

LOCK TABLES `bill_history_header` WRITE;
/*!40000 ALTER TABLE `bill_history_header` DISABLE KEYS */;
INSERT INTO `bill_history_header` VALUES (1,'2',1,'cash',1.00,0.00,0,0.18,1.00,1.00,'2023-12-13',0.00,'07:48:14',1.00,431,'001231213111',1.00,0.00,1,NULL,'2023-12-13','sale',NULL),(1,'2',2,'momo',1.00,0.00,0,0.18,1.00,1.00,'2023-12-13',0.00,'07:54:32',1.00,432,'001231213211',1.00,0.00,1,NULL,'2023-12-13','sale',NULL),(1,'2',3,'cash',11.00,0.00,0,1.98,11.00,11.00,'2023-12-13',0.00,'08:09:21',2.00,433,'001231213311',11.00,0.00,1,NULL,'2023-12-13','sale',NULL),(1,'2',4,'credit_payment',1.00,0.00,0,0.18,1.00,1.00,'2023-12-13',0.00,'08:20:44',1.00,434,'001231213411',1.00,0.00,1,NULL,'2023-12-13','sale',NULL),(1,'2',5,'cash',1.00,0.00,0,0.18,1.00,1.00,'2023-12-13',0.00,'11:25:24',1.00,435,'001231213511',1.00,0.00,1,NULL,'2023-12-13','sale',NULL),(1,'2',6,'cash',1.00,0.00,-1,0.18,0.00,0.00,'2023-12-13',-1.00,'11:26:56',1.00,436,'001231213611',1.00,0.00,1,NULL,'2023-12-13','sale',NULL),(1,'2',7,'credit',1.00,0.00,0,0.18,1.00,1.00,'2023-12-13',0.00,'19:12:32',1.00,437,'001231213711',1.00,0.00,1,NULL,'2023-12-13','sale','CO2'),(1,'2',1,'credit',1.00,0.00,0,0.18,1.00,1.00,'2023-12-14',0.00,'12:37:07',1.00,438,'001231214111',1.00,0.00,1,NULL,'2023-12-14','sale','CO3'),(1,'2',1,'credit',70.37,0.00,0,0.00,70.37,70.37,'2023-12-21',0.00,'05:32:38',3.00,441,'001231221111',0.00,70.37,1,NULL,'2023-12-21','sale','CO3'),(1,'2',1,'credit',500.00,0.00,0,89.82,500.00,500.00,'2023-12-23',0.00,'07:37:01',1.00,442,'001231223111',500.00,0.00,1,NULL,'2023-12-23','sale','CO3'),(1,'2',1,'cash',36.99,0.00,0,0.00,36.99,36.99,'2024-01-07',0.00,'12:26:20',1.00,443,'001240107111',0.00,36.99,1,NULL,'2024-01-07','sale','bill'),(2,'2',1,'cash',7.70,0.00,0,0.00,7.70,7.70,'2024-01-07',0.00,'12:32:15',1.00,444,'001240107112',0.00,7.70,1,NULL,'2024-01-07','sale','bill'),(2,'2',2,'cash',1.00,0.00,0,0.18,1.00,1.00,'2024-01-07',0.00,'12:36:04',1.00,445,'001240107212',1.00,0.00,1,NULL,'2024-01-07','sale','bill'),(1,'2',1,'cash',257.00,0.00,0,0.00,257.00,270.00,'2024-01-29',13.00,'20:49:41',3.00,506,'001240129111',0.00,257.00,1,NULL,'2024-01-29','sale','bill'),(1,'2',2,'cash',100.00,0.00,0,17.96,100.00,100.00,'2024-01-29',0.00,'20:51:23',1.00,507,'001240129211',100.00,0.00,1,NULL,'2024-01-29','sale','bill'),(1,'2',3,'momo',68.00,0.00,0,8.99,68.00,68.00,'2024-01-29',0.00,'20:53:04',2.00,508,'001240129311',50.00,18.00,1,NULL,'2024-01-29','sale','bill'),(1,'2',4,'credit',48.00,0.00,0,0.00,48.00,48.00,'2024-01-29',0.00,'20:55:21',1.00,509,'001240129411',0.00,48.00,1,NULL,'2024-01-29','sale','CO2'),(1,'2',5,'momo',13.32,0.00,0,0.00,13.32,13.32,'2024-01-29',0.00,'20:57:43',2.00,510,'001240129511',0.00,13.32,1,NULL,'2024-01-29','sale','bill'),(1,'2',6,'cash',52.40,0.00,0,0.00,52.40,52.40,'2024-01-29',0.00,'21:04:06',1.00,511,'001240129611',0.00,52.40,1,NULL,'2024-01-29','sale','bill'),(1,'2',7,'cash',100.00,0.00,-90,17.96,10.00,10.00,'2024-01-29',-90.00,'21:06:16',1.00,512,'001240129711',100.00,0.00,1,NULL,'2024-01-29','sale','bill'),(1,'2',8,'cash',100.00,0.00,-3,17.96,97.00,97.00,'2024-01-29',-3.00,'21:11:14',1.00,513,'001240129811',100.00,0.00,1,NULL,'2024-01-29','sale','bill'),(1,'2',9,'momo',7.00,0.00,0,1.25,6.65,6.65,'2024-01-29',-0.35,'21:11:55',1.00,514,'001240129911',7.00,0.00,1,NULL,'2024-01-29','sale','bill'),(1,'2',10,'cash',154.61,0.00,0,0.00,154.61,154.61,'2024-01-29',0.00,'21:12:29',5.00,515,'0012401291011',0.00,154.61,1,NULL,'2024-01-29','sale','bill'),(1,'2',11,'cash',-3.07,0.00,0,0.00,-3.07,-3.07,'2024-01-29',0.00,'21:14:53',-1.00,516,'0012401291111',0.00,-3.07,1,'0012401291011','2024-01-29','refund','bill'),(1,'2',12,'cash',86.49,0.00,0,0.00,86.49,86.49,'2024-01-29',0.00,'21:17:27',3.00,517,'0012401291211',0.00,86.49,1,NULL,'2024-01-29','sale','bill'),(1,'2',13,'cash',14.00,0.00,0,2.51,14.00,14.00,'2024-01-29',0.00,'06:35:28',3.00,518,'0012401291311',14.00,0.00,1,NULL,'2024-01-30','sale','bill'),(1,'2',14,'cash',511.00,0.00,0,91.80,511.00,511.00,'2024-01-29',0.00,'03:47:12',3.00,519,'0012401291411',511.00,0.00,1,NULL,'2024-02-07','sale','bill'),(1,'2',15,'cash',24.00,0.00,0,4.30,24.00,24.00,'2024-01-29',0.00,'03:58:41',3.00,520,'0012401291511',24.00,0.00,1,NULL,'2024-02-07','sale','bill'),(1,'2',16,'cash',500.00,0.00,0,89.82,500.00,500.00,'2024-01-29',0.00,'08:57:13',1.00,521,'0012401291611',500.00,0.00,1,NULL,'2024-02-11','sale','bill'),(1,'2',17,'cash',500.00,0.00,0,89.82,500.00,500.00,'2024-01-29',0.00,'09:09:03',1.00,522,'0012401291711',500.00,0.00,1,NULL,'2024-02-11','sale','bill'),(1,'2',18,'cash',500.00,0.00,0,89.82,500.00,500.00,'2024-01-29',0.00,'09:14:12',1.00,523,'0012401291811',500.00,0.00,1,NULL,'2024-02-11','sale','bill'),(1,'2',19,'cash',500.00,0.00,0,89.82,500.00,500.00,'2024-01-29',0.00,'09:15:44',1.00,524,'0012401291911',500.00,0.00,1,NULL,'2024-02-11','sale','bill'),(1,'2',20,'cash',500.00,0.00,0,89.82,500.00,500.00,'2024-01-29',0.00,'09:19:47',1.00,525,'0012401292011',500.00,0.00,1,NULL,'2024-02-11','sale','bill'),(1,'2',21,'cash',500.00,0.00,0,89.82,500.00,500.00,'2024-01-29',0.00,'09:21:51',1.00,526,'0012401292111',500.00,0.00,1,NULL,'2024-02-11','sale','bill'),(1,'2',22,'cash',1000.00,0.00,0,179.64,1000.00,1000.00,'2024-01-29',0.00,'13:47:56',2.00,527,'0012401292211',1000.00,0.00,1,NULL,'2024-02-11','sale','bill'),(1,'2',23,'cash',100.00,0.00,0,0.00,100.00,100.00,'2024-01-29',0.00,'11:13:10',1.00,528,'0012401292311',0.00,100.00,1,NULL,'2024-02-13','sale','bill'),(1,'2',24,'credit',100.00,0.00,0,0.00,100.00,100.00,'2024-01-29',0.00,'11:14:01',1.00,529,'0012401292411',0.00,100.00,1,NULL,'2024-02-13','sale','CO2'),(1,'2',25,'cash',100.00,0.00,-3,0.00,97.00,97.00,'2024-01-29',-3.00,'11:17:00',1.00,530,'0012401292511',0.00,100.00,1,NULL,'2024-02-13','sale','bill'),(1,'2',26,'cash',500.00,0.00,0,89.82,500.00,500.00,'2024-01-29',0.00,'03:49:57',1.00,531,'0012401292611',500.00,0.00,1,NULL,'2024-02-14','sale','bill'),(1,'2',27,'cash',500.00,0.00,0,89.82,500.00,500.00,'2024-01-29',0.00,'18:32:09',1.00,532,'0012401292711',500.00,0.00,1,NULL,'2024-02-14','sale','bill'),(1,'2',28,'cash',500.00,0.00,0,89.82,500.00,500.00,'2024-01-29',0.00,'09:37:37',1.00,533,'0012401292811',500.00,0.00,1,NULL,'2024-02-15','sale','bill');
/*!40000 ALTER TABLE `bill_history_header` ENABLE KEYS */;
UNLOCK TABLES;

--
-- Table structure for table `bill_history_trans`
--

DROP TABLE IF EXISTS `bill_history_trans`;
/*!40101 SET @saved_cs_client     = @@character_set_client */;
/*!50503 SET character_set_client = utf8mb4 */;
CREATE TABLE `bill_history_trans` (
  `id` int NOT NULL COMMENT 'BILL NUMBER',
  `mach` int DEFAULT NULL COMMENT 'machine number',
  `clerk` text,
  `bill_number` int NOT NULL,
  `item_barcode` text NOT NULL,
  `trans_type` text NOT NULL COMMENT 'Transaction Type',
  `retail_price` decimal(10,2) DEFAULT NULL COMMENT 'Value of transaction',
  `date_added` date DEFAULT (curdate()),
  `time_added` time DEFAULT (curtime()),
  `item_qty` decimal(10,2) DEFAULT '0.00',
  `tax_amt` decimal(10,2) DEFAULT '0.00',
  `bill_amt` decimal(10,2) DEFAULT '0.00',
  `item_desc` varchar(255) DEFAULT NULL,
  `tax_grp` varchar(255) DEFAULT 'NULL',
  `tran_type` char(2) DEFAULT NULL,
  `tax_rate` int DEFAULT NULL,
  `selected` int DEFAULT '0',
  `billRef` text,
  `gfund` decimal(10,2) DEFAULT (0.00),
  `nhis` decimal(10,2) DEFAULT (0.00),
  `covid` decimal(10,2) DEFAULT (0.00),
  `vat` decimal(10,2) DEFAULT (0.00),
  `tax_code` text,
  `shift` int NOT NULL,
  `loyalty_points` decimal(10,2) DEFAULT (0.00),
  `discount` decimal(10,2) DEFAULT (0.00),
  `discount_rate` decimal(10,2) DEFAULT (0.00),
  `old_bill_ref` text,
  `sales_date` date DEFAULT (curdate()),
  `sales_time` date DEFAULT (curtime()),
  PRIMARY KEY (`id`)
) ENGINE=InnoDB DEFAULT CHARSET=utf8mb4 COLLATE=utf8mb4_0900_ai_ci;
/*!40101 SET character_set_client = @saved_cs_client */;

--
-- Dumping data for table `bill_history_trans`
--

LOCK TABLES `bill_history_trans` WRITE;
/*!40000 ALTER TABLE `bill_history_trans` DISABLE KEYS */;
INSERT INTO `bill_history_trans` VALUES (480,1,'411',1,'5411188110835','i',36.99,'2023-11-04','06:26:40',1.00,36.99,36.99,'Alpro Soya Almond Drink 1Ltr','Non-Taxable','SS',0,0,'001231104111',0.00,0.00,0.00,0.00,'V0',1,0.00,0.00,0.00,NULL,'2023-12-02','2023-12-03'),(481,1,'411',2,'6033000340085','i',8.00,'2023-11-04','11:02:16',1.00,6.56,8.00,'STORM ENERGY LG','MULTI-TAX','SS',15,0,'001231104211',0.16,0.16,0.07,1.04,'VM',1,0.00,0.00,0.00,NULL,'2023-12-02','2023-12-03'),(482,1,'411',2,'6034000181036','i',500.00,'2023-11-04','11:02:25',1.00,410.17,500.00,'BEL-AQUA SMALL','MULTI-TAX','SS',15,0,'001231104211',10.25,10.25,4.10,65.22,'VM',1,0.00,0.00,0.00,NULL,'2023-12-02','2023-12-03'),(483,1,'411',3,'6033000340085','i',8.00,'2023-11-04','11:02:43',1.00,6.56,8.00,'STORM ENERGY LG','MULTI-TAX','SS',15,0,'001231104311',0.16,0.16,0.07,1.04,'VM',1,0.00,0.00,0.00,NULL,'2023-12-02','2023-12-03'),(484,1,'411',4,'17264738','i',100.00,'2023-11-04','00:35:38',1.00,82.03,100.00,'Note Pad Small','MULTI-TAX','SS',15,0,'001231104411',2.05,2.05,0.82,13.04,'VM',1,0.00,0.00,0.00,NULL,'2023-12-02','2023-12-03'),(485,1,'411',4,'0987654321','i',100.00,'2023-11-04','00:35:45',1.00,100.00,100.00,'GAUVA JUICE','Non-Taxable','SS',0,0,'001231104411',0.00,0.00,0.00,0.00,'V0',1,0.00,0.00,0.00,NULL,'2023-12-02','2023-12-03'),(486,1,'411',4,'6033000084927','i',13.92,'2023-11-04','00:36:01',1.00,13.92,13.92,'IDEAL MILK-Original -390g','Non-Taxable','SS',0,0,'001231104411',0.00,0.00,0.00,0.00,'V0',1,0.00,0.00,0.00,NULL,'2023-12-02','2023-12-03'),(487,1,'411',4,'8412318010770','i',11.13,'2023-11-04','00:36:06',1.00,11.13,11.13,'Interjus P/C Jiuce1L','Non-Taxable','SS',0,0,'001231104411',0.00,0.00,0.00,0.00,'V0',1,0.00,0.00,0.00,NULL,'2023-12-02','2023-12-03'),(488,1,'411',5,'17264738','i',100.00,'2023-11-04','07:10:31',1.00,82.03,100.00,'Note Pad Small','MULTI-TAX','SS',15,0,'001231104511',2.05,2.05,0.82,13.04,'VM',1,0.00,0.00,0.00,NULL,'2023-12-02','2023-12-03'),(489,1,'411',6,'17264738','i',78.10,'2023-11-04','07:11:50',1.00,64.07,78.10,'Note Pad Small','MULTI-TAX','SS',15,0,'001231104611',1.60,1.60,0.64,10.19,'VM',1,0.00,0.00,0.00,NULL,'2023-12-02','2023-12-03'),(490,1,'411',7,'6034000181036','i',500.00,'2023-11-04','05:36:48',1.00,410.17,500.00,'BEL-AQUA SMALL','MULTI-TAX','SS',15,0,'001231104711',10.25,10.25,4.10,65.22,'VM',1,0.00,0.00,0.00,NULL,'2023-12-02','2023-12-03'),(491,1,'411',8,'6033000340085','i',8.00,'2023-11-04','05:37:05',1.00,6.56,8.00,'STORM ENERGY LG','MULTI-TAX','SS',15,0,'001231104811',0.16,0.16,0.07,1.04,'VM',1,0.00,0.00,0.00,NULL,'2023-12-02','2023-12-03'),(492,1,'411',9,'54646467564','i',7.00,'2023-11-04','05:41:53',1.00,5.74,7.00,'ORANGE','MULTI-TAX','SS',15,0,'001231104911',0.14,0.14,0.06,0.91,'VM',1,0.00,0.00,0.00,NULL,'2023-12-02','2023-12-03'),(495,1,'411',10,'5411188110835','i',36.99,'2023-11-04','05:48:57',1.00,36.99,36.99,'Alpro Soya Almond Drink 1Ltr','Non-Taxable','SS',0,0,'0012311041011',0.00,0.00,0.00,0.00,'V0',1,0.00,0.00,0.00,NULL,'2023-12-02','2023-12-03'),(497,1,'411',10,'5449000232755','i',4.10,'2023-11-04','05:49:09',1.00,4.10,4.10,'Club Soda Water 350Ml','Non-Taxable','SS',0,0,'0012311041011',0.00,0.00,0.00,0.00,'V0',1,0.00,0.00,0.00,NULL,'2023-12-02','2023-12-03'),(502,1,'Demo User',11,'6033000340085','i',8.00,'2023-11-04','07:04:36',1.00,6.56,8.00,'STORM ENERGY LG','MULTI-TAX','SS',15,0,'0012311041111',0.16,0.16,0.07,1.04,'VM',1,0.00,0.00,0.00,NULL,'2023-12-02','2023-12-03'),(503,1,'Demo User',11,'6033000340085','i',8.00,'2023-11-04','07:09:35',1.00,6.56,8.00,'STORM ENERGY LG','MULTI-TAX','SS',15,0,'0012311041111',0.16,0.16,0.07,1.04,'VM',1,0.00,0.00,0.00,NULL,'2023-12-02','2023-12-03'),(504,1,'Demo User',11,'6033000340085','i',8.00,'2023-11-04','07:10:34',1.00,6.56,8.00,'STORM ENERGY LG','MULTI-TAX','SS',15,0,'0012311041111',0.16,0.16,0.07,1.04,'VM',1,0.00,0.00,0.00,NULL,'2023-12-02','2023-12-03'),(505,1,'Demo User',11,'6033000340085','i',8.00,'2023-11-04','07:11:28',1.00,6.56,8.00,'STORM ENERGY LG','MULTI-TAX','SS',15,0,'0012311041111',0.16,0.16,0.07,1.04,'VM',1,0.00,0.00,0.00,NULL,'2023-12-02','2023-12-03'),(506,1,'Demo User',11,'6033000340085','i',8.00,'2023-11-04','07:12:17',1.00,6.56,8.00,'STORM ENERGY LG','MULTI-TAX','SS',15,0,'0012311041111',0.16,0.16,0.07,1.04,'VM',1,0.00,0.00,0.00,NULL,'2023-12-02','2023-12-03'),(509,1,'Demo User',12,'6033000340085','i',8.00,'2023-11-04','07:13:48',1.00,6.56,8.00,'STORM ENERGY LG','MULTI-TAX','SS',15,0,'0012311041211',0.16,0.16,0.07,1.04,'VM',1,0.00,0.00,0.00,NULL,'2023-12-02','2023-12-03'),(510,1,'Demo User',12,'17264738','i',100.00,'2023-11-04','07:13:48',1.00,82.03,100.00,'Note Pad Small','MULTI-TAX','SS',15,0,'0012311041211',2.05,2.05,0.82,13.04,'VM',1,0.00,0.00,0.00,NULL,'2023-12-02','2023-12-03'),(511,1,'411',13,'6253500771442','i',26.20,'2023-11-04','08:07:22',1.00,26.20,26.20,'Fruitelli Mango 1Ltr','Non-Taxable','SS',0,0,'0012311041311',0.00,0.00,0.00,0.00,'V0',1,0.00,0.00,0.00,NULL,'2023-12-02','2023-12-03'),(512,1,'411',13,'6033000082985','i',21.03,'2023-11-04','08:07:49',1.00,21.03,21.03,'Cerelac Wheat 400gm','Non-Taxable','SS',0,0,'0012311041311',0.00,0.00,0.00,0.00,'V0',1,0.00,0.00,0.00,NULL,'2023-12-02','2023-12-03'),(513,1,'411',14,'5411188110835','i',36.99,'2023-11-04','08:22:01',1.00,36.99,36.99,'Alpro Soya Almond Drink 1Ltr','Non-Taxable','SS',0,0,'0012311041411',0.00,0.00,0.00,0.00,'V0',1,0.00,0.00,0.00,NULL,'2023-12-02','2023-12-03'),(514,1,'411',14,'6034000351187','i',3.00,'2023-11-04','05:53:14',1.00,3.00,3.00,'Big Boss Energy Drink 350ML','Non-Taxable','SS',0,0,'0012311041411',0.00,0.00,0.00,0.00,'V0',1,0.00,0.00,0.00,NULL,'2023-12-02','2023-12-03'),(515,1,'411',14,'6034000180107','i',4.10,'2023-11-04','05:53:24',1.00,4.10,4.10,'Beta Malt-330ML','Non-Taxable','SS',0,0,'0012311041411',0.00,0.00,0.00,0.00,'V0',1,0.00,0.00,0.00,NULL,'2023-12-02','2023-12-03'),(516,1,'411',15,'6033000340085','i',8.00,'2023-11-04','07:09:59',1.00,6.56,8.00,'STORM ENERGY LG','MULTI-TAX','SS',15,0,'0012311041511',0.16,0.16,0.07,1.04,'VM',1,0.00,0.00,0.00,NULL,'2023-12-02','2023-12-03'),(517,1,'411',16,'6033000340085','i',8.00,'2023-11-04','07:12:53',1.00,6.56,8.00,'STORM ENERGY LG','MULTI-TAX','SS',15,0,'0012311041611',0.16,0.16,0.07,1.04,'VM',1,0.00,0.00,0.00,NULL,'2023-12-02','2023-12-03'),(518,1,'411',17,'6033000340085','i',8.00,'2023-11-04','07:14:13',1.00,6.56,8.00,'STORM ENERGY LG','MULTI-TAX','SS',15,0,'0012311041711',0.16,0.16,0.07,1.04,'VM',1,0.00,0.00,0.00,NULL,'2023-12-02','2023-12-03'),(519,1,'411',18,'6033000340085','i',8.00,'2023-11-04','07:16:59',1.00,6.56,8.00,'STORM ENERGY LG','MULTI-TAX','SS',15,0,'0012311041811',0.16,0.16,0.07,1.04,'VM',1,0.00,0.00,0.00,NULL,'2023-12-02','2023-12-03'),(520,1,'411',19,'8859349202086','i',7.70,'2023-11-04','07:18:25',1.00,7.70,7.70,'ABEVIA EVAPORATED MILK 170G','Non-Taxable','SS',0,0,'0012311041911',0.00,0.00,0.00,0.00,'V0',1,0.00,0.00,0.00,NULL,'2023-12-02','2023-12-03'),(521,1,'411',20,'6033000340085','i',8.00,'2023-11-04','07:22:48',1.00,6.56,8.00,'STORM ENERGY LG','MULTI-TAX','SS',15,0,'0012311042011',0.16,0.16,0.07,1.04,'VM',1,0.00,0.00,0.00,NULL,'2023-12-02','2023-12-03'),(522,1,'411',21,'6033000340085','i',8.00,'2023-11-04','07:23:00',1.00,6.56,8.00,'STORM ENERGY LG','MULTI-TAX','SS',15,0,'0012311042111',0.16,0.16,0.07,1.04,'VM',1,0.00,0.00,0.00,NULL,'2023-12-02','2023-12-03'),(523,1,'411',22,'6033000340085','i',8.00,'2023-11-04','07:24:46',1.00,6.56,8.00,'STORM ENERGY LG','MULTI-TAX','SS',15,0,'0012311042211',0.16,0.16,0.07,1.04,'VM',1,0.00,0.00,0.00,NULL,'2023-12-02','2023-12-03'),(524,1,'411',23,'6033000340085','i',8.00,'2023-11-04','07:28:21',1.00,6.56,8.00,'STORM ENERGY LG','MULTI-TAX','SS',15,0,'0012311042311',0.16,0.16,0.07,1.04,'VM',1,0.00,0.00,0.00,NULL,'2023-12-02','2023-12-03'),(525,1,'411',24,'8859349202086','i',7.70,'2023-11-04','07:29:57',1.00,7.70,7.70,'ABEVIA EVAPORATED MILK 170G','Non-Taxable','SS',0,0,'0012311042411',0.00,0.00,0.00,0.00,'V0',1,0.00,0.00,0.00,NULL,'2023-12-02','2023-12-03'),(526,1,'411',25,'6033000084415','i',7.50,'2023-11-04','07:30:15',1.00,7.50,7.50,'CARNATION TEA CREAMER 160g','Non-Taxable','SS',0,0,'0012311042511',0.00,0.00,0.00,0.00,'V0',1,0.00,0.00,0.00,NULL,'2023-12-02','2023-12-03'),(527,1,'411',26,'8859349202086','i',7.70,'2023-11-04','07:30:31',1.00,7.70,7.70,'ABEVIA EVAPORATED MILK 170G','Non-Taxable','SS',0,0,'0012311042611',0.00,0.00,0.00,0.00,'V0',1,0.00,0.00,0.00,NULL,'2023-12-02','2023-12-03'),(528,1,'411',27,'8859349202086','i',7.70,'2023-11-04','07:32:39',1.00,7.70,7.70,'ABEVIA EVAPORATED MILK 170G','Non-Taxable','SS',0,0,'0012311042711',0.00,0.00,0.00,0.00,'V0',1,0.00,0.00,0.00,NULL,'2023-12-02','2023-12-03'),(529,1,'411',28,'8859349202086','i',7.70,'2023-11-04','07:34:43',1.00,7.70,7.70,'ABEVIA EVAPORATED MILK 170G','Non-Taxable','SS',0,0,'0012311042811',0.00,0.00,0.00,0.00,'V0',1,0.00,0.00,0.00,NULL,'2023-12-02','2023-12-03'),(530,1,'411',29,'5411188543398','i',34.85,'2023-11-04','07:34:56',1.00,34.85,34.85,'Alpro Soya Drink(Unsweetened) 1ltr','Non-Taxable','SS',0,0,'0012311042911',0.00,0.00,0.00,0.00,'V0',1,0.00,0.00,0.00,NULL,'2023-12-02','2023-12-03'),(531,1,'411',30,'5411188110835','i',36.99,'2023-11-04','07:35:09',1.00,36.99,36.99,'Alpro Soya Almond Drink 1Ltr','Non-Taxable','SS',0,0,'0012311043011',0.00,0.00,0.00,0.00,'V0',1,0.00,0.00,0.00,NULL,'2023-12-02','2023-12-03'),(532,1,'411',30,'6034000180107','i',4.10,'2023-11-04','07:35:13',1.00,4.10,4.10,'Beta Malt-330ML','Non-Taxable','SS',0,0,'0012311043011',0.00,0.00,0.00,0.00,'V0',1,0.00,0.00,0.00,NULL,'2023-12-02','2023-12-03'),(533,1,'411',30,'6001240100059','i',64.90,'2023-11-04','07:35:25',1.00,64.90,64.90,'Ceres Orange 1Ltr','Non-Taxable','SS',0,0,'0012311043011',0.00,0.00,0.00,0.00,'V0',1,0.00,0.00,0.00,NULL,'2023-12-02','2023-12-03'),(534,1,'411',31,'8859349202086','i',7.70,'2023-11-04','14:30:21',1.00,7.70,7.70,'ABEVIA EVAPORATED MILK 170G','Non-Taxable','SS',0,0,'0012311043111',0.00,0.00,0.00,0.00,'V0',1,0.00,0.00,0.00,NULL,'2023-12-02','2023-12-03'),(536,1,'411',31,'6033000340085','i',8.00,'2023-11-04','23:46:13',1.00,6.56,8.00,'STORM ENERGY LG','MULTI-TAX','SS',15,0,'0012311043111',0.16,0.16,0.07,1.04,'VM',1,0.00,0.00,0.00,NULL,'2023-12-02','2023-12-03'),(537,1,'411',32,'5760466959254','i',29.28,'2023-11-04','00:37:37',1.00,29.28,29.28,'Arl.Milk Powder 400Gm','Non-Taxable','SS',0,0,'0012311043211',0.00,0.00,0.00,0.00,'V0',1,0.00,0.00,0.00,NULL,'2023-12-02','2023-12-03'),(539,1,'411',33,'6033000340085','i',8.00,'2023-11-04','20:51:36',1.00,6.56,8.00,'STORM ENERGY LG','MULTI-TAX','SS',15,0,'0012311043311',0.16,0.16,0.07,1.04,'VM',1,0.00,0.00,0.00,NULL,'2023-12-02','2023-12-03'),(540,1,'411',34,'8859349202086','i',7.70,'2023-11-04','02:41:11',1.00,7.70,7.70,'ABEVIA EVAPORATED MILK 170G','Non-Taxable','SS',0,0,'0012311043411',0.00,0.00,0.00,0.00,'V0',1,0.00,0.00,0.00,NULL,'2023-12-02','2023-12-03'),(542,1,'411',35,'8859349202086','i',7.70,'2023-11-04','02:51:38',1.00,7.70,7.70,'ABEVIA EVAPORATED MILK 170G','Non-Taxable','SS',0,0,'0012311043511',0.00,0.00,0.00,0.00,'V0',1,0.00,0.00,0.00,NULL,'2023-12-02','2023-12-03'),(543,1,'411',36,'6033000340085','i',8.00,'2023-11-04','02:52:33',1.00,6.56,8.00,'STORM ENERGY LG','MULTI-TAX','SS',15,0,'0012311043611',0.16,0.16,0.07,1.04,'VM',1,0.00,0.00,0.00,NULL,'2023-12-02','2023-12-03'),(545,1,'411',37,'6033000340085','i',8.00,'2023-11-04','03:00:09',1.00,6.56,8.00,'STORM ENERGY LG','MULTI-TAX','SS',15,0,'0012311043711',0.16,0.16,0.07,1.04,'VM',1,0.00,0.00,0.00,NULL,'2023-12-02','2023-12-03'),(546,1,'411',38,'6033000340085','i',8.00,'2023-11-04','03:02:30',1.00,6.56,8.00,'STORM ENERGY LG','MULTI-TAX','SS',15,0,'0012311043811',0.16,0.16,0.07,1.04,'VM',1,0.00,0.00,0.00,NULL,'2023-12-02','2023-12-03'),(550,1,'411',39,'6033000340085','i',8.00,'2023-11-04','03:15:33',1.00,6.56,8.00,'STORM ENERGY LG','MULTI-TAX','SS',15,0,'0012311043911',0.16,0.16,0.07,1.04,'VM',1,0.00,0.00,0.00,NULL,'2023-12-02','2023-12-03'),(551,1,'411',40,'8859349202086','i',7.70,'2023-11-04','03:56:51',1.00,7.70,7.70,'ABEVIA EVAPORATED MILK 170G','Non-Taxable','SS',0,0,'0012311044011',0.00,0.00,0.00,0.00,'V0',1,0.00,0.00,0.00,NULL,'2023-12-02','2023-12-03'),(553,1,'411',41,'6033000340085','i',8.00,'2023-11-04','03:59:33',1.00,6.56,8.00,'STORM ENERGY LG','MULTI-TAX','SS',15,0,'0012311044111',0.16,0.16,0.07,1.04,'VM',1,0.00,0.00,0.00,NULL,'2023-12-02','2023-12-03'),(555,1,'411',42,'6033000340085','i',8.00,'2023-11-04','04:04:48',1.00,6.56,8.00,'STORM ENERGY LG','MULTI-TAX','SS',15,0,'0012311044211',0.16,0.16,0.07,1.04,'VM',1,0.00,0.00,0.00,NULL,'2023-12-02','2023-12-03'),(556,1,'411',42,'54646467564','i',7.00,'2023-11-04','04:05:04',1.00,5.74,7.00,'ORANGE','MULTI-TAX','SS',15,0,'0012311044211',0.14,0.14,0.06,0.91,'VM',1,0.00,0.00,0.00,NULL,'2023-12-02','2023-12-03'),(558,1,'411',43,'6034000181036','i',500.00,'2023-11-04','04:12:52',1.00,410.17,500.00,'BEL-AQUA SMALL','MULTI-TAX','SS',15,0,'0012311044311',10.25,10.25,4.10,65.22,'VM',1,0.00,0.00,0.00,NULL,'2023-12-02','2023-12-03'),(559,1,'411',43,'17264738','i',100.00,'2023-11-04','04:13:05',1.00,82.03,100.00,'Note Pad Small','MULTI-TAX','SS',15,0,'0012311044311',2.05,2.05,0.82,13.04,'VM',1,0.00,0.00,0.00,NULL,'2023-12-02','2023-12-03'),(560,1,'411',44,'6034000181036','i',500.00,'2023-11-04','04:20:04',2.00,820.34,1000.00,'BEL-AQUA SMALL','MULTI-TAX','SS',15,0,'0012311044411',20.51,20.51,8.20,130.43,'VM',1,0.00,0.00,0.00,NULL,'2023-12-02','2023-12-03'),(561,1,'411',45,'6034000181036','i',500.00,'2023-11-04','04:22:47',1.00,410.17,500.00,'BEL-AQUA SMALL','MULTI-TAX','SS',15,0,'0012311044511',10.25,10.25,4.10,65.22,'VM',1,0.00,0.00,0.00,NULL,'2023-12-02','2023-12-03'),(562,1,'411',46,'6034000181036','i',500.00,'2023-11-04','04:23:17',2.00,820.34,1000.00,'BEL-AQUA SMALL','MULTI-TAX','SS',15,0,'0012311044611',20.51,20.51,8.20,130.43,'VM',1,0.00,0.00,0.00,NULL,'2023-12-02','2023-12-03'),(563,1,'411',47,'6034000181036','i',500.00,'2023-11-04','04:25:00',2.00,820.34,1000.00,'BEL-AQUA SMALL','MULTI-TAX','SS',15,0,'0012311044711',20.51,20.51,8.20,130.43,'VM',1,0.00,0.00,0.00,NULL,'2023-12-02','2023-12-03'),(571,1,'411',48,'6034000181036','i',500.00,'2023-11-04','04:49:28',1.00,410.17,500.00,'BEL-AQUA SMALL','MULTI-TAX','SS',15,0,'0012311044811',10.25,10.25,4.10,65.22,'VM',1,0.00,0.00,0.00,NULL,'2023-12-02','2023-12-03'),(572,1,'411',48,'6034000181036','i',500.00,'2023-11-04','04:49:42',5.00,2050.86,2500.00,'BEL-AQUA SMALL','MULTI-TAX','SS',15,0,'0012311044811',51.27,51.27,20.51,326.09,'VM',1,0.00,0.00,0.00,NULL,'2023-12-02','2023-12-03'),(573,1,'411',49,'6034000181036','i',500.00,'2023-11-04','04:51:32',5.00,2050.86,2500.00,'BEL-AQUA SMALL','MULTI-TAX','SS',15,0,'0012311044911',51.27,51.27,20.51,326.09,'VM',1,0.00,0.00,0.00,NULL,'2023-12-02','2023-12-03'),(574,1,'411',50,'6034000181036','i',500.00,'2023-11-04','04:51:56',1.00,410.17,500.00,'BEL-AQUA SMALL','MULTI-TAX','SS',15,0,'0012311045011',10.25,10.25,4.10,65.22,'VM',1,0.00,0.00,0.00,NULL,'2023-12-02','2023-12-03'),(575,1,'411',51,'54646467564','i',7.00,'2023-11-04','05:52:35',1.00,5.74,7.00,'ORANGE','MULTI-TAX','SS',15,0,'0012311045111',0.14,0.14,0.06,0.91,'VM',1,0.00,0.00,0.00,NULL,'2023-12-02','2023-12-03'),(576,1,'411',51,'54646467564','i',7.00,'2023-11-04','05:52:43',1.00,5.74,7.00,'ORANGE','MULTI-TAX','SS',15,0,'0012311045111',0.14,0.14,0.06,0.91,'VM',1,0.00,0.00,0.00,NULL,'2023-12-02','2023-12-03'),(578,1,'411',52,'54646467564','i',7.00,'2023-11-04','06:25:47',1.00,5.74,7.00,'ORANGE','MULTI-TAX','SS',15,0,'0012311045211',0.14,0.14,0.06,0.91,'VM',1,0.00,0.00,0.00,NULL,'2023-12-02','2023-12-03'),(579,1,'411',52,'17264738','i',100.00,'2023-11-04','06:26:00',1.00,82.03,100.00,'Note Pad Small','MULTI-TAX','SS',15,0,'0012311045211',2.05,2.05,0.82,13.04,'VM',1,0.00,0.00,0.00,NULL,'2023-12-02','2023-12-03'),(581,1,'411',53,'54646467564','i',7.00,'2023-11-04','09:07:03',-1.00,-0.91,-7.00,'ORANGE','MULTI-TAX','RF',15,0,'0012311045311',-0.14,-0.14,-0.06,-0.91,'VM',1,0.00,0.00,0.00,NULL,'2023-12-02','2023-12-03'),(582,1,'411',54,'54646467564','i',7.00,'2023-11-04','09:33:19',-1.00,-0.91,-7.00,'ORANGE','MULTI-TAX','RF',15,0,'0012311045411',-0.14,-0.14,-0.06,-0.91,'VM',1,0.00,0.00,0.00,NULL,'2023-12-02','2023-12-03'),(583,1,'411',55,'54646467564','i',7.00,'2023-11-04','09:34:57',-1.00,-0.91,-7.00,'ORANGE','MULTI-TAX','RF',15,0,'0012311045511',-0.14,-0.14,-0.06,-0.91,'VM',1,0.00,0.00,0.00,NULL,'2023-12-02','2023-12-03'),(584,1,'411',56,'54646467564','i',7.00,'2023-11-04','09:37:00',-1.00,-0.91,-7.00,'ORANGE','MULTI-TAX','RF',15,0,'0012311045611',-0.14,-0.14,-0.06,-0.91,'VM',1,0.00,0.00,0.00,NULL,'2023-12-02','2023-12-03'),(585,1,'411',57,'54646467564','i',7.00,'2023-11-04','09:37:48',-1.00,-0.91,-7.00,'ORANGE','MULTI-TAX','RF',15,0,'0012311045711',-0.14,-0.14,-0.06,-0.91,'VM',1,0.00,0.00,0.00,NULL,'2023-12-02','2023-12-03'),(586,1,'411',58,'54646467564','i',7.00,'2023-11-04','09:38:01',-1.00,-0.91,-7.00,'ORANGE','MULTI-TAX','RF',15,0,'0012311045811',-0.14,-0.14,-0.06,-0.91,'VM',1,0.00,0.00,0.00,NULL,'2023-12-02','2023-12-03'),(587,1,'411',59,'54646467564','i',7.00,'2023-11-04','09:38:30',-1.00,-0.91,-7.00,'ORANGE','MULTI-TAX','RF',15,0,'0012311045911',-0.14,-0.14,-0.06,-0.91,'VM',1,0.00,0.00,0.00,NULL,'2023-12-02','2023-12-03'),(588,1,'411',60,'54646467564','i',7.00,'2023-11-04','09:39:22',-1.00,-0.91,-7.00,'ORANGE','MULTI-TAX','RF',15,0,'0012311046011',-0.14,-0.14,-0.06,-0.91,'VM',1,0.00,0.00,0.00,NULL,'2023-12-02','2023-12-03'),(589,1,'411',61,'54646467564','i',7.00,'2023-11-04','09:41:56',-1.00,-0.91,-7.00,'ORANGE','MULTI-TAX','RF',15,0,'0012311046111',-0.14,-0.14,-0.06,-0.91,'VM',1,0.00,0.00,0.00,NULL,'2023-12-02','2023-12-03'),(590,1,'411',62,'54646467564','i',7.00,'2023-11-04','09:43:32',-1.00,-0.91,-7.00,'ORANGE','MULTI-TAX','RF',15,0,'0012311046211',-0.14,-0.14,-0.06,-0.91,'VM',1,0.00,0.00,0.00,NULL,'2023-12-02','2023-12-03'),(591,1,'411',63,'6034000181036','i',500.00,'2023-11-04','13:37:37',1.00,500.00,500.00,'BEL-AQUA SMALL','MULTI-TAX','SS',15,0,'0012311046311',10.25,10.25,4.10,65.22,'VM',1,0.00,0.00,0.00,NULL,'2023-12-02','2023-12-03'),(592,1,'411',64,'8859349202086','i',7.70,'2023-11-04','15:23:46',1.00,7.70,7.70,'ABEVIA EVAPORATED MILK 170G','NO','SS',0,0,'0012311046411',0.00,0.00,0.00,0.00,'NO',1,0.00,0.00,0.00,NULL,'2023-12-02','2023-12-03'),(593,1,'411',64,'6034000181036','i',500.00,'2023-11-04','15:37:40',1.00,500.00,500.00,'BEL-AQUA SMALL','YES','SS',0,0,'0012311046411',0.00,0.00,0.00,0.00,'YES',1,0.00,0.00,0.00,NULL,'2023-12-02','2023-12-03'),(654,1,'411',84,'6033000340085','i',8.00,'2023-11-04','08:01:13',1.00,8.00,8.00,'STORM ENERGY LG','YES','SS',0,0,'0012311048411',0.00,0.00,0.00,0.00,'YES',1,0.00,0.00,0.00,NULL,'2023-12-02','2023-12-03'),(655,1,'411',84,'6033000340085','i',8.00,'2023-11-04','08:01:23',1.00,8.00,8.00,'STORM ENERGY LG','YES','SS',0,0,'0012311048411',0.00,0.00,0.00,0.00,'YES',1,0.00,0.00,0.00,NULL,'2023-12-02','2023-12-03'),(656,1,'411',84,'6033000340085','i',8.00,'2023-11-04','08:01:33',1.00,8.00,8.00,'STORM ENERGY LG','YES','SS',0,0,'0012311048411',0.00,0.00,0.00,0.00,'YES',1,0.00,0.00,0.00,NULL,'2023-12-02','2023-12-03'),(657,1,'411',84,'6033000340085','i',8.00,'2023-11-04','08:01:58',1.00,8.00,8.00,'STORM ENERGY LG','YES','SS',0,0,'0012311048411',0.00,0.00,0.00,0.00,'YES',1,0.00,0.00,0.00,NULL,'2023-12-02','2023-12-03'),(658,1,'411',84,'6033000340085','i',8.00,'2023-11-04','08:02:15',1.00,8.00,8.00,'STORM ENERGY LG','YES','SS',0,0,'0012311048411',0.00,0.00,0.00,0.00,'YES',1,0.00,0.00,0.00,NULL,'2023-12-02','2023-12-03'),(659,1,'411',85,'6033000340085','i',8.00,'2023-11-04','08:03:08',1.00,8.00,8.00,'STORM ENERGY LG','YES','SS',0,0,'0012311048511',0.00,0.00,0.00,0.00,'YES',1,0.00,0.00,0.00,NULL,'2023-12-02','2023-12-03'),(660,1,'411',85,'6033000340085','i',8.00,'2023-11-04','08:03:14',1.00,8.00,8.00,'STORM ENERGY LG','YES','SS',0,0,'0012311048511',0.00,0.00,0.00,0.00,'YES',1,0.00,0.00,0.00,NULL,'2023-12-02','2023-12-03'),(661,1,'411',85,'54646467564','i',7.00,'2023-11-04','08:04:39',1.00,7.00,7.00,'ORANGE','YES','SS',0,0,'0012311048511',0.00,0.00,0.00,0.00,'YES',1,0.00,0.00,0.00,NULL,'2023-12-02','2023-12-03'),(662,1,'411',86,'0987654321','i',100.00,'2023-11-04','08:05:11',1.00,100.00,100.00,'GAUVA JUICE','NO','SS',0,0,'0012311048611',0.00,0.00,0.00,0.00,'NO',1,0.00,0.00,0.00,NULL,'2023-12-02','2023-12-03'),(663,1,'411',86,'6033000340085','i',8.00,'2023-11-04','08:05:21',1.00,8.00,8.00,'STORM ENERGY LG','YES','SS',0,0,'0012311048611',0.00,0.00,0.00,0.00,'YES',1,0.00,0.00,0.00,NULL,'2023-12-02','2023-12-03'),(664,1,'411',86,'6034000181036','i',500.00,'2023-11-04','08:05:31',1.00,500.00,500.00,'BEL-AQUA SMALL','YES','SS',0,0,'0012311048611',0.00,0.00,0.00,0.00,'YES',1,0.00,0.00,0.00,NULL,'2023-12-02','2023-12-03'),(665,1,'411',87,'6033000340085','i',8.00,'2023-11-04','18:06:54',1.00,8.00,8.00,'STORM ENERGY LG','YES','SS',0,0,'0012311048711',0.00,0.00,0.00,0.00,'YES',1,0.00,0.00,0.00,NULL,'2023-12-02','2023-12-03'),(666,1,'411',88,'6033000340085','i',8.00,'2023-11-04','18:07:12',1.00,8.00,8.00,'STORM ENERGY LG','YES','SS',0,0,'0012311048811',0.00,0.00,0.00,0.00,'YES',1,0.00,0.00,0.00,NULL,'2023-12-02','2023-12-03'),(667,1,'411',89,'8364937486','i',10.00,'2023-11-04','18:07:48',1.00,10.00,10.00,'JOY COLA','YES','SS',0,0,'0012311048911',0.00,0.00,0.00,0.00,'YES',1,0.00,0.00,0.00,NULL,'2023-12-02','2023-12-03'),(668,1,'411',89,'6033000340085','i',8.00,'2023-11-04','18:07:53',1.00,8.00,8.00,'STORM ENERGY LG','YES','SS',0,0,'0012311048911',0.00,0.00,0.00,0.00,'YES',1,0.00,0.00,0.00,NULL,'2023-12-02','2023-12-03'),(669,1,'411',90,'6033000340085','i',8.00,'2023-11-04','18:08:22',1.00,8.00,8.00,'STORM ENERGY LG','YES','SS',0,0,'0012311049011',0.00,0.00,0.00,0.00,'YES',1,0.00,0.00,0.00,NULL,'2023-12-02','2023-12-03'),(670,1,'411',91,'6033000340085','i',8.00,'2023-11-04','18:14:14',1.00,8.00,8.00,'STORM ENERGY LG','YES','SS',0,0,'0012311049111',0.00,0.00,0.00,0.00,'YES',1,0.00,0.00,0.00,NULL,'2023-12-02','2023-12-03'),(671,1,'411',92,'6033000340085','i',8.00,'2023-11-04','18:15:03',1.00,8.00,8.00,'STORM ENERGY LG','YES','SS',0,0,'0012311049211',0.00,0.00,0.00,0.00,'YES',1,0.00,0.00,0.00,NULL,'2023-12-02','2023-12-03'),(672,1,'411',92,'6033000340085','i',8.00,'2023-11-04','18:15:09',1.00,8.00,8.00,'STORM ENERGY LG','YES','SS',0,0,'0012311049211',0.00,0.00,0.00,0.00,'YES',1,0.00,0.00,0.00,NULL,'2023-12-02','2023-12-03'),(673,1,'411',93,'6034000181036','i',500.00,'2023-11-04','18:16:34',1.00,500.00,500.00,'BEL-AQUA SMALL','YES','SS',0,0,'0012311049311',0.00,0.00,0.00,65.22,'YES',1,0.00,0.00,0.00,NULL,'2023-12-02','2023-12-03'),(674,1,'411',94,'6034000181036','i',500.00,'2023-11-04','18:34:08',1.00,500.00,500.00,'BEL-AQUA SMALL','YES','SS',0,0,'0012311049411',10.25,10.25,4.10,65.22,'YES',1,0.00,0.00,0.00,NULL,'2023-12-02','2023-12-03'),(675,1,'411',95,'6034000181036','i',500.00,'2023-11-04','18:35:06',1.00,500.00,500.00,'BEL-AQUA SMALL','YES','SS',0,0,'0012311049511',10.25,10.25,4.10,65.22,'YES',1,0.00,0.00,0.00,NULL,'2023-12-02','2023-12-03'),(676,1,'411',95,'8859349202086','i',7.70,'2023-11-04','18:35:15',1.00,7.70,7.70,'ABEVIA EVAPORATED MILK 170G','NO','SS',0,0,'0012311049511',0.00,0.00,0.00,0.00,'NO',1,0.00,0.00,0.00,NULL,'2023-12-02','2023-12-03'),(677,1,'411',96,'6033000084415','i',7.50,'2023-11-04','18:38:37',1.00,7.50,7.50,'CARNATION TEA CREAMER 160g','NO','SS',0,0,'0012311049611',0.00,0.00,0.00,0.00,'NO',1,0.00,0.00,0.00,NULL,'2023-12-02','2023-12-03'),(678,1,'411',96,'8364937486','i',10.00,'2023-11-04','18:40:34',1.00,10.00,10.00,'JOY COLA','YES','SS',0,0,'0012311049611',0.21,0.21,0.08,1.30,'YES',1,0.00,0.00,0.00,NULL,'2023-12-02','2023-12-03'),(679,1,'411',96,'6034000181036','i',500.00,'2023-11-04','18:42:49',1.00,500.00,500.00,'BEL-AQUA SMALL','YES','SS',0,0,'0012311049611',10.25,10.25,4.10,65.22,'YES',1,0.00,0.00,0.00,NULL,'2023-12-02','2023-12-03'),(680,1,'411',96,'6034000181036','i',500.00,'2023-11-04','18:43:04',1.00,500.00,500.00,'BEL-AQUA SMALL','YES','SS',0,0,'0012311049611',10.25,10.25,4.10,65.22,'YES',1,0.00,0.00,0.00,NULL,'2023-12-02','2023-12-03'),(681,1,'411',96,'0987654321','i',100.00,'2023-11-04','18:43:33',1.00,0.00,100.00,'GAUVA JUICE','NO','SS',0,0,'0012311049611',0.00,0.00,0.00,0.00,'NO',1,0.00,0.00,0.00,NULL,'2023-12-02','2023-12-03'),(682,1,'411',97,'6034000181036','i',500.00,'2023-11-04','18:45:02',1.00,500.00,500.00,'BEL-AQUA SMALL','YES','SS',0,0,'0012311049711',10.25,10.25,4.10,65.22,'YES',1,0.00,0.00,0.00,NULL,'2023-12-02','2023-12-03'),(683,1,'411',97,'6033000340085','i',8.00,'2023-11-04','18:45:10',1.00,8.00,8.00,'STORM ENERGY LG','YES','SS',0,0,'0012311049711',0.16,0.16,0.07,1.04,'YES',1,0.00,0.00,0.00,NULL,'2023-12-02','2023-12-03'),(684,1,'411',97,'8364937486','i',10.00,'2023-11-04','18:45:19',1.00,10.00,10.00,'JOY COLA','YES','SS',0,0,'0012311049711',0.21,0.21,0.08,1.30,'YES',1,0.00,0.00,0.00,NULL,'2023-12-02','2023-12-03'),(685,1,'411',98,'6034000181036','i',500.00,'2023-11-04','18:45:51',1.00,500.00,500.00,'BEL-AQUA SMALL','YES','SS',0,0,'0012311049811',10.25,10.25,4.10,65.22,'YES',1,0.00,0.00,0.00,NULL,'2023-12-02','2023-12-03'),(686,1,'411',99,'6033000340085','i',8.00,'2023-11-04','18:51:42',1.00,8.00,8.00,'STORM ENERGY LG','YES','SS',0,0,'0012311049911',0.16,0.16,0.07,1.04,'YES',1,0.00,0.00,0.00,NULL,'2023-12-02','2023-12-03'),(687,1,'411',99,'6034000181036','i',500.00,'2023-11-04','18:51:49',1.00,500.00,500.00,'BEL-AQUA SMALL','YES','SS',0,0,'0012311049911',10.25,10.25,4.10,65.22,'YES',1,0.00,0.00,0.00,NULL,'2023-12-02','2023-12-03'),(688,1,'411',99,'6034000181036','i',500.00,'2023-11-04','18:52:17',5.00,2500.00,2500.00,'BEL-AQUA SMALL','YES','SS',0,0,'0012311049911',51.27,51.27,20.51,326.09,'YES',1,0.00,0.00,0.00,NULL,'2023-12-02','2023-12-03'),(689,1,'411',100,'6034000181036','i',500.00,'2023-11-04','18:53:27',1.00,500.00,500.00,'BEL-AQUA SMALL','YES','SS',0,0,'00123110410011',10.25,10.25,4.10,65.22,'YES',1,0.00,0.00,0.00,NULL,'2023-12-02','2023-12-03'),(690,1,'411',101,'54646467564','i',7.00,'2023-11-04','19:14:50',1.00,7.00,7.00,'ORANGE','YES','SS',0,0,'00123110410111',0.14,0.14,0.06,0.91,'YES',1,0.00,0.00,0.00,NULL,'2023-12-02','2023-12-03'),(691,1,'411',102,'5411188543381','i',45.40,'2023-11-04','19:26:02',1.00,45.40,45.40,'Alpro Soya Original Drink 1lt','NO','SS',0,0,'00123110410211',0.00,0.00,0.00,0.00,'NO',1,0.00,0.00,0.00,NULL,'2023-12-02','2023-12-03'),(692,1,'411',103,'54646467564','i',7.00,'2023-11-04','19:29:31',1.00,7.00,7.00,'ORANGE','YES','SS',0,0,'00123110410311',0.14,0.14,0.06,0.91,'YES',1,0.00,0.00,0.00,NULL,'2023-12-02','2023-12-03'),(693,1,'411',104,'54646467564','i',7.00,'2023-11-04','19:31:15',1.00,7.00,7.00,'ORANGE','YES','SS',0,0,'00123110410411',0.14,0.14,0.06,0.91,'YES',1,0.00,0.00,0.00,NULL,'2023-12-02','2023-12-03'),(694,1,'411',104,'6034000181036','i',500.00,'2023-11-04','19:31:26',1.00,500.00,500.00,'BEL-AQUA SMALL','YES','SS',0,0,'00123110410411',10.25,10.25,4.10,65.22,'YES',1,0.00,0.00,0.00,NULL,'2023-12-02','2023-12-03'),(695,1,'411',105,'6034000181036','i',500.00,'2023-11-04','19:32:44',1.00,500.00,500.00,'BEL-AQUA SMALL','YES','SS',0,0,'00123110410511',10.25,10.25,4.10,65.22,'YES',1,0.00,0.00,0.00,NULL,'2023-12-02','2023-12-03'),(696,1,'411',106,'54646467564','i',7.00,'2023-11-04','19:42:10',1.00,7.00,7.00,'ORANGE','YES','SS',0,0,'00123110410611',0.14,0.14,0.06,0.91,'YES',1,0.00,0.00,0.00,NULL,'2023-12-02','2023-12-03'),(697,1,'411',107,'54646467564','i',7.00,'2023-11-04','19:42:30',1.00,7.00,7.00,'ORANGE','YES','SS',0,0,'00123110410711',0.14,0.14,0.06,0.91,'YES',1,0.00,0.00,0.00,NULL,'2023-12-02','2023-12-03'),(698,1,'411',108,'54646467564','i',7.00,'2023-11-04','19:50:20',1.00,7.00,7.00,'ORANGE','YES','SS',0,0,'00123110410811',0.14,0.14,0.06,0.91,'YES',1,0.00,0.00,0.00,NULL,'2023-12-02','2023-12-03'),(700,1,'411',109,'8859349202086','i',7.70,'2023-11-04','05:33:52',1.00,7.70,7.70,'ABEVIA EVAPORATED MILK 170G','NO','SS',0,0,'00123110410911',0.00,0.00,0.00,0.00,'NO',1,0.00,0.00,0.00,NULL,'2023-12-02','2023-12-03'),(701,1,'411',110,'5411188110835','i',36.99,'2023-11-04','05:35:19',1.00,36.99,36.99,'Alpro Soya Almond Drink 1Ltr','NO','SS',0,0,'00123110411011',0.00,0.00,0.00,0.00,'NO',1,0.00,0.00,0.00,NULL,'2023-12-02','2023-12-03'),(704,1,'411',111,'8859349202086','i',7.70,'2023-11-04','05:54:43',1.00,7.70,7.70,'ABEVIA EVAPORATED MILK 170G','NO','SS',0,0,'00123110411111',0.00,0.00,0.00,0.00,'NO',1,0.00,0.00,0.00,NULL,'2023-12-02','2023-12-03'),(705,1,'411',111,'5411188543398','i',34.85,'2023-11-04','05:54:48',1.00,34.85,34.85,'Alpro Soya Drink(Unsweetened) 1ltr','NO','SS',0,0,'00123110411111',0.00,0.00,0.00,0.00,'NO',1,0.00,0.00,0.00,NULL,'2023-12-02','2023-12-03'),(707,1,'411',112,'8859349202086','i',7.70,'2023-11-04','05:58:25',1.00,7.70,7.70,'ABEVIA EVAPORATED MILK 170G','NO','SS',0,0,'00123110411211',0.00,0.00,0.00,0.00,'NO',1,0.00,0.00,0.00,NULL,'2023-12-02','2023-12-03'),(708,1,'411',113,'6034000180107','i',4.10,'2023-11-04','05:59:28',1.00,4.10,4.10,'Beta Malt-330ML','NO','SS',0,0,'00123110411311',0.00,0.00,0.00,0.00,'NO',1,0.00,0.00,0.00,NULL,'2023-12-02','2023-12-03'),(709,1,'411',114,'6034000180107','i',4.10,'2023-11-04','06:00:36',1.00,4.10,4.10,'Beta Malt-330ML','NO','SS',0,0,'00123110411411',0.00,0.00,0.00,0.00,'NO',1,0.00,0.00,0.00,NULL,'2023-12-02','2023-12-03'),(710,1,'411',115,'9501053210428','i',3.20,'2023-11-04','06:05:20',1.00,3.20,3.20,'K.Pineapple 250ML','NO','SS',0,0,'00123110411511',0.00,0.00,0.00,0.00,'NO',1,0.00,0.00,0.00,NULL,'2023-12-02','2023-12-03'),(711,1,'411',116,'0987654321','i',100.00,'2023-11-04','06:06:39',1.00,100.00,100.00,'GAUVA JUICE','NO','SS',0,0,'00123110411611',0.00,0.00,0.00,0.00,'NO',1,0.00,0.00,0.00,NULL,'2023-12-02','2023-12-03'),(712,1,'411',116,'DICOUNT','D',NULL,'2023-11-04','06:10:27',0.00,0.00,0.00,'DISCOUNT','NULL','D',NULL,0,'00123110411611',0.00,0.00,0.00,0.00,NULL,1,0.00,0.00,3.00,NULL,'2023-12-02','2023-12-03'),(713,1,'411',117,'8859349202086','i',7.70,'2023-11-04','06:52:57',1.00,7.70,7.70,'ABEVIA EVAPORATED MILK 170G','NO','SS',0,0,'00123110411711',0.00,0.00,0.00,0.00,'NO',1,0.00,0.00,0.00,NULL,'2023-12-02','2023-12-03'),(714,1,'411',117,'5411188110835','i',36.99,'2023-11-04','06:53:05',1.00,36.99,36.99,'Alpro Soya Almond Drink 1Ltr','NO','SS',0,0,'00123110411711',0.00,0.00,0.00,0.00,'NO',1,0.00,0.00,0.00,NULL,'2023-12-02','2023-12-03'),(715,1,'411',117,'DICOUNT','D',NULL,'2023-11-04','06:53:25',0.00,0.00,0.00,'DISCOUNT','NULL',NULL,NULL,0,'00123110411711',0.00,0.00,0.00,0.00,NULL,1,0.00,0.00,10.00,NULL,'2023-12-02','2023-12-03'),(716,1,'411',118,'6034000181036','i',500.00,'2023-11-04','08:13:54',1.00,500.00,500.00,'BEL-AQUA SMALL','YES','SS',0,0,'00123110411811',10.25,10.25,4.10,65.22,'YES',1,0.00,0.00,0.00,NULL,'2023-12-02','2023-12-03'),(717,1,'411',118,'DICOUNT','D',NULL,'2023-11-04','08:14:04',0.00,0.00,0.00,'DISCOUNT','NULL','D',NULL,0,'00123110411811',0.00,0.00,0.00,0.00,NULL,1,0.00,0.00,3.00,NULL,'2023-12-02','2023-12-03'),(718,1,'411',119,'6034000181036','i',500.00,'2023-11-04','08:19:23',1.00,500.00,500.00,'BEL-AQUA SMALL','YES','SS',0,0,'00123110411911',10.25,10.25,4.10,65.22,'YES',1,0.00,0.00,0.00,NULL,'2023-12-02','2023-12-03'),(719,1,'411',119,'6034000181036','i',500.00,'2023-11-04','08:19:30',1.00,500.00,500.00,'BEL-AQUA SMALL','YES','SS',0,0,'00123110411911',10.25,10.25,4.10,65.22,'YES',1,0.00,0.00,0.00,NULL,'2023-12-02','2023-12-03'),(720,1,'411',119,'DICOUNT','D',NULL,'2023-11-04','08:19:47',0.00,0.00,0.00,'DISCOUNT','NULL','D',NULL,0,'00123110411911',0.00,0.00,0.00,0.00,NULL,1,0.00,0.00,10.00,NULL,'2023-12-02','2023-12-03'),(721,1,'411',120,'6033000340085','i',8.00,'2023-11-04','09:10:56',1.00,8.00,8.00,'STORM ENERGY LG','YES','SS',0,0,'00123110412011',0.16,0.16,0.07,1.04,'YES',1,0.00,0.00,0.00,NULL,'2023-12-02','2023-12-03'),(722,1,'411',121,'6034000181036','i',500.00,'2023-11-04','15:50:52',1.00,500.00,500.00,'BEL-AQUA SMALL','YES','SS',0,0,'00123110412111',10.25,10.25,4.10,65.22,'YES',1,0.00,0.00,0.00,NULL,'2023-12-02','2023-12-03'),(723,1,'411',121,'6033000340085','i',8.00,'2023-11-04','15:51:01',1.00,8.00,8.00,'STORM ENERGY LG','YES','SS',0,0,'00123110412111',0.16,0.16,0.07,1.04,'YES',1,0.00,0.00,0.00,NULL,'2023-12-02','2023-12-03'),(724,1,'411',122,'6033000340085','i',8.00,'2023-11-04','16:38:41',1.00,8.00,8.00,'STORM ENERGY LG','YES','SS',0,0,'00123110412211',0.16,0.16,0.07,1.04,'YES',1,0.00,0.00,0.00,NULL,'2023-12-02','2023-12-03'),(725,1,'411',122,'6034000181036','i',500.00,'2023-11-04','16:38:48',1.00,500.00,500.00,'BEL-AQUA SMALL','YES','SS',0,0,'00123110412211',10.25,10.25,4.10,65.22,'YES',1,0.00,0.00,0.00,NULL,'2023-12-02','2023-12-03'),(726,1,'411',123,'6033000340085','i',8.00,'2023-11-04','23:52:37',1.00,8.00,8.00,'STORM ENERGY LG','YES','SS',0,0,'00123110412311',0.16,0.16,0.07,1.04,'YES',1,0.00,0.00,0.00,NULL,'2023-12-02','2023-12-03'),(727,1,'411',124,'8364937486','i',10.00,'2023-11-04','23:53:04',1.00,10.00,10.00,'JOY COLA','YES','SS',0,0,'00123110412411',0.21,0.21,0.08,1.30,'YES',1,0.00,0.00,0.00,NULL,'2023-12-02','2023-12-03'),(728,1,'411',125,'6033000340085','i',8.00,'2023-11-04','23:53:33',1.00,8.00,8.00,'STORM ENERGY LG','YES','SS',0,0,'00123110412511',0.16,0.16,0.07,1.04,'YES',1,0.00,0.00,0.00,NULL,'2023-12-02','2023-12-03'),(729,1,'411',126,'8859349202086','i',7.70,'2023-11-04','00:05:50',1.00,7.70,7.70,'ABEVIA EVAPORATED MILK 170G','NO','SS',0,0,'00123110412611',0.00,0.00,0.00,0.00,'NO',1,0.00,0.00,0.00,NULL,'2023-12-02','2023-12-03'),(730,1,'411',126,'5411188543398','i',34.85,'2023-11-04','00:05:59',1.00,34.85,34.85,'Alpro Soya Drink(Unsweetened) 1ltr','NO','SS',0,0,'00123110412611',0.00,0.00,0.00,0.00,'NO',1,0.00,0.00,0.00,NULL,'2023-12-02','2023-12-03'),(731,1,'411',127,'8859349202086','i',7.70,'2023-11-04','07:23:35',1.00,7.70,7.70,'ABEVIA EVAPORATED MILK 170G','NO','SS',0,0,'00123110412711',0.00,0.00,0.00,0.00,'NO',1,0.00,0.00,0.00,NULL,'2023-12-02','2023-12-03'),(732,1,'411',127,'5411188543381','i',45.40,'2023-11-04','07:23:39',1.00,45.40,45.40,'Alpro Soya Original Drink 1lt','NO','SS',0,0,'00123110412711',0.00,0.00,0.00,0.00,'NO',1,0.00,0.00,0.00,NULL,'2023-12-02','2023-12-03'),(733,1,'411',127,'6034000252026','i',4.25,'2023-11-04','07:23:43',1.00,4.25,4.25,'Bubble Up Soda 350ML','NO','SS',0,0,'00123110412711',0.00,0.00,0.00,0.00,'NO',1,0.00,0.00,0.00,NULL,'2023-12-02','2023-12-03'),(734,1,'411',127,'6001240100059','i',64.90,'2023-11-04','07:23:56',1.00,64.90,64.90,'Ceres Orange 1Ltr','NO','SS',0,0,'00123110412711',0.00,0.00,0.00,0.00,'NO',1,0.00,0.00,0.00,NULL,'2023-12-02','2023-12-03'),(735,1,'411',127,'5711953075858','i',1.76,'2023-11-04','07:24:04',1.00,1.76,1.76,'DANO CHOCOLATE FLAV MILK POWDER 40Gm','NO','SS',0,0,'00123110412711',0.00,0.00,0.00,0.00,'NO',1,0.00,0.00,0.00,NULL,'2023-12-02','2023-12-03'),(736,1,'411',127,'6008155000368','i',83.50,'2023-11-04','07:24:13',1.00,83.50,83.50,'COWBELL VITARICH 400G','NO','SS',0,0,'00123110412711',0.00,0.00,0.00,0.00,'NO',1,0.00,0.00,0.00,NULL,'2023-12-02','2023-12-03'),(737,1,'411',128,'8859349202086','i',7.70,'2023-11-04','02:14:28',1.00,7.70,7.70,'ABEVIA EVAPORATED MILK 170G','NO','SS',0,0,'00123110412811',0.00,0.00,0.00,0.00,'NO',1,0.00,0.00,0.00,NULL,'2023-12-02','2023-12-03'),(738,1,'411',128,'8859349202086','i',7.70,'2023-11-04','02:14:33',1.00,7.70,7.70,'ABEVIA EVAPORATED MILK 170G','NO','SS',0,0,'00123110412811',0.00,0.00,0.00,0.00,'NO',1,0.00,0.00,0.00,NULL,'2023-12-02','2023-12-03'),(739,1,'411',128,'8859349202086','i',7.70,'2023-11-04','02:14:38',1.00,7.70,7.70,'ABEVIA EVAPORATED MILK 170G','NO','SS',0,0,'00123110412811',0.00,0.00,0.00,0.00,'NO',1,0.00,0.00,0.00,NULL,'2023-12-02','2023-12-03'),(740,1,'411',129,'8859349202086','i',7.70,'2023-11-04','02:28:01',1.00,7.70,7.70,'ABEVIA EVAPORATED MILK 170G','NO','SS',0,0,'00123110412911',0.00,0.00,0.00,0.00,'NO',1,0.00,0.00,0.00,NULL,'2023-12-02','2023-12-03'),(741,1,'411',129,'5411188110835','i',36.99,'2023-11-04','02:28:06',1.00,36.99,36.99,'Alpro Soya Almond Drink 1Ltr','NO','SS',0,0,'00123110412911',0.00,0.00,0.00,0.00,'NO',1,0.00,0.00,0.00,NULL,'2023-12-02','2023-12-03'),(742,1,'411',129,'5760466959254','i',29.28,'2023-11-04','02:28:08',1.00,29.28,29.28,'Arl.Milk Powder 400Gm','NO','SS',0,0,'00123110412911',0.00,0.00,0.00,0.00,'NO',1,0.00,0.00,0.00,NULL,'2023-12-02','2023-12-03'),(743,1,'411',129,'8859349202086','i',7.70,'2023-11-04','02:28:11',1.00,7.70,7.70,'ABEVIA EVAPORATED MILK 170G','NO','SS',0,0,'00123110412911',0.00,0.00,0.00,0.00,'NO',1,0.00,0.00,0.00,NULL,'2023-12-02','2023-12-03'),(744,1,'411',129,'5411188110835','i',36.99,'2023-11-04','02:28:27',1.00,36.99,36.99,'Alpro Soya Almond Drink 1Ltr','NO','SS',0,0,'00123110412911',0.00,0.00,0.00,0.00,'NO',1,0.00,0.00,0.00,NULL,'2023-12-02','2023-12-03'),(745,1,'411',129,'5411188543398','i',34.85,'2023-11-04','02:28:34',1.00,34.85,34.85,'Alpro Soya Drink(Unsweetened) 1ltr','NO','SS',0,0,'00123110412911',0.00,0.00,0.00,0.00,'NO',1,0.00,0.00,0.00,NULL,'2023-12-02','2023-12-03'),(746,1,'411',129,'6033000340085','i',8.00,'2023-11-04','02:28:44',1.00,8.00,8.00,'STORM ENERGY LG','YES','SS',0,0,'00123110412911',0.16,0.16,0.07,1.04,'YES',1,0.00,0.00,0.00,NULL,'2023-12-02','2023-12-03'),(747,1,'411',129,'6033000340085','i',8.00,'2023-11-04','02:28:51',1.00,8.00,8.00,'STORM ENERGY LG','YES','SS',0,0,'00123110412911',0.16,0.16,0.07,1.04,'YES',1,0.00,0.00,0.00,NULL,'2023-12-02','2023-12-03'),(748,1,'411',129,'8364937486','i',10.00,'2023-11-04','02:28:56',1.00,10.00,10.00,'JOY COLA','YES','SS',0,0,'00123110412911',0.21,0.21,0.08,1.30,'YES',1,0.00,0.00,0.00,NULL,'2023-12-02','2023-12-03'),(771,1,'411',138,'8859349202086','i',7.70,'2023-11-04','09:42:13',1.00,7.70,7.70,'ABEVIA EVAPORATED MILK 170G','NO','SS',0,0,'00123110413811',0.00,0.00,0.00,0.00,'NO',1,0.00,0.00,0.00,NULL,'2023-12-03','2023-12-03'),(772,1,'411',139,'6001240100059','i',64.90,'2023-11-04','09:52:44',1.00,64.90,64.90,'Ceres Orange 1Ltr','NO','SS',0,0,'00123110413911',0.00,0.00,0.00,0.00,'NO',1,0.00,0.00,0.00,NULL,'2023-12-03','2023-12-03'),(773,1,'411',140,'5411188543381','i',45.40,'2023-11-04','09:57:43',1.00,45.40,45.40,'Alpro Soya Original Drink 1lt','NO','SS',0,0,'00123110414011',0.00,0.00,0.00,0.00,'NO',1,0.00,0.00,0.00,NULL,'2023-12-03','2023-12-03'),(774,1,'411',140,'8859349202086','i',7.70,'2023-11-04','19:11:57',1.00,7.70,7.70,'ABEVIA EVAPORATED MILK 170G','NO','SS',0,0,'00123110414011',0.00,0.00,0.00,0.00,'NO',1,0.00,0.00,0.00,NULL,'2023-12-03','2023-12-03'),(775,1,'411',140,'5411188110835','i',36.99,'2023-11-04','19:12:03',1.00,36.99,36.99,'Alpro Soya Almond Drink 1Ltr','NO','SS',0,0,'00123110414011',0.00,0.00,0.00,0.00,'NO',1,0.00,0.00,0.00,NULL,'2023-12-03','2023-12-03'),(776,1,'411',141,'8859349202086','i',7.70,'2023-11-04','19:12:34',1.00,7.70,7.70,'ABEVIA EVAPORATED MILK 170G','NO','SS',0,0,'00123110414111',0.00,0.00,0.00,0.00,'NO',1,0.00,0.00,0.00,NULL,'2023-12-03','2023-12-03'),(777,1,'411',141,'5411188543398','i',34.85,'2023-11-04','19:12:38',1.00,34.85,34.85,'Alpro Soya Drink(Unsweetened) 1ltr','NO','SS',0,0,'00123110414111',0.00,0.00,0.00,0.00,'NO',1,0.00,0.00,0.00,NULL,'2023-12-03','2023-12-03'),(778,1,'411',141,'5760466959254','i',29.28,'2023-11-04','19:12:42',1.00,29.28,29.28,'Arl.Milk Powder 400Gm','NO','SS',0,0,'00123110414111',0.00,0.00,0.00,0.00,'NO',1,0.00,0.00,0.00,NULL,'2023-12-03','2023-12-03'),(780,1,'411',143,'5411188543398','i',34.85,'2023-11-04','04:35:41',1.00,34.85,34.85,'Alpro Soya Drink(Unsweetened) 1ltr','NO','SS',0,0,'00123110414311',0.00,0.00,0.00,0.00,'NO',1,0.00,0.00,0.00,NULL,'2023-12-04','2023-12-04'),(782,1,'411',144,'5411188543398','i',34.85,'2023-11-04','04:42:34',1.00,34.85,34.85,'Alpro Soya Drink(Unsweetened) 1ltr','NO','SS',0,0,'00123110414411',0.00,0.00,0.00,0.00,'NO',1,0.00,0.00,0.00,NULL,'2023-12-04','2023-12-04'),(783,1,'411',145,'8859349202086','i',7.70,'2023-11-04','04:48:11',1.00,7.70,7.70,'ABEVIA EVAPORATED MILK 170G','NO','SS',0,0,'00123110414511',0.00,0.00,0.00,0.00,'NO',1,0.00,0.00,0.00,NULL,'2023-12-04','2023-12-04'),(784,1,'411',146,'54646467564','i',7.00,'2023-11-04','04:49:27',1.00,7.00,7.00,'ORANGE','YES','SS',0,0,'00123110414611',0.14,0.14,0.06,0.91,'YES',1,0.00,0.00,0.00,NULL,'2023-12-04','2023-12-04'),(785,1,'411',147,'6034000181036','i',500.00,'2023-11-04','04:50:06',1.00,500.00,500.00,'BEL-AQUA SMALL','YES','SS',0,0,'00123110414711',10.25,10.25,4.10,65.22,'YES',1,0.00,0.00,0.00,NULL,'2023-12-04','2023-12-04'),(786,1,'411',148,'54646467564','i',7.00,'2023-11-04','04:51:25',1.00,7.00,7.00,'ORANGE','YES','SS',0,0,'00123110414811',0.14,0.14,0.06,0.91,'YES',1,0.00,0.00,0.00,NULL,'2023-12-04','2023-12-04'),(797,1,'2',149,'5411188543398','i',0.00,'2023-11-04','05:23:41',1.00,0.00,0.00,'Alpro Soya Drink(Unsweetened) 1ltr','NULL','SS',NULL,0,'00123110414911',0.00,0.00,0.00,0.00,NULL,1,0.00,0.00,0.00,NULL,'2023-12-04','2023-12-04'),(798,1,'411',149,'54646467564','i',7.00,'2023-11-04','05:23:56',1.00,0.00,7.00,'ORANGE','YES','SS',0,0,'00123110414911',0.14,0.14,0.06,0.91,'YES',1,0.00,0.00,0.00,NULL,'2023-12-04','2023-12-04'),(799,1,'411',150,'8859349202086','i',7.70,'2023-11-04','06:24:48',1.00,0.00,7.70,'ABEVIA EVAPORATED MILK 170G','NO','SS',0,0,'00123110415011',0.00,0.00,0.00,0.00,'NO',1,0.00,0.00,0.00,NULL,'2023-12-04','2023-12-04'),(801,1,'411',151,'6033000340085','i',8.00,'2023-11-04','15:56:31',1.00,0.00,8.00,'STORM ENERGY LG','YES','SS',0,0,'00123110415111',0.16,0.16,0.07,1.04,'YES',1,0.00,0.00,0.00,NULL,'2023-12-04','2023-12-04'),(802,1,'411',152,'6033000340085','i',8.00,'2023-11-04','15:57:36',1.00,0.00,8.00,'STORM ENERGY LG','YES','SS',0,0,'00123110415211',0.16,0.16,0.07,1.04,'YES',1,0.00,0.00,0.00,NULL,'2023-12-04','2023-12-04'),(804,1,'411',153,'6033000340085','i',8.00,'2023-11-04','16:28:56',1.00,0.00,8.00,'STORM ENERGY LG','YES','SS',0,0,'00123110415311',0.16,0.16,0.07,1.04,'YES',1,0.00,0.00,0.00,NULL,'2023-12-04','2023-12-04'),(806,1,'411',154,'6033000340085','i',8.00,'2023-11-04','16:32:44',1.00,0.00,8.00,'STORM ENERGY LG','YES','SS',0,0,'00123110415411',0.16,0.16,0.07,1.04,'YES',1,0.00,0.00,0.00,NULL,'2023-12-04','2023-12-04'),(807,1,'411',155,'8859349202086','i',7.70,'2023-11-04','16:35:09',1.00,0.00,7.70,'ABEVIA EVAPORATED MILK 170G','NO','SS',0,0,'00123110415511',0.00,0.00,0.00,0.00,'NO',1,0.00,0.00,0.00,NULL,'2023-12-04','2023-12-04'),(808,1,'411',156,'6033000340085','i',8.00,'2023-11-04','13:48:06',1.00,0.00,8.00,'STORM ENERGY LG','YES','SS',0,0,'00123110415611',0.16,0.16,0.07,1.04,'YES',1,0.00,0.00,0.00,NULL,'2023-12-11','2023-12-11'),(809,1,'411',157,'5411188110835','i',36.99,'2023-11-04','13:52:01',1.00,0.00,36.99,'Alpro Soya Almond Drink 1Ltr','NO','SS',0,0,'00123110415711',0.00,0.00,0.00,0.00,'NO',1,0.00,0.00,0.00,NULL,'2023-12-11','2023-12-11'),(810,1,'411',158,'5411188543398','i',34.85,'2023-11-04','13:53:54',1.00,0.00,34.85,'Alpro Soya Drink(Unsweetened) 1ltr','NO','SS',0,0,'00123110415811',0.00,0.00,0.00,0.00,'NO',1,0.00,0.00,0.00,NULL,'2023-12-11','2023-12-11'),(811,1,'411',159,'8859349202086','i',7.70,'2023-11-04','06:02:01',1.00,0.00,7.70,'ABEVIA EVAPORATED MILK 170G','NO','SS',0,0,'00123110415911',0.00,0.00,0.00,0.00,'NO',1,0.00,0.00,0.00,NULL,'2023-12-12','2023-12-12'),(812,1,'411',160,'8859349202086','i',7.70,'2023-11-04','06:02:56',1.00,0.00,7.70,'ABEVIA EVAPORATED MILK 170G','NO','SS',0,0,'00123110416011',0.00,0.00,0.00,0.00,'NO',1,0.00,0.00,0.00,NULL,'2023-12-12','2023-12-12'),(813,1,'411',161,'8859349202086','i',7.70,'2023-11-04','06:03:33',1.00,0.00,7.70,'ABEVIA EVAPORATED MILK 170G','NO','SS',0,0,'00123110416111',0.00,0.00,0.00,0.00,'NO',1,0.00,0.00,0.00,NULL,'2023-12-12','2023-12-12'),(814,1,'411',162,'8859349202086','i',7.70,'2023-11-04','06:04:47',1.00,0.00,7.70,'ABEVIA EVAPORATED MILK 170G','NO','SS',0,0,'00123110416211',0.00,0.00,0.00,0.00,'NO',1,0.00,0.00,0.00,NULL,'2023-12-12','2023-12-12'),(815,1,'411',163,'8859349202086','i',7.70,'2023-11-04','06:05:35',1.00,0.00,7.70,'ABEVIA EVAPORATED MILK 170G','NO','SS',0,0,'00123110416311',0.00,0.00,0.00,0.00,'NO',1,0.00,0.00,0.00,NULL,'2023-12-12','2023-12-12'),(816,1,'411',164,'8859349202086','i',7.70,'2023-11-04','06:07:20',1.00,0.00,7.70,'ABEVIA EVAPORATED MILK 170G','NO','SS',0,0,'00123110416411',0.00,0.00,0.00,0.00,'NO',1,0.00,0.00,0.00,NULL,'2023-12-12','2023-12-12'),(817,1,'411',165,'8859349202086','i',7.70,'2023-11-04','06:08:05',1.00,0.00,7.70,'ABEVIA EVAPORATED MILK 170G','NO','SS',0,0,'00123110416511',0.00,0.00,0.00,0.00,'NO',1,0.00,0.00,0.00,NULL,'2023-12-12','2023-12-12'),(818,1,'411',166,'8859349202086','i',7.70,'2023-11-04','06:17:07',1.00,0.00,7.70,'ABEVIA EVAPORATED MILK 170G','NO','SS',0,0,'00123110416611',0.00,0.00,0.00,0.00,'NO',1,0.00,0.00,0.00,NULL,'2023-12-12','2023-12-12'),(819,1,'411',167,'5411188543398','i',34.85,'2023-11-04','06:17:24',1.00,0.00,34.85,'Alpro Soya Drink(Unsweetened) 1ltr','NO','SS',0,0,'00123110416711',0.00,0.00,0.00,0.00,'NO',1,0.00,0.00,0.00,NULL,'2023-12-12','2023-12-12'),(820,1,'411',167,'5411188543381','i',45.40,'2023-11-04','06:17:28',1.00,0.00,45.40,'Alpro Soya Original Drink 1lt','NO','SS',0,0,'00123110416711',0.00,0.00,0.00,0.00,'NO',1,0.00,0.00,0.00,NULL,'2023-12-12','2023-12-12'),(821,1,'411',167,'6034000252026','i',4.25,'2023-11-04','06:17:33',1.00,0.00,4.25,'Bubble Up Soda 350ML','NO','SS',0,0,'00123110416711',0.00,0.00,0.00,0.00,'NO',1,0.00,0.00,0.00,NULL,'2023-12-12','2023-12-12'),(822,1,'411',168,'5449000232755','i',4.10,'2023-11-04','06:17:46',1.00,0.00,4.10,'Club Soda Water 350Ml','NO','SS',0,0,'00123110416811',0.00,0.00,0.00,0.00,'NO',1,0.00,0.00,0.00,NULL,'2023-12-12','2023-12-12'),(823,1,'411',168,'8859349202086','i',7.70,'2023-11-04','06:17:50',1.00,0.00,7.70,'ABEVIA EVAPORATED MILK 170G','NO','SS',0,0,'00123110416811',0.00,0.00,0.00,0.00,'NO',1,0.00,0.00,0.00,NULL,'2023-12-12','2023-12-12'),(824,1,'411',169,'8859349202086','i',7.70,'2023-11-04','06:18:33',1.00,0.00,7.70,'ABEVIA EVAPORATED MILK 170G','NO','SS',0,0,'00123110416911',0.00,0.00,0.00,0.00,'NO',1,0.00,0.00,0.00,NULL,'2023-12-12','2023-12-12'),(825,1,'411',169,'8859349202086','i',7.70,'2023-11-04','06:19:19',1.00,0.00,7.70,'ABEVIA EVAPORATED MILK 170G','NO','SS',0,0,'00123110416911',0.00,0.00,0.00,0.00,'NO',1,0.00,0.00,0.00,NULL,'2023-12-12','2023-12-12'),(826,1,'411',170,'6033000340085','i',8.00,'2023-11-04','06:21:30',1.00,0.00,8.00,'STORM ENERGY LG','YES','SS',0,0,'00123110417011',0.16,0.16,0.07,1.04,'YES',1,0.00,0.00,0.00,NULL,'2023-12-12','2023-12-12'),(827,1,'411',171,'6033000340085','i',8.00,'2023-11-04','06:22:30',1.00,0.00,8.00,'STORM ENERGY LG','YES','SS',0,0,'00123110417111',0.16,0.16,0.07,1.04,'YES',1,0.00,0.00,0.00,NULL,'2023-12-12','2023-12-12'),(828,1,'411',172,'6033000340085','i',1.00,'2023-11-04','06:25:20',1.00,0.13,1.00,'STORM ENERGY LG','YES','SS',0,0,'00123110417211',0.02,0.02,0.01,0.13,'YES',1,0.00,0.00,0.00,NULL,'2023-12-12','2023-12-12'),(829,1,'411',173,'6033000340085','i',1.00,'2023-11-04','07:07:42',1.00,0.13,1.00,'STORM ENERGY LG','YES','SS',0,0,'00123110417311',0.02,0.02,0.01,0.13,'YES',1,0.00,0.00,0.00,NULL,'2023-12-12','2023-12-12'),(830,1,'411',174,'6033000340085','i',1.00,'2023-11-04','07:22:24',1.00,0.13,1.00,'STORM ENERGY LG','YES','SS',0,0,'00123110417411',0.02,0.02,0.01,0.13,'YES',1,0.00,0.00,0.00,NULL,'2023-12-12','2023-12-12'),(831,1,'411',175,'6033000340085','i',1.00,'2023-11-04','07:24:18',1.00,0.13,1.00,'STORM ENERGY LG','YES','SS',0,0,'00123110417511',0.02,0.02,0.01,0.13,'YES',1,0.00,0.00,0.00,NULL,'2023-12-12','2023-12-12'),(832,1,'411',176,'6033000340085','i',1.00,'2023-11-04','07:25:05',1.00,0.13,1.00,'STORM ENERGY LG','YES','SS',0,0,'00123110417611',0.02,0.02,0.01,0.13,'YES',1,0.00,0.00,0.00,NULL,'2023-12-12','2023-12-12'),(835,1,'411',177,'6033000340085','i',1.00,'2023-11-04','07:26:19',1.00,0.13,1.00,'STORM ENERGY LG','YES','SS',0,0,'00123110417711',0.02,0.02,0.01,0.13,'YES',1,0.00,0.00,0.00,NULL,'2023-12-12','2023-12-12'),(836,1,'411',178,'6033000340085','i',1.00,'2023-11-04','07:27:34',1.00,0.13,1.00,'STORM ENERGY LG','YES','SS',0,0,'00123110417811',0.02,0.02,0.01,0.13,'YES',1,0.00,0.00,0.00,NULL,'2023-12-12','2023-12-12'),(837,1,'411',179,'6033000340085','i',1.00,'2023-11-04','07:27:59',1.00,0.13,1.00,'STORM ENERGY LG','YES','SS',0,0,'00123110417911',0.02,0.02,0.01,0.13,'YES',1,0.00,0.00,0.00,NULL,'2023-12-12','2023-12-12'),(839,1,'411',1,'6033000340085','i',1.00,'2023-12-13','07:48:03',1.00,0.13,1.00,'STORM ENERGY LG','YES','SS',0,0,'001231213111',0.02,0.02,0.01,0.13,'YES',1,0.00,0.00,0.00,NULL,'2023-12-13','2023-12-13'),(840,1,'411',2,'6033000340085','i',1.00,'2023-12-13','07:49:12',1.00,0.13,1.00,'STORM ENERGY LG','YES','SS',0,0,'001231213211',0.02,0.02,0.01,0.13,'YES',1,0.00,0.00,0.00,NULL,'2023-12-13','2023-12-13'),(842,1,'411',3,'6033000340085','i',1.00,'2023-12-13','07:55:17',1.00,0.13,1.00,'STORM ENERGY LG','YES','SS',0,1,'001231213311',0.02,0.02,0.01,0.13,'YES',1,0.00,0.00,0.00,NULL,'2023-12-13','2023-12-13'),(843,1,'411',3,'8364937486','i',10.00,'2023-12-13','07:55:23',1.00,1.30,10.00,'JOY COLA','YES','SS',0,1,'001231213311',0.21,0.21,0.08,1.30,'YES',1,0.00,0.00,0.00,NULL,'2023-12-13','2023-12-13'),(846,1,'411',4,'6033000340085','i',1.00,'2023-12-13','08:20:07',1.00,0.13,1.00,'STORM ENERGY LG','YES','SS',0,0,'001231213411',0.02,0.02,0.01,0.13,'YES',1,0.00,0.00,0.00,NULL,'2023-12-13','2023-12-13'),(851,1,'411',5,'6033000340085','i',1.00,'2023-12-13','11:25:13',1.00,0.13,1.00,'STORM ENERGY LG','YES','SS',0,0,'001231213511',0.02,0.02,0.01,0.13,'YES',1,0.00,0.00,0.00,NULL,'2023-12-13','2023-12-13'),(852,1,'411',6,'6033000340085','i',1.00,'2023-12-13','11:25:53',1.00,0.13,1.00,'STORM ENERGY LG','YES','SS',0,0,'001231213611',0.02,0.02,0.01,0.13,'YES',1,0.00,0.00,0.00,NULL,'2023-12-13','2023-12-13'),(853,1,'2',6,'9000000001','D',NULL,'2023-12-13','11:26:35',1.00,0.00,0.00,'LOYALTY','NULL','L',NULL,0,'001231213611',0.00,0.00,0.00,0.00,NULL,1,-20.00,-1.00,0.00,NULL,'2023-12-13','2023-12-13'),(854,1,'411',7,'6033000340085','i',1.00,'2023-12-13','18:40:44',1.00,0.13,1.00,'STORM ENERGY LG','YES','SS',0,0,'001231213711',0.02,0.02,0.01,0.13,'YES',1,0.00,0.00,0.00,NULL,'2023-12-13','2023-12-13'),(855,1,'411',1,'6033000340085','i',1.00,'2023-12-14','12:36:55',1.00,0.13,1.00,'STORM ENERGY LG','YES','SS',0,0,'001231214111',0.02,0.02,0.01,0.13,'YES',1,0.00,0.00,0.00,NULL,'2023-12-14','2023-12-14'),(859,1,'411',1,'5411188110835','i',36.99,'2023-12-21','05:32:09',1.00,0.00,36.99,'Alpro Soya Almond Drink 1Ltr','NO','SS',0,0,'001231221111',0.00,0.00,0.00,0.00,'NO',1,0.00,0.00,0.00,NULL,'2023-12-21','2023-12-21'),(860,1,'411',1,'5760466959254','i',29.28,'2023-12-21','05:32:18',1.00,0.00,29.28,'Arl.Milk Powder 400Gm','NO','SS',0,0,'001231221111',0.00,0.00,0.00,0.00,'NO',1,0.00,0.00,0.00,NULL,'2023-12-21','2023-12-21'),(861,1,'411',1,'6034000180107','i',4.10,'2023-12-21','05:32:22',1.00,0.00,4.10,'Beta Malt-330ML','NO','SS',0,0,'001231221111',0.00,0.00,0.00,0.00,'NO',1,0.00,0.00,0.00,NULL,'2023-12-21','2023-12-21'),(862,1,'411',1,'6034000181036','i',500.00,'2023-12-23','07:36:54',1.00,65.22,500.00,'BEL-AQUA SMALL','YES','SS',0,0,'001231223111',10.25,10.25,4.10,65.22,'YES',1,0.00,0.00,0.00,NULL,'2023-12-23','2023-12-23'),(863,1,'411',1,'5411188110835','i',36.99,'2024-01-07','11:57:23',1.00,0.00,36.99,'Alpro Soya Almond Drink 1Ltr','NO','SS',0,0,'001240107111',0.00,0.00,0.00,0.00,'NO',1,0.00,0.00,0.00,NULL,'2024-01-07','2024-01-07'),(864,2,'411',1,'8859349202086','i',7.70,'2024-01-07','12:21:56',1.00,0.00,7.70,'ABEVIA EVAPORATED MILK 170G','NO','SS',0,0,'001240107112',0.00,0.00,0.00,0.00,'NO',1,0.00,0.00,0.00,NULL,'2024-01-07','2024-01-07'),(865,2,'411',2,'6033000340085','i',1.00,'2024-01-07','12:36:00',1.00,0.13,1.00,'STORM ENERGY LG','YES','SS',0,0,'001240107212',0.02,0.02,0.01,0.13,'YES',1,0.00,0.00,0.00,NULL,'2024-01-07','2024-01-07'),(976,1,'411',1,'5449000014535','i',8.50,'2024-01-29','20:47:46',1.00,0.00,8.50,'Sprite Can 330ML','NO','SS',0,0,'001240129111',0.00,0.00,0.00,0.00,'NO',1,0.00,0.00,0.00,NULL,'2024-01-29','2024-01-29'),(977,1,'411',1,'5449000014535','i',8.50,'2024-01-29','20:48:11',1.00,0.00,8.50,'Sprite Can 330ML','NO','SS',0,0,'001240129111',0.00,0.00,0.00,0.00,'NO',1,0.00,0.00,0.00,NULL,'2024-01-29','2024-01-29'),(978,1,'411',1,'23098-mame','i',12.00,'2024-01-29','20:48:41',20.00,0.00,240.00,'Soda Water','NO','SS',0,0,'001240129111',0.00,0.00,0.00,0.00,'NO',1,0.00,0.00,0.00,NULL,'2024-01-29','2024-01-29'),(979,1,'411',2,'17264738','i',100.00,'2024-01-29','20:51:16',1.00,0.00,100.00,'Note Pad Small','YES','SS',0,0,'001240129211',2.05,2.05,0.82,13.04,'YES',1,0.00,0.00,0.00,NULL,'2024-01-29','2024-01-29'),(980,1,'411',3,'JAS-001','i',50.00,'2024-01-29','20:52:28',1.00,0.00,50.00,'JASMIN RICE 1KG','YES','SS',0,0,'001240129311',1.03,1.03,0.41,6.52,'YES',1,0.00,0.00,0.00,NULL,'2024-01-29','2024-01-29'),(981,1,'411',3,'5413721501100','i',18.00,'2024-01-29','20:52:54',1.00,0.00,18.00,'Incolac Full Crea 1Ltr','NO','SS',0,0,'001240129311',0.00,0.00,0.00,0.00,'NO',1,0.00,0.00,0.00,NULL,'2024-01-29','2024-01-29'),(982,1,'411',4,'6002323007463','i',48.00,'2024-01-29','20:55:13',1.00,0.00,48.00,'PEARLY BAY SWEET WHITE 750ML','NO','SS',0,0,'001240129411',0.00,0.00,0.00,0.00,'NO',1,0.00,0.00,0.00,NULL,'2024-01-29','2024-01-29'),(985,1,'411',5,'6253500781311','i',1.32,'2024-01-29','20:56:52',1.00,0.00,1.32,'Yoyo Banana Drink 125ML','NO','SS',0,0,'001240129511',0.00,0.00,0.00,0.00,'NO',1,0.00,0.00,0.00,NULL,'2024-01-29','2024-01-29'),(987,1,'411',5,'23098-mame','i',12.00,'2024-01-29','20:56:55',1.00,0.00,12.00,'Soda Water','NO','SS',0,0,'001240129511',0.00,0.00,0.00,0.00,'NO',1,0.00,0.00,0.00,NULL,'2024-01-29','2024-01-29'),(989,1,'411',6,'6253500771442','i',26.20,'2024-01-29','20:59:58',2.00,0.00,52.40,'Fruitelli Mango 1Ltr','NO','SS',0,0,'001240129611',0.00,0.00,0.00,0.00,'NO',1,0.00,0.00,0.00,NULL,'2024-01-29','2024-01-29'),(990,1,'411',7,'17264738','i',100.00,'2024-01-29','21:04:51',1.00,0.00,100.00,'Note Pad Small','YES','SS',0,0,'001240129711',2.05,2.05,0.82,13.04,'YES',1,0.00,0.00,0.00,NULL,'2024-01-29','2024-01-29'),(991,1,'2',7,'9000000001','D',NULL,'2024-01-29','21:05:57',1.00,0.00,0.00,'LOYALTY','NULL','L',NULL,0,'001240129711',0.00,0.00,0.00,0.00,NULL,1,-1800.00,-90.00,0.00,NULL,'2024-01-29','2024-01-29'),(992,1,'411',8,'17264738','i',100.00,'2024-01-29','21:10:39',1.00,0.00,100.00,'Note Pad Small','YES','SS',0,0,'001240129811',2.05,2.05,0.82,13.04,'YES',1,0.00,0.00,0.00,NULL,'2024-01-29','2024-01-29'),(993,1,'411',8,'DICOUNT','D',NULL,'2024-01-29','21:10:57',0.00,0.00,0.00,'DISCOUNT','NULL','D',NULL,0,'001240129811',0.00,0.00,0.00,0.00,NULL,1,0.00,0.00,3.00,NULL,'2024-01-29','2024-01-29'),(994,1,'411',9,'54646467564','i',7.00,'2024-01-29','21:11:34',1.00,0.00,7.00,'ORANGE','YES','SS',0,0,'001240129911',0.14,0.14,0.06,0.91,'YES',1,0.00,0.00,0.00,NULL,'2024-01-29','2024-01-29'),(995,1,'411',9,'DICOUNT','D',NULL,'2024-01-29','21:11:44',0.00,0.00,0.00,'DISCOUNT','NULL','D',NULL,0,'001240129911',0.00,0.00,0.00,0.00,NULL,1,0.00,0.00,5.00,NULL,'2024-01-29','2024-01-29'),(996,1,'411',10,'5411188110835','i',36.99,'2024-01-29','21:12:10',1.00,0.00,36.99,'Alpro Soya Almond Drink 1Ltr','NO','SS',0,0,'0012401291011',0.00,0.00,0.00,0.00,'NO',1,0.00,0.00,0.00,NULL,'2024-01-29','2024-01-29'),(997,1,'411',10,'5411188543381','i',45.40,'2024-01-29','21:12:13',1.00,0.00,45.40,'Alpro Soya Original Drink 1lt','NO','SS',0,0,'0012401291011',0.00,0.00,0.00,0.00,'NO',1,0.00,0.00,0.00,NULL,'2024-01-29','2024-01-29'),(998,1,'411',10,'6034000252026','i',4.25,'2024-01-29','21:12:15',1.00,0.00,4.25,'Bubble Up Soda 350ML','NO','SS',0,0,'0012401291011',0.00,0.00,0.00,0.00,'NO',1,0.00,0.00,0.00,NULL,'2024-01-29','2024-01-29'),(999,1,'411',10,'6001240100059','i',64.90,'2024-01-29','21:12:18',1.00,0.00,64.90,'Ceres Orange 1Ltr','NO','SS',0,0,'0012401291011',0.00,0.00,0.00,0.00,'NO',1,0.00,0.00,0.00,NULL,'2024-01-29','2024-01-29'),(1000,1,'411',10,'62905398','i',3.07,'2024-01-29','21:12:22',1.00,0.00,3.07,'Cool Sun A/S 200ml','NO','SS',0,0,'0012401291011',0.00,0.00,0.00,0.00,'NO',1,0.00,0.00,0.00,NULL,'2024-01-29','2024-01-29'),(1001,1,'411',11,'62905398','i',3.07,'2024-01-29','21:14:14',-1.00,0.00,-3.07,'Cool Sun A/S 200ml','NO','RR',0,0,'0012401291111',0.00,0.00,0.00,0.00,'NO',1,0.00,0.00,0.00,NULL,'2024-01-29','2024-01-29'),(1002,1,'411',12,'5411188543381','i',45.40,'2024-01-29','21:16:02',1.00,0.00,45.40,'Alpro Soya Original Drink 1lt','NO','SS',0,0,'0012401291211',0.00,0.00,0.00,0.00,'NO',1,0.00,0.00,0.00,NULL,'2024-01-29','2024-01-29'),(1003,1,'411',12,'5411188110835','i',36.99,'2024-01-29','21:16:04',1.00,0.00,36.99,'Alpro Soya Almond Drink 1Ltr','NO','SS',0,0,'0012401291211',0.00,0.00,0.00,0.00,'NO',1,0.00,0.00,0.00,NULL,'2024-01-29','2024-01-29'),(1004,1,'411',12,'5449000232755','i',4.10,'2024-01-29','21:16:06',1.00,0.00,4.10,'Club Soda Water 350Ml','NO','SS',0,0,'0012401291211',0.00,0.00,0.00,0.00,'NO',1,0.00,0.00,0.00,NULL,'2024-01-29','2024-01-29'),(1005,1,'2',7,'62905398','i',0.00,'2024-01-29','21:17:01',2.00,0.00,0.00,'Cool Sun A/S 200ml','NULL','SS',NULL,0,'001240129711',0.00,0.00,0.00,0.00,NULL,1,0.00,0.00,0.00,NULL,'2024-01-29','2024-01-29'),(1006,1,'411',13,'8364937486','i',10.00,'2024-01-29','06:30:35',1.00,1.30,10.00,'JOY COLA','YES','SS',0,0,'0012401291311',0.21,0.21,0.08,1.30,'YES',1,0.00,0.00,0.00,NULL,'2024-01-30','2024-01-30'),(1007,1,'411',13,'6033000340085','i',1.00,'2024-01-29','06:30:40',1.00,0.13,1.00,'STORM ENERGY LG','YES','SS',0,1,'0012401291311',0.02,0.02,0.01,0.13,'YES',1,0.00,0.00,0.00,NULL,'2024-01-30','2024-01-30'),(1008,1,'411',13,'6033000340085','i',1.00,'2024-01-29','06:35:20',3.00,0.13,3.00,'STORM ENERGY LG','YES','SS',0,0,'0012401291311',0.06,0.06,0.02,0.39,'YES',1,0.00,0.00,0.00,NULL,'2024-01-30','2024-01-30'),(1010,1,'411',14,'8364937486','i',10.00,'2024-01-29','03:46:18',1.00,1.30,10.00,'JOY COLA','YES','SS',0,0,'0012401291411',0.21,0.21,0.08,1.30,'YES',1,0.00,0.00,0.00,NULL,'2024-02-07','2024-02-07'),(1011,1,'411',14,'6033000340085','i',1.00,'2024-01-29','03:46:25',1.00,0.13,1.00,'STORM ENERGY LG','YES','SS',0,0,'0012401291411',0.02,0.02,0.01,0.13,'YES',1,0.00,0.00,0.00,NULL,'2024-02-07','2024-02-07'),(1012,1,'411',14,'6034000181036','i',500.00,'2024-01-29','03:46:28',1.00,65.22,500.00,'BEL-AQUA SMALL','YES','SS',0,0,'0012401291411',10.25,10.25,4.10,65.22,'YES',1,0.00,0.00,0.00,NULL,'2024-02-07','2024-02-07'),(1018,1,'411',15,'54646467564','i',7.00,'2024-01-29','03:58:33',1.00,0.00,7.00,'ORANGE','YES','SS',0,0,'0012401291511',0.14,0.14,0.06,0.91,'YES',1,0.00,0.00,0.00,NULL,'2024-02-07','2024-02-07'),(1019,1,'411',15,'54646467564','i',7.00,'2024-01-29','03:58:33',1.00,0.00,7.00,'ORANGE','YES','SS',0,0,'0012401291511',0.14,0.14,0.06,0.91,'YES',1,0.00,0.00,0.00,NULL,'2024-02-07','2024-02-07'),(1020,1,'411',15,'8364937486','i',10.00,'2024-01-29','03:58:33',1.00,1.30,10.00,'JOY COLA','YES','SS',0,0,'0012401291511',0.21,0.21,0.08,1.30,'YES',1,0.00,0.00,0.00,NULL,'2024-02-07','2024-02-07'),(1022,1,'411',16,'6034000181036','i',500.00,'2024-01-29','08:57:10',1.00,65.22,500.00,'BEL-AQUA SMALL','YES','SS',0,0,'0012401291611',10.25,10.25,4.10,65.22,'YES',1,0.00,0.00,0.00,NULL,'2024-02-11','2024-02-11'),(1023,1,'411',17,'6034000181036','i',500.00,'2024-01-29','09:09:00',1.00,65.22,500.00,'BEL-AQUA SMALL','YES','SS',0,0,'0012401291711',10.25,10.25,4.10,65.22,'YES',1,0.00,0.00,0.00,NULL,'2024-02-11','2024-02-11'),(1024,1,'411',18,'6034000181036','i',500.00,'2024-01-29','09:14:09',1.00,65.22,500.00,'BEL-AQUA SMALL','YES','SS',0,0,'0012401291811',10.25,10.25,4.10,65.22,'YES',1,0.00,0.00,0.00,NULL,'2024-02-11','2024-02-11'),(1025,1,'411',19,'6034000181036','i',500.00,'2024-01-29','09:15:39',1.00,65.22,500.00,'BEL-AQUA SMALL','YES','SS',0,0,'0012401291911',10.25,10.25,4.10,65.22,'YES',1,0.00,0.00,0.00,NULL,'2024-02-11','2024-02-11'),(1026,1,'411',20,'6034000181036','i',500.00,'2024-01-29','09:19:44',1.00,65.22,500.00,'BEL-AQUA SMALL','YES','SS',0,0,'0012401292011',10.25,10.25,4.10,65.22,'YES',1,0.00,0.00,0.00,NULL,'2024-02-11','2024-02-11'),(1027,1,'411',21,'6034000181036','i',500.00,'2024-01-29','09:21:48',1.00,65.22,500.00,'BEL-AQUA SMALL','YES','SS',0,0,'0012401292111',10.25,10.25,4.10,65.22,'YES',1,0.00,0.00,0.00,NULL,'2024-02-11','2024-02-11'),(1028,1,'411',22,'6034000181036','i',500.00,'2024-01-29','09:58:40',1.00,65.22,500.00,'BEL-AQUA SMALL','YES','SS',0,0,'0012401292211',10.25,10.25,4.10,65.22,'YES',1,0.00,0.00,0.00,NULL,'2024-02-11','2024-02-11'),(1029,1,'411',22,'6034000181036','i',500.00,'2024-01-29','09:58:43',1.00,65.22,500.00,'BEL-AQUA SMALL','YES','SS',0,0,'0012401292211',10.25,10.25,4.10,65.22,'YES',1,0.00,0.00,0.00,NULL,'2024-02-11','2024-02-11'),(1030,1,'411',23,'0987654321','i',100.00,'2024-01-29','11:12:53',1.00,0.00,100.00,'GAUVA JUICE','NO','SS',0,0,'0012401292311',0.00,0.00,0.00,0.00,'NO',1,0.00,0.00,0.00,NULL,'2024-02-13','2024-02-13'),(1031,1,'411',24,'0987654321','i',100.00,'2024-01-29','11:13:39',1.00,0.00,100.00,'GAUVA JUICE','NO','SS',0,0,'0012401292411',0.00,0.00,0.00,0.00,'NO',1,0.00,0.00,0.00,NULL,'2024-02-13','2024-02-13'),(1035,1,'411',25,'0987654321','i',100.00,'2024-01-29','11:16:22',1.00,0.00,100.00,'GAUVA JUICE','NO','SS',0,0,'0012401292511',0.00,0.00,0.00,0.00,'NO',1,0.00,0.00,0.00,NULL,'2024-02-13','2024-02-13'),(1036,1,'411',25,'DICOUNT','D',NULL,'2024-01-29','11:16:34',0.00,0.00,0.00,'DISCOUNT','NULL','D',NULL,0,'0012401292511',0.00,0.00,0.00,0.00,NULL,1,0.00,0.00,3.00,NULL,'2024-02-13','2024-02-13'),(1037,1,'411',26,'6034000181036','i',500.00,'2024-01-29','03:49:46',1.00,65.22,500.00,'BEL-AQUA SMALL','YES','SS',0,0,'0012401292611',10.25,10.25,4.10,65.22,'YES',1,0.00,0.00,0.00,NULL,'2024-02-14','2024-02-14'),(1038,1,'411',27,'6034000181036','i',500.00,'2024-01-29','18:32:02',1.00,65.22,500.00,'BEL-AQUA SMALL','YES','SS',0,0,'0012401292711',10.25,10.25,4.10,65.22,'YES',1,0.00,0.00,0.00,NULL,'2024-02-14','2024-02-14'),(1039,1,'411',28,'6034000181036','i',500.00,'2024-01-29','09:37:33',1.00,65.22,500.00,'BEL-AQUA SMALL','YES','SS',0,0,'0012401292811',10.25,10.25,4.10,65.22,'YES',1,0.00,0.00,0.00,NULL,'2024-02-15','2024-02-15'),(1041,1,'411',29,'6033000340085','i',1.00,'2024-01-29','00:34:55',1.00,0.13,1.00,'STORM ENERGY LG','YES','SS',0,0,'0012401292911',0.02,0.02,0.01,0.13,'YES',1,0.00,0.00,0.00,NULL,'2024-02-19','2024-02-19');
/*!40000 ALTER TABLE `bill_history_trans` ENABLE KEYS */;
UNLOCK TABLES;

--
-- Table structure for table `bill_hld_tr`
--

DROP TABLE IF EXISTS `bill_hld_tr`;
/*!40101 SET @saved_cs_client     = @@character_set_client */;
/*!50503 SET character_set_client = utf8mb4 */;
CREATE TABLE `bill_hld_tr` (
  `id` int NOT NULL AUTO_INCREMENT,
  `bill_group` char(4) DEFAULT NULL,
  `barcode` text,
  `qty` decimal(10,2) DEFAULT (0.00),
  `tran_date` date DEFAULT (curdate()),
  `tran_time` time DEFAULT (curtime()),
  `clerk` int NOT NULL,
  `billed` int DEFAULT (0),
  PRIMARY KEY (`id`)
) ENGINE=InnoDB AUTO_INCREMENT=23 DEFAULT CHARSET=utf8mb4 COLLATE=utf8mb4_0900_ai_ci;
/*!40101 SET character_set_client = @saved_cs_client */;

--
-- Dumping data for table `bill_hld_tr`
--

LOCK TABLES `bill_hld_tr` WRITE;
/*!40000 ALTER TABLE `bill_hld_tr` DISABLE KEYS */;
INSERT INTO `bill_hld_tr` VALUES (2,'3027','6033000340085',1.00,'2023-11-07','06:28:52',2,1),(3,'7096','6033000340085',1.00,'2023-11-07','07:13:39',2,1),(4,'7096','17264738',1.00,'2023-11-07','07:13:39',2,1),(5,'7835','8859349202086',1.00,'2023-12-13','08:34:20',2,1),(6,'9002','54646467564',1.00,'2024-01-16','05:20:01',2,0),(7,'9002','17264738',1.00,'2024-01-16','05:20:01',2,0),(8,'6499','54646467564',1.00,'2024-01-16','05:30:13',2,0),(9,'8717','54646467564',1.00,'2024-01-16','05:31:51',2,0),(10,'1358','54646467564',1.00,'2024-01-16','05:32:16',2,0),(11,'9252','8364937486',1.00,'2024-01-16','05:34:24',2,0),(12,'6536','6033000340085',1.00,'2024-01-16','05:35:22',2,0),(13,'8131','6033000340085',1.00,'2024-01-16','05:36:00',2,0),(14,'2436','8364937486',1.00,'2024-01-16','05:36:37',2,0),(15,'8533','6033000340085',1.00,'2024-01-16','05:38:45',2,0),(16,'9192','6033000340085',1.00,'2024-01-16','05:40:10',2,1),(17,'4054','6034000181036',1.00,'2024-01-29','20:58:09',2,1),(18,'4670','6034000181036',1.00,'2024-02-07','03:50:35',2,1),(19,'4670','8364937486',1.00,'2024-02-07','03:50:35',2,1),(20,'1977','54646467564',1.00,'2024-02-07','03:58:25',2,1),(21,'1977','54646467564',1.00,'2024-02-07','03:58:25',2,1),(22,'1977','8364937486',1.00,'2024-02-07','03:58:25',2,1);
/*!40000 ALTER TABLE `bill_hld_tr` ENABLE KEYS */;
UNLOCK TABLES;

--
-- Table structure for table `bill_hold`
--

DROP TABLE IF EXISTS `bill_hold`;
/*!40101 SET @saved_cs_client     = @@character_set_client */;
/*!50503 SET character_set_client = utf8mb4 */;
CREATE TABLE `bill_hold` (
  `id` int NOT NULL AUTO_INCREMENT,
  `bill_grp` char(4) NOT NULL,
  `bill_date` date DEFAULT (curdate()),
  `item_barcode` varchar(255) DEFAULT NULL,
  `item_qty` varchar(255) DEFAULT NULL,
  PRIMARY KEY (`id`)
) ENGINE=InnoDB AUTO_INCREMENT=58 DEFAULT CHARSET=utf8mb4 COLLATE=utf8mb4_0900_ai_ci;
/*!40101 SET character_set_client = @saved_cs_client */;

--
-- Dumping data for table `bill_hold`
--

LOCK TABLES `bill_hold` WRITE;
/*!40000 ALTER TABLE `bill_hold` DISABLE KEYS */;
INSERT INTO `bill_hold` VALUES (55,'9716','2023-05-24','6033000340085','1.00'),(56,'3718','2023-11-07','5411188110835','1.00'),(57,'3718','2023-11-07','6033000340085','1.00');
/*!40000 ALTER TABLE `bill_hold` ENABLE KEYS */;
UNLOCK TABLES;

--
-- Table structure for table `bill_pmt`
--

DROP TABLE IF EXISTS `bill_pmt`;
/*!40101 SET @saved_cs_client     = @@character_set_client */;
/*!50503 SET character_set_client = utf8mb4 */;
CREATE TABLE `bill_pmt` (
  `id` int NOT NULL AUTO_INCREMENT,
  `bill` int DEFAULT NULL,
  `bill_amount` decimal(10,2) DEFAULT NULL,
  `amount_paid` decimal(10,2) DEFAULT NULL,
  `amount_balance` decimal(10,2) DEFAULT NULL,
  `trans_date` date DEFAULT (curdate()),
  `trans_time` time DEFAULT (curtime()),
  PRIMARY KEY (`id`),
  UNIQUE KEY `bill_pmt_id_uindex` (`id`)
) ENGINE=InnoDB DEFAULT CHARSET=utf8mb4 COLLATE=utf8mb4_0900_ai_ci;
/*!40101 SET character_set_client = @saved_cs_client */;

--
-- Dumping data for table `bill_pmt`
--

LOCK TABLES `bill_pmt` WRITE;
/*!40000 ALTER TABLE `bill_pmt` DISABLE KEYS */;
/*!40000 ALTER TABLE `bill_pmt` ENABLE KEYS */;
UNLOCK TABLES;

--
-- Table structure for table `bill_tax_tran`
--

DROP TABLE IF EXISTS `bill_tax_tran`;
/*!40101 SET @saved_cs_client     = @@character_set_client */;
/*!50503 SET character_set_client = utf8mb4 */;
CREATE TABLE `bill_tax_tran` (
  `id` int NOT NULL AUTO_INCREMENT,
  `bill_date` date NOT NULL,
  `clerk_code` int NOT NULL,
  `mech_no` int NOT NULL,
  `bill_no` int NOT NULL,
  `tran_code` int NOT NULL,
  `tran_qty` int NOT NULL,
  `taxableAmt` decimal(10,2) DEFAULT (0.00),
  `tax_code` varchar(3) NOT NULL,
  `tax_amt` decimal(10,2) DEFAULT (0.00),
  `billRef` text,
  `shift` int NOT NULL,
  PRIMARY KEY (`id`),
  UNIQUE KEY `id` (`id`)
) ENGINE=InnoDB AUTO_INCREMENT=543 DEFAULT CHARSET=utf8mb4 COLLATE=utf8mb4_0900_ai_ci;
/*!40101 SET character_set_client = @saved_cs_client */;

--
-- Dumping data for table `bill_tax_tran`
--

LOCK TABLES `bill_tax_tran` WRITE;
/*!40000 ALTER TABLE `bill_tax_tran` DISABLE KEYS */;
/*!40000 ALTER TABLE `bill_tax_tran` ENABLE KEYS */;
UNLOCK TABLES;

--
-- Table structure for table `bill_trans`
--

DROP TABLE IF EXISTS `bill_trans`;
/*!40101 SET @saved_cs_client     = @@character_set_client */;
/*!50503 SET character_set_client = utf8mb4 */;
CREATE TABLE `bill_trans` (
  `id` int NOT NULL AUTO_INCREMENT COMMENT 'BILL NUMBER',
  `mach` int DEFAULT NULL COMMENT 'machine number',
  `clerk` text,
  `bill_number` int NOT NULL,
  `item_barcode` text NOT NULL,
  `trans_type` text NOT NULL COMMENT 'Transaction Type',
  `retail_price` decimal(10,2) DEFAULT NULL COMMENT 'Value of transaction',
  `date_added` date DEFAULT (curdate()),
  `time_added` time DEFAULT (curtime()),
  `item_qty` decimal(10,2) DEFAULT '0.00',
  `tax_amt` decimal(10,2) DEFAULT '0.00',
  `bill_amt` decimal(10,2) DEFAULT '0.00',
  `item_desc` varchar(255) DEFAULT NULL,
  `tax_grp` varchar(255) DEFAULT 'NULL',
  `tran_type` char(2) DEFAULT NULL,
  `tax_rate` int DEFAULT NULL,
  `selected` int DEFAULT '0',
  `billRef` text,
  `gfund` decimal(10,2) DEFAULT (0.00),
  `nhis` decimal(10,2) DEFAULT (0.00),
  `covid` decimal(10,2) DEFAULT (0.00),
  `vat` decimal(10,2) DEFAULT (0.00),
  `tax_code` text,
  `shift` int NOT NULL,
  `loyalty_points` decimal(10,2) DEFAULT (0.00),
  `discount` decimal(10,2) DEFAULT (0.00),
  `discount_rate` decimal(10,2) DEFAULT (0.00),
  `old_bill_ref` text,
  `sales_date` date DEFAULT (curdate()),
  `sales_time` date DEFAULT (curtime()),
  PRIMARY KEY (`id`)
) ENGINE=InnoDB AUTO_INCREMENT=1042 DEFAULT CHARSET=utf8mb4 COLLATE=utf8mb4_0900_ai_ci;
/*!40101 SET character_set_client = @saved_cs_client */;

--
-- Dumping data for table `bill_trans`
--

LOCK TABLES `bill_trans` WRITE;
/*!40000 ALTER TABLE `bill_trans` DISABLE KEYS */;
INSERT INTO `bill_trans` VALUES (866,1,'411',1,'6033000340085','i',1.00,'2024-01-07','18:06:19',1.00,0.13,1.00,'STORM ENERGY LG','YES','SS',0,0,'001240107121',0.02,0.02,0.01,0.13,'YES',2,0.00,0.00,0.00,NULL,'2024-01-07','2024-01-07'),(867,1,'411',2,'6033000340085','i',1.00,'2024-01-07','18:06:37',1.00,0.13,1.00,'STORM ENERGY LG','YES','SS',0,0,'001240107221',0.02,0.02,0.01,0.13,'YES',2,0.00,0.00,0.00,NULL,'2024-01-07','2024-01-07'),(868,1,'411',3,'8859349202086','i',7.70,'2024-01-07','05:31:13',1.00,0.00,7.70,'ABEVIA EVAPORATED MILK 170G','NO','SS',0,0,'001240107321',0.00,0.00,0.00,0.00,'NO',2,0.00,0.00,0.00,NULL,'2024-01-09','2024-01-09'),(869,1,'411',4,'5411188110835','i',36.99,'2024-01-07','05:31:23',1.00,0.00,36.99,'Alpro Soya Almond Drink 1Ltr','NO','SS',0,0,'001240107421',0.00,0.00,0.00,0.00,'NO',2,0.00,0.00,0.00,NULL,'2024-01-09','2024-01-09'),(870,1,'411',5,'54646467564','i',7.00,'2024-01-07','05:31:55',1.00,0.00,7.00,'ORANGE','YES','SS',0,0,'001240107521',0.14,0.14,0.06,0.91,'YES',2,0.00,0.00,0.00,NULL,'2024-01-09','2024-01-09'),(871,1,'411',6,'0987654321','i',100.00,'2024-01-07','05:32:13',1.00,0.00,100.00,'GAUVA JUICE','NO','SS',0,0,'001240107621',0.00,0.00,0.00,0.00,'NO',2,0.00,0.00,0.00,NULL,'2024-01-09','2024-01-09'),(872,1,'411',7,'6034000181036','i',500.00,'2024-01-07','05:58:59',1.00,65.22,500.00,'BEL-AQUA SMALL','YES','SS',0,0,'001240107721',10.25,10.25,4.10,65.22,'YES',2,0.00,0.00,0.00,NULL,'2024-01-09','2024-01-09'),(877,1,'411',0,'8859349202086','i',7.70,'2024-01-07','07:02:58',1.00,0.00,7.70,'ABEVIA EVAPORATED MILK 170G','NO','SS',0,0,'001240107821',0.00,0.00,0.00,0.00,'NO',2,0.00,0.00,0.00,NULL,'2024-01-09','2024-01-09'),(878,1,'411',0,'8859349202086','i',7.70,'2024-01-07','07:32:49',1.00,0.00,7.70,'ABEVIA EVAPORATED MILK 170G','NO','SS',0,0,'001240107921',0.00,0.00,0.00,0.00,'NO',2,0.00,0.00,0.00,NULL,'2024-01-09','2024-01-09'),(879,1,'411',0,'6033000340085','i',1.00,'2024-01-07','07:33:38',1.00,0.13,1.00,'STORM ENERGY LG','YES','SS',0,0,'0012401071021',0.02,0.02,0.01,0.13,'YES',2,0.00,0.00,0.00,NULL,'2024-01-09','2024-01-09'),(880,1,'411',0,'8364937486','i',10.00,'2024-01-07','07:33:54',1.00,1.30,10.00,'JOY COLA','YES','SS',0,0,'0012401071121',0.21,0.21,0.08,1.30,'YES',2,0.00,0.00,0.00,NULL,'2024-01-09','2024-01-09'),(881,1,'411',0,'6034000181036','i',500.00,'2024-01-07','07:34:00',1.00,65.22,500.00,'BEL-AQUA SMALL','YES','SS',0,0,'0012401071121',10.25,10.25,4.10,65.22,'YES',2,0.00,0.00,0.00,NULL,'2024-01-09','2024-01-09'),(882,1,'411',0,'6033000340085','i',1.00,'2024-01-07','07:34:04',1.00,0.13,1.00,'STORM ENERGY LG','YES','SS',0,0,'0012401071121',0.02,0.02,0.01,0.13,'YES',2,0.00,0.00,0.00,NULL,'2024-01-09','2024-01-09'),(883,1,'411',0,'8364937486','i',10.00,'2024-01-07','07:34:21',1.00,1.30,10.00,'JOY COLA','YES','SS',0,0,'0012401071221',0.21,0.21,0.08,1.30,'YES',2,0.00,0.00,0.00,NULL,'2024-01-09','2024-01-09'),(884,1,'411',0,'8859349202086','i',7.70,'2024-01-07','09:27:53',1.00,0.00,7.70,'ABEVIA EVAPORATED MILK 170G','NO','SS',0,0,'0012401071321',0.00,0.00,0.00,0.00,'NO',2,0.00,0.00,0.00,NULL,'2024-01-09','2024-01-09'),(885,1,'411',0,'6033000340085','i',1.00,'2024-01-07','09:28:09',1.00,0.13,1.00,'STORM ENERGY LG','YES','SS',0,0,'0012401071321',0.02,0.02,0.01,0.13,'YES',2,0.00,0.00,0.00,NULL,'2024-01-09','2024-01-09'),(886,1,'411',0,'6033000340085','i',1.00,'2024-01-07','09:28:21',1.00,0.13,1.00,'STORM ENERGY LG','YES','SS',0,0,'0012401071421',0.02,0.02,0.01,0.13,'YES',2,0.00,0.00,0.00,NULL,'2024-01-09','2024-01-09'),(887,1,'411',0,'54646467564','i',7.00,'2024-01-07','12:49:28',1.00,0.00,7.00,'ORANGE','YES','SS',0,0,'0012401071521',0.14,0.14,0.06,0.91,'YES',2,0.00,0.00,0.00,NULL,'2024-01-09','2024-01-09'),(888,1,'411',0,'62905398','i',3.07,'2024-01-07','12:49:39',1.00,0.00,3.07,'Cool Sun A/S 200ml','NO','SS',0,0,'0012401071621',0.00,0.00,0.00,0.00,'NO',2,0.00,0.00,0.00,NULL,'2024-01-09','2024-01-09'),(889,1,'411',0,'6008155000108','i',69.70,'2024-01-07','12:49:45',1.00,0.00,69.70,'COWBELL PREMIUM SACHET 360G','NO','SS',0,0,'0012401071621',0.00,0.00,0.00,0.00,'NO',2,0.00,0.00,0.00,NULL,'2024-01-09','2024-01-09'),(890,1,'411',0,'8690558010037','i',36.30,'2024-01-07','12:49:50',1.00,0.00,36.30,'Dimes Apple Juice 1L','NO','SS',0,0,'0012401071621',0.00,0.00,0.00,0.00,'NO',2,0.00,0.00,0.00,NULL,'2024-01-09','2024-01-09'),(891,1,'411',0,'5411188543398','i',34.85,'2024-01-07','12:50:39',1.00,0.00,34.85,'Alpro Soya Drink(Unsweetened) 1ltr','NO','SS',0,0,'0012401071721',0.00,0.00,0.00,0.00,'NO',2,0.00,0.00,0.00,NULL,'2024-01-09','2024-01-09'),(892,1,'411',0,'8859349202086','i',7.70,'2024-01-07','20:20:51',1.00,0.00,7.70,'ABEVIA EVAPORATED MILK 170G','NO','SS',0,0,'0012401071821',0.00,0.00,0.00,0.00,'NO',2,0.00,0.00,0.00,NULL,'2024-01-15','2024-01-15'),(893,1,'411',0,'8364937486','i',10.00,'2024-01-07','20:22:58',1.00,1.30,10.00,'JOY COLA','YES','SS',0,0,'0012401071921',0.21,0.21,0.08,1.30,'YES',2,0.00,0.00,0.00,NULL,'2024-01-15','2024-01-15'),(894,1,'411',0,'6033000340085','i',1.00,'2024-01-07','20:56:15',1.00,0.13,1.00,'STORM ENERGY LG','YES','SS',0,0,'0012401072021',0.02,0.02,0.01,0.13,'YES',2,0.00,0.00,0.00,NULL,'2024-01-15','2024-01-15'),(895,1,'411',0,'6033000340085','i',1.00,'2024-01-07','20:56:41',1.00,0.13,1.00,'STORM ENERGY LG','YES','SS',0,0,'0012401072121',0.02,0.02,0.01,0.13,'YES',2,0.00,0.00,0.00,NULL,'2024-01-15','2024-01-15'),(896,1,'411',0,'6033000340085','i',1.00,'2024-01-07','20:57:06',1.00,0.13,1.00,'STORM ENERGY LG','YES','SS',0,0,'0012401072221',0.02,0.02,0.01,0.13,'YES',2,0.00,0.00,0.00,NULL,'2024-01-15','2024-01-15'),(897,1,'411',0,'6033000340085','i',1.00,'2024-01-07','20:57:41',1.00,0.13,1.00,'STORM ENERGY LG','YES','SS',0,0,'0012401072321',0.02,0.02,0.01,0.13,'YES',2,0.00,0.00,0.00,NULL,'2024-01-15','2024-01-15'),(898,1,'411',0,'6033000340085','i',1.00,'2024-01-07','20:58:31',1.00,0.13,1.00,'STORM ENERGY LG','YES','SS',0,0,'0012401072421',0.02,0.02,0.01,0.13,'YES',2,0.00,0.00,0.00,NULL,'2024-01-15','2024-01-15'),(899,1,'411',0,'6033000340085','i',1.00,'2024-01-07','20:59:09',1.00,0.13,1.00,'STORM ENERGY LG','YES','SS',0,0,'0012401072521',0.02,0.02,0.01,0.13,'YES',2,0.00,0.00,0.00,NULL,'2024-01-15','2024-01-15'),(900,1,'411',0,'6033000340085','i',1.00,'2024-01-07','21:00:34',1.00,0.13,1.00,'STORM ENERGY LG','YES','SS',0,0,'0012401072621',0.02,0.02,0.01,0.13,'YES',2,0.00,0.00,0.00,NULL,'2024-01-15','2024-01-15'),(901,1,'411',0,'6033000340085','i',1.00,'2024-01-07','21:06:52',1.00,0.13,1.00,'STORM ENERGY LG','YES','SS',0,0,'0012401072721',0.02,0.02,0.01,0.13,'YES',2,0.00,0.00,0.00,NULL,'2024-01-15','2024-01-15'),(902,1,'411',0,'0987654321','i',100.00,'2024-01-07','21:06:59',1.00,0.00,100.00,'GAUVA JUICE','NO','SS',0,0,'0012401072721',0.00,0.00,0.00,0.00,'NO',2,0.00,0.00,0.00,NULL,'2024-01-15','2024-01-15'),(903,1,'411',0,'0987654321','i',100.00,'2024-01-07','21:08:36',1.00,0.00,100.00,'GAUVA JUICE','NO','SS',0,0,'0012401072821',0.00,0.00,0.00,0.00,'NO',2,0.00,0.00,0.00,NULL,'2024-01-15','2024-01-15'),(904,1,'411',0,'0987654321','i',100.00,'2024-01-07','21:09:05',1.00,0.00,100.00,'GAUVA JUICE','NO','SS',0,0,'0012401072921',0.00,0.00,0.00,0.00,'NO',2,0.00,0.00,0.00,NULL,'2024-01-15','2024-01-15'),(905,1,'411',0,'0987654321','i',100.00,'2024-01-07','21:09:34',1.00,0.00,100.00,'GAUVA JUICE','NO','SS',0,0,'0012401073021',0.00,0.00,0.00,0.00,'NO',2,0.00,0.00,0.00,NULL,'2024-01-15','2024-01-15'),(906,1,'411',0,'0987654321','i',100.00,'2024-01-07','21:10:00',1.00,0.00,100.00,'GAUVA JUICE','NO','SS',0,0,'0012401073121',0.00,0.00,0.00,0.00,'NO',2,0.00,0.00,0.00,NULL,'2024-01-15','2024-01-15'),(907,1,'411',0,'0987654321','i',100.00,'2024-01-07','21:10:26',1.00,0.00,100.00,'GAUVA JUICE','NO','SS',0,0,'0012401073221',0.00,0.00,0.00,0.00,'NO',2,0.00,0.00,0.00,NULL,'2024-01-15','2024-01-15'),(908,1,'411',0,'6034000181036','i',500.00,'2024-01-07','21:13:53',1.00,65.22,500.00,'BEL-AQUA SMALL','YES','SS',0,0,'0012401073321',10.25,10.25,4.10,65.22,'YES',2,0.00,0.00,0.00,NULL,'2024-01-15','2024-01-15'),(909,1,'411',0,'8364937486','i',10.00,'2024-01-07','21:13:57',1.00,1.30,10.00,'JOY COLA','YES','SS',0,0,'0012401073321',0.21,0.21,0.08,1.30,'YES',2,0.00,0.00,0.00,NULL,'2024-01-15','2024-01-15'),(910,1,'411',0,'6033000340085','i',1.00,'2024-01-07','21:14:02',1.00,0.13,1.00,'STORM ENERGY LG','YES','SS',0,0,'0012401073321',0.02,0.02,0.01,0.13,'YES',2,0.00,0.00,0.00,NULL,'2024-01-15','2024-01-15'),(922,1,'Demo User',0,'6033000340085','i',1.00,'2024-01-07','05:40:24',1.00,0.13,1.00,'STORM ENERGY LG','YES','SS',0,0,'0012401073421',0.02,0.02,0.01,0.13,'YES',2,0.00,0.00,0.00,NULL,'2024-01-16','2024-01-16'),(928,1,'411',0,'6034000181036','i',500.00,'2024-01-07','05:58:18',1.00,65.22,500.00,'BEL-AQUA SMALL','YES','SS',0,0,'0012401073521',10.25,10.25,4.10,65.22,'YES',2,0.00,0.00,0.00,NULL,'2024-01-16','2024-01-16'),(929,1,'411',0,'0987654321','i',100.00,'2024-01-07','06:17:54',1.00,0.00,100.00,'GAUVA JUICE','NO','SS',0,0,'0012401073621',0.00,0.00,0.00,0.00,'NO',2,0.00,0.00,0.00,NULL,'2024-01-16','2024-01-16'),(930,1,'2',36,'9000000001','D',NULL,'2024-01-16','06:18:55',1.00,0.00,0.00,'LOYALTY','NULL','L',NULL,0,'0012401073621',0.00,0.00,0.00,0.00,NULL,2,-2000.00,-100.00,0.00,NULL,'2024-01-16','2024-01-16'),(931,1,'411',0,'6033000340085','i',1.00,'2024-01-07','16:17:44',1.00,0.13,1.00,'STORM ENERGY LG','YES','SS',0,0,'0012401073721',0.02,0.02,0.01,0.13,'YES',2,0.00,0.00,0.00,NULL,'2024-01-17','2024-01-17'),(932,1,'411',0,'8364937486','i',10.00,'2024-01-07','16:23:55',1.00,1.30,10.00,'JOY COLA','YES','SS',0,0,'0012401073821',0.21,0.21,0.08,1.30,'YES',2,0.00,0.00,0.00,NULL,'2024-01-17','2024-01-17'),(933,1,'411',0,'6033000340085','i',1.00,'2024-01-07','16:24:03',1.00,0.13,1.00,'STORM ENERGY LG','YES','SS',0,0,'0012401073921',0.02,0.02,0.01,0.13,'YES',2,0.00,0.00,0.00,NULL,'2024-01-17','2024-01-17'),(934,1,'411',0,'8364937486','i',10.00,'2024-01-07','16:24:10',1.00,1.30,10.00,'JOY COLA','YES','SS',0,0,'0012401074021',0.21,0.21,0.08,1.30,'YES',2,0.00,0.00,0.00,NULL,'2024-01-17','2024-01-17'),(935,1,'411',0,'6033000340085','i',1.00,'2024-01-07','16:26:51',1.00,0.13,1.00,'STORM ENERGY LG','YES','SS',0,0,'0012401074121',0.02,0.02,0.01,0.13,'YES',2,0.00,0.00,0.00,NULL,'2024-01-17','2024-01-17'),(936,1,'411',0,'6033000340085','i',1.00,'2024-01-07','16:30:07',1.00,0.13,1.00,'STORM ENERGY LG','YES','SS',0,0,'0012401074221',0.02,0.02,0.01,0.13,'YES',2,0.00,0.00,0.00,NULL,'2024-01-17','2024-01-17'),(937,1,'411',0,'6033000340085','i',1.00,'2024-01-07','16:30:33',1.00,0.13,1.00,'STORM ENERGY LG','YES','SS',0,0,'0012401074321',0.02,0.02,0.01,0.13,'YES',2,0.00,0.00,0.00,NULL,'2024-01-17','2024-01-17'),(938,1,'411',0,'6033000340085','i',1.00,'2024-01-07','16:34:56',1.00,0.13,1.00,'STORM ENERGY LG','YES','SS',0,0,'0012401074421',0.02,0.02,0.01,0.13,'YES',2,0.00,0.00,0.00,NULL,'2024-01-17','2024-01-17'),(939,1,'411',0,'6033000340085','i',1.00,'2024-01-07','16:39:52',1.00,0.13,1.00,'STORM ENERGY LG','YES','SS',0,0,'0012401074421',0.02,0.02,0.01,0.13,'YES',2,0.00,0.00,0.00,NULL,'2024-01-17','2024-01-17'),(940,1,'411',0,'6033000340085','i',1.00,'2024-01-07','16:40:07',1.00,0.13,1.00,'STORM ENERGY LG','YES','SS',0,0,'0012401074521',0.02,0.02,0.01,0.13,'YES',2,0.00,0.00,0.00,NULL,'2024-01-17','2024-01-17'),(941,1,'411',0,'6033000340085','i',1.00,'2024-01-07','16:48:56',1.00,0.13,1.00,'STORM ENERGY LG','YES','SS',0,0,'0012401074621',0.02,0.02,0.01,0.13,'YES',2,0.00,0.00,0.00,NULL,'2024-01-17','2024-01-17'),(942,1,'2',46,'9000000001','D',NULL,'2024-01-17','16:49:27',1.00,0.00,0.00,'LOYALTY','NULL','L',NULL,0,'0012401074621',0.00,0.00,0.00,0.00,NULL,2,-20.00,-1.00,0.00,NULL,'2024-01-17','2024-01-17'),(943,1,'411',0,'6033000340085','i',1.00,'2024-01-07','16:50:13',1.00,0.13,1.00,'STORM ENERGY LG','YES','SS',0,0,'0012401074721',0.02,0.02,0.01,0.13,'YES',2,0.00,0.00,0.00,NULL,'2024-01-17','2024-01-17'),(944,1,'411',0,'DICOUNT','D',NULL,'2024-01-07','16:50:22',0.00,0.00,0.00,'DISCOUNT','NULL','D',NULL,0,'billRef',0.00,0.00,0.00,0.00,NULL,2,0.00,0.00,3.00,NULL,'2024-01-17','2024-01-17'),(945,1,'411',47,'DICOUNT','D',NULL,'2024-01-07','17:00:00',0.00,0.00,0.00,'DISCOUNT','NULL','D',NULL,0,'0012401074721',0.00,0.00,0.00,0.00,NULL,2,0.00,0.00,3.00,NULL,'2024-01-17','2024-01-17'),(946,1,'411',0,'6034000181036','i',500.00,'2024-01-07','06:22:42',1.00,65.22,500.00,'BEL-AQUA SMALL','YES','SS',0,0,'0012401074821',10.25,10.25,4.10,65.22,'YES',2,0.00,0.00,0.00,NULL,'2024-01-19','2024-01-19'),(947,1,'411',0,'8364937486','i',10.00,'2024-01-07','06:25:43',1.00,1.30,10.00,'JOY COLA','YES','SS',0,0,'0012401074921',0.21,0.21,0.08,1.30,'YES',2,0.00,0.00,0.00,NULL,'2024-01-19','2024-01-19'),(948,1,'411',0,'54646467564','i',7.00,'2024-01-07','06:27:31',1.00,0.00,7.00,'ORANGE','YES','SS',0,0,'0012401075021',0.14,0.14,0.06,0.91,'YES',2,0.00,0.00,0.00,NULL,'2024-01-19','2024-01-19'),(949,1,'411',0,'6033000340085','i',1.00,'2024-01-07','06:36:17',1.00,0.13,1.00,'STORM ENERGY LG','YES','SS',0,0,'0012401075121',0.02,0.02,0.01,0.13,'YES',2,0.00,0.00,0.00,NULL,'2024-01-19','2024-01-19'),(950,1,'411',0,'54646467564','i',7.00,'2024-01-07','06:37:21',1.00,0.00,7.00,'ORANGE','YES','SS',0,0,'0012401075221',0.14,0.14,0.06,0.91,'YES',2,0.00,0.00,0.00,NULL,'2024-01-19','2024-01-19'),(951,1,'411',0,'6034000181036','i',500.00,'2024-01-07','06:37:30',1.00,65.22,500.00,'BEL-AQUA SMALL','YES','SS',0,0,'0012401075221',10.25,10.25,4.10,65.22,'YES',2,0.00,0.00,0.00,NULL,'2024-01-19','2024-01-19'),(952,1,'411',0,'6033000340085','i',1.00,'2024-01-07','06:37:34',1.00,0.13,1.00,'STORM ENERGY LG','YES','SS',0,0,'0012401075221',0.02,0.02,0.01,0.13,'YES',2,0.00,0.00,0.00,NULL,'2024-01-19','2024-01-19'),(953,1,'411',0,'6034000351187','i',3.00,'2024-01-07','06:37:42',1.00,0.00,3.00,'Big Boss Energy Drink 350ML','NO','SS',0,0,'0012401075221',0.00,0.00,0.00,0.00,'NO',2,0.00,0.00,0.00,NULL,'2024-01-19','2024-01-19'),(954,1,'411',0,'6033000084415','i',7.50,'2024-01-07','06:37:47',1.00,0.00,7.50,'CARNATION TEA CREAMER 160g','NO','SS',0,0,'0012401075221',0.00,0.00,0.00,0.00,'NO',2,0.00,0.00,0.00,NULL,'2024-01-19','2024-01-19'),(955,1,'411',0,'5711953075858','i',1.76,'2024-01-07','06:37:54',1.00,0.00,1.76,'DANO CHOCOLATE FLAV MILK POWDER 40Gm','NO','SS',0,0,'0012401075221',0.00,0.00,0.00,0.00,'NO',2,0.00,0.00,0.00,NULL,'2024-01-19','2024-01-19'),(956,1,'411',0,'8690558029848','i',16.10,'2024-01-07','06:38:04',1.00,0.00,16.10,'Dimes Pre Cloudy Apple 1Ltr','NO','SS',0,0,'0012401075221',0.00,0.00,0.00,0.00,'NO',2,0.00,0.00,0.00,NULL,'2024-01-19','2024-01-19'),(957,1,'411',0,'6034000180107','i',4.10,'2024-01-07','06:47:54',1.00,0.00,4.10,'Beta Malt-330ML','NO','SS',0,0,'0012401075321',0.00,0.00,0.00,0.00,'NO',2,0.00,0.00,0.00,NULL,'2024-01-19','2024-01-19'),(958,1,'411',0,'6034000180107','i',4.10,'2024-01-07','06:48:30',1.00,0.00,4.10,'Beta Malt-330ML','NO','SS',0,0,'0012401075421',0.00,0.00,0.00,0.00,'NO',2,0.00,0.00,0.00,NULL,'2024-01-19','2024-01-19'),(959,1,'411',0,'6033000084415','i',7.50,'2024-01-07','06:48:44',1.00,0.00,7.50,'CARNATION TEA CREAMER 160g','NO','SS',0,0,'0012401075521',0.00,0.00,0.00,0.00,'NO',2,0.00,0.00,0.00,NULL,'2024-01-19','2024-01-19'),(961,1,'411',0,'6034000180107','i',4.10,'2024-01-07','06:48:54',1.00,0.00,4.10,'Beta Malt-330ML','NO','SS',0,0,'0012401075521',0.00,0.00,0.00,0.00,'NO',2,0.00,0.00,0.00,NULL,'2024-01-19','2024-01-19'),(963,1,'2',56,'8690558020357','i',0.00,'2024-01-07','23:16:21',1.00,0.00,0.00,'Dimes Can Juice-330ML','NULL','SS',NULL,0,'0012401075621',0.00,0.00,0.00,0.00,NULL,2,0.00,0.00,0.00,NULL,'2024-01-27','2024-01-27'),(964,1,'411',0,'8690558020357','i',6.74,'2024-01-07','23:16:33',1.00,0.00,6.74,'Dimes Can Juice-330ML','NO','SS',0,0,'0012401075621',0.00,0.00,0.00,0.00,'NO',2,0.00,0.00,0.00,NULL,'2024-01-27','2024-01-27'),(965,1,'2',56,'8690558020357','i',0.00,'2024-01-27','23:22:41',1.00,0.00,0.00,'','NULL','SS',NULL,0,'0012401075621',0.00,0.00,0.00,0.00,NULL,2,0.00,0.00,0.00,'0012401075621','2024-01-27','2024-01-27'),(966,1,'2',57,'8690558020357','i',6.74,'2024-01-27','23:23:48',-1.00,0.00,-6.74,'','NULL','SS',NULL,0,'0012401075721',0.00,0.00,0.00,0.00,NULL,2,0.00,0.00,0.00,'0012401075621','2024-01-27','2024-01-27'),(967,1,'411',0,'8859349202086','i',7.70,'2024-01-07','23:30:54',1.00,0.00,7.70,'ABEVIA EVAPORATED MILK 170G','NO','SS',0,0,'0012401075821',0.00,0.00,0.00,0.00,'NO',2,0.00,0.00,0.00,NULL,'2024-01-27','2024-01-27'),(968,1,'411',0,'5760466959254','i',29.28,'2024-01-07','23:30:56',1.00,0.00,29.28,'Arl.Milk Powder 400Gm','NO','SS',0,0,'0012401075821',0.00,0.00,0.00,0.00,'NO',2,0.00,0.00,0.00,NULL,'2024-01-27','2024-01-27'),(969,1,'411',0,'6034000252026','i',4.25,'2024-01-07','23:30:59',1.00,0.00,4.25,'Bubble Up Soda 350ML','NO','SS',0,0,'0012401075821',0.00,0.00,0.00,0.00,'NO',2,0.00,0.00,0.00,NULL,'2024-01-27','2024-01-27'),(970,1,'411',0,'0100000013','i',7.98,'2024-01-07','23:31:01',1.00,0.00,7.98,'COCA-COLA  CAN 33CL','NO','SS',0,0,'0012401075821',0.00,0.00,0.00,0.00,'NO',2,0.00,0.00,0.00,NULL,'2024-01-27','2024-01-27'),(971,1,'411',0,'6008155000108','i',69.70,'2024-01-07','23:31:02',1.00,0.00,69.70,'COWBELL PREMIUM SACHET 360G','NO','SS',0,0,'0012401075821',0.00,0.00,0.00,0.00,'NO',2,0.00,0.00,0.00,NULL,'2024-01-27','2024-01-27'),(972,1,'',59,'8859349202086','i',7.70,'2024-01-07','11:41:31',-1.00,0.00,-7.70,'ABEVIA EVAPORATED MILK 170G','NO','',0,0,'0012401075921',0.00,0.00,0.00,0.00,'NO',2,0.00,0.00,0.00,NULL,'2024-01-28','2024-01-28'),(973,1,'',60,'6034000181036','i',500.00,'2024-01-07','19:58:19',1.00,65.22,500.00,'BEL-AQUA SMALL','YES','',0,0,'0012401076021',10.25,10.25,4.10,65.22,'YES',2,0.00,0.00,0.00,NULL,'2024-01-28','2024-01-28'),(974,1,'',60,'8859349202086','i',7.70,'2024-01-07','20:01:05',1.00,0.00,7.70,'ABEVIA EVAPORATED MILK 170G','NO','SS',0,0,'0012401076021',0.00,0.00,0.00,0.00,'NO',2,0.00,0.00,0.00,NULL,'2024-01-28','2024-01-28'),(975,1,'411',60,'JAS-001','i',50.00,'2024-01-07','20:05:44',1.00,0.00,50.00,'JASMIN RICE 1KG','YES','SS',0,0,'0012401076021',1.03,1.03,0.41,6.52,'YES',2,0.00,0.00,0.00,NULL,'2024-01-28','2024-01-28');
/*!40000 ALTER TABLE `bill_trans` ENABLE KEYS */;
UNLOCK TABLES;

--
-- Table structure for table `clerk`
--

DROP TABLE IF EXISTS `clerk`;
/*!40101 SET @saved_cs_client     = @@character_set_client */;
/*!50503 SET character_set_client = utf8mb4 */;
CREATE TABLE `clerk` (
  `id` int NOT NULL AUTO_INCREMENT,
  `clerk_code` text NOT NULL,
  `clerk_key` text NOT NULL,
  `date_created` timestamp NOT NULL DEFAULT CURRENT_TIMESTAMP,
  `clerk_name` text NOT NULL,
  `user_grp` int NOT NULL,
  `status` int DEFAULT (1) COMMENT 'If 1, clerk is active, else clerk is not active',
  `pin` char(4) NOT NULL,
  `token` text,
  PRIMARY KEY (`id`),
  UNIQUE KEY `clerk_pk` (`pin`)
) ENGINE=InnoDB AUTO_INCREMENT=8 DEFAULT CHARSET=utf8mb4 COLLATE=utf8mb4_0900_ai_ci;
/*!40101 SET character_set_client = @saved_cs_client */;

--
-- Dumping data for table `clerk`
--

LOCK TABLES `clerk` WRITE;
/*!40000 ALTER TABLE `clerk` DISABLE KEYS */;
INSERT INTO `clerk` VALUES (2,'411','4b82ba17481acc7ad9fec620bd960b80','2021-05-15 19:49:45','Demo User',0,1,'1444',NULL),(3,'10','d3d9446802a44259755d38e6d163e820','2022-09-25 21:13:04','Admin',1,1,'1231',NULL),(4,'6320','c12d1f7cc7c4b41a125b5752d1238b03','2022-12-18 19:26:13','James Bond',1,1,'5354',NULL),(5,'7696','fd5c905bcd8c3348ad1b35d7231ee2b1','2022-12-18 19:29:33','Uyin Solomon',1,1,'4564',NULL),(6,'5866','e2c61965b5e23b47b77d7c51611b6d7f','2022-12-18 19:35:21','Kwesi Sarpong',4,1,'6576',NULL),(7,'2524','4d1a65f1c6d24c1f8f714fe7e31d29fc','2022-12-18 19:37:40','Lionel Messi',4,1,'2345',NULL);
/*!40000 ALTER TABLE `clerk` ENABLE KEYS */;
UNLOCK TABLES;

--
-- Table structure for table `comp_setup`
--

DROP TABLE IF EXISTS `comp_setup`;
/*!40101 SET @saved_cs_client     = @@character_set_client */;
/*!50503 SET character_set_client = utf8mb4 */;
CREATE TABLE `comp_setup` (
  `id` int NOT NULL DEFAULT '0',
  `c_name` text NOT NULL,
  `currency` int NOT NULL,
  `box` text NOT NULL,
  `street` text NOT NULL,
  `country` text NOT NULL,
  `city` text NOT NULL,
  `phone` text NOT NULL,
  `email` text,
  `tax_code` text,
  `footer` text,
  `code` char(3) NOT NULL,
  UNIQUE KEY `comp_setup_pk` (`code`)
) ENGINE=InnoDB DEFAULT CHARSET=utf8mb4 COLLATE=utf8mb4_0900_ai_ci;
/*!40101 SET character_set_client = @saved_cs_client */;

--
-- Dumping data for table `comp_setup`
--

LOCK TABLES `comp_setup` WRITE;
/*!40000 ALTER TABLE `comp_setup` DISABLE KEYS */;
INSERT INTO `comp_setup` VALUES (1,'SMDESK TEST',1,'BOX 174','#6 Cocoa Street','Ghana','Accra','+233 54 631 0011','test@domain.com','CTJ7V','Welcome TO Hotel Magic\r\nStay Safe on you stay here','001');
/*!40000 ALTER TABLE `comp_setup` ENABLE KEYS */;
UNLOCK TABLES;

--
-- Table structure for table `company`
--

DROP TABLE IF EXISTS `company`;
/*!40101 SET @saved_cs_client     = @@character_set_client */;
/*!50503 SET character_set_client = utf8mb4 */;
CREATE TABLE `company` (
  `id` int NOT NULL DEFAULT '0',
  `c_name` text NOT NULL,
  `currency` int NOT NULL,
  `box` text NOT NULL,
  `street` text NOT NULL,
  `country` text NOT NULL,
  `city` text NOT NULL,
  `phone` text NOT NULL,
  `email` text,
  `tax_code` text,
  `footer` text,
  `vat_code` char(20) DEFAULT NULL
) ENGINE=InnoDB DEFAULT CHARSET=utf8mb4 COLLATE=utf8mb4_0900_ai_ci;
/*!40101 SET character_set_client = @saved_cs_client */;

--
-- Dumping data for table `company`
--

LOCK TABLES `company` WRITE;
/*!40000 ALTER TABLE `company` DISABLE KEYS */;
INSERT INTO `company` VALUES (0,'SMART MART',0,'105','#6 cocoa stree','Ghana','Accra','054 000 0000','test@domain.com','CT08989','HELLO WORLD','083949484');
/*!40000 ALTER TABLE `company` ENABLE KEYS */;
UNLOCK TABLES;

--
-- Table structure for table `customer_bill_tran`
--

DROP TABLE IF EXISTS `customer_bill_tran`;
/*!40101 SET @saved_cs_client     = @@character_set_client */;
/*!50503 SET character_set_client = utf8mb4 */;
CREATE TABLE `customer_bill_tran` (
  `cust_no` int NOT NULL,
  `billRef` int NOT NULL
) ENGINE=InnoDB DEFAULT CHARSET=utf8mb4 COLLATE=utf8mb4_0900_ai_ci;
/*!40101 SET character_set_client = @saved_cs_client */;

--
-- Dumping data for table `customer_bill_tran`
--

LOCK TABLES `customer_bill_tran` WRITE;
/*!40000 ALTER TABLE `customer_bill_tran` DISABLE KEYS */;
/*!40000 ALTER TABLE `customer_bill_tran` ENABLE KEYS */;
UNLOCK TABLES;

--
-- Table structure for table `customers`
--

DROP TABLE IF EXISTS `customers`;
/*!40101 SET @saved_cs_client     = @@character_set_client */;
/*!50503 SET character_set_client = utf8mb4 */;
CREATE TABLE `customers` (
  `customer_id` int NOT NULL AUTO_INCREMENT,
  `first_name` varchar(100) NOT NULL,
  `last_name` varchar(100) NOT NULL,
  `email` char(100) NOT NULL,
  `phone_number` varchar(20) DEFAULT NULL,
  `address` varchar(200) DEFAULT NULL,
  `city` varchar(100) DEFAULT NULL,
  `postal_code` varchar(10) DEFAULT NULL,
  `country` varchar(100) DEFAULT NULL,
  `cust_no` char(10) NOT NULL,
  `status` int NOT NULL DEFAULT '1',
  `total_transactions` decimal(18,6) DEFAULT '0.000000',
  PRIMARY KEY (`customer_id`),
  UNIQUE KEY `customers_pk2` (`email`),
  UNIQUE KEY `customers_pk` (`phone_number`)
) ENGINE=InnoDB AUTO_INCREMENT=10002 DEFAULT CHARSET=utf8mb4 COLLATE=utf8mb4_0900_ai_ci;
/*!40101 SET character_set_client = @saved_cs_client */;

--
-- Dumping data for table `customers`
--

LOCK TABLES `customers` WRITE;
/*!40000 ALTER TABLE `customers` DISABLE KEYS */;
INSERT INTO `customers` VALUES (10000,'Jane','Doe','jd@domain.com','0200000000','#6 Cocoa Street','Accra','175','Ghana','CO2',1,-98.000000),(10001,'Uyin','Solomon','uyinsolomon2@gmail.com','02871297812','Lakeside Room 6','Accra','175','Ghana','CO3',1,-328.630000);
/*!40000 ALTER TABLE `customers` ENABLE KEYS */;
UNLOCK TABLES;

--
-- Table structure for table `customers_trans`
--

DROP TABLE IF EXISTS `customers_trans`;
/*!40101 SET @saved_cs_client     = @@character_set_client */;
/*!50503 SET character_set_client = utf8mb4 */;
CREATE TABLE `customers_trans` (
  `transaction_id` int NOT NULL AUTO_INCREMENT,
  `customer_id` int DEFAULT NULL,
  `transaction_date` date NOT NULL DEFAULT (curdate()),
  `total_amount` decimal(10,2) NOT NULL DEFAULT '0.00',
  `payment_method` varchar(50) DEFAULT NULL,
  `items_purchased` text,
  `transaction_notes` text,
  PRIMARY KEY (`transaction_id`),
  KEY `customer_id` (`customer_id`),
  CONSTRAINT `customers_trans_ibfk_1` FOREIGN KEY (`customer_id`) REFERENCES `customers` (`customer_id`)
) ENGINE=InnoDB AUTO_INCREMENT=8 DEFAULT CHARSET=utf8mb4 COLLATE=utf8mb4_0900_ai_ci;
/*!40101 SET character_set_client = @saved_cs_client */;

--
-- Dumping data for table `customers_trans`
--

LOCK TABLES `customers_trans` WRITE;
/*!40000 ALTER TABLE `customers_trans` DISABLE KEYS */;
INSERT INTO `customers_trans` VALUES (1,10000,'2023-12-13',-100.00,'purchase','bill_ref','credit'),(2,10000,'2023-12-13',50.00,'check','payment','GBD12372'),(3,10001,'2023-12-14',1.00,'credit','1.00','001231214111'),(4,10001,'2023-12-21',70.37,'credit','3.00','001231221111'),(5,10001,'2023-12-23',-500.00,'credit','1.00','001231223111'),(6,10001,'2023-12-23',100.00,'momo','payment','13871298712'),(7,10000,'2024-03-09',-48.00,'credit','1.00','001240129411');
/*!40000 ALTER TABLE `customers_trans` ENABLE KEYS */;
UNLOCK TABLES;

--
-- Table structure for table `disc_mast`
--

DROP TABLE IF EXISTS `disc_mast`;
/*!40101 SET @saved_cs_client     = @@character_set_client */;
/*!50503 SET character_set_client = utf8mb4 */;
CREATE TABLE `disc_mast` (
  `id` int NOT NULL AUTO_INCREMENT,
  `rate` int NOT NULL,
  `desc` text,
  `disc_uni` text,
  PRIMARY KEY (`id`)
) ENGINE=InnoDB AUTO_INCREMENT=4 DEFAULT CHARSET=utf8mb4 COLLATE=utf8mb4_0900_ai_ci;
/*!40101 SET character_set_client = @saved_cs_client */;

--
-- Dumping data for table `disc_mast`
--

LOCK TABLES `disc_mast` WRITE;
/*!40000 ALTER TABLE `disc_mast` DISABLE KEYS */;
/*!40000 ALTER TABLE `disc_mast` ENABLE KEYS */;
UNLOCK TABLES;

--
-- Table structure for table `doc_trans`
--

DROP TABLE IF EXISTS `doc_trans`;
/*!40101 SET @saved_cs_client     = @@character_set_client */;
/*!50503 SET character_set_client = utf8mb4 */;
CREATE TABLE `doc_trans` (
  `id` int NOT NULL AUTO_INCREMENT,
  `doc_type` char(3) NOT NULL,
  `entry_no` varchar(13) NOT NULL,
  `trans_func` char(3) NOT NULL,
  `created_by` text NOT NULL,
  `created_on` timestamp NOT NULL DEFAULT CURRENT_TIMESTAMP,
  PRIMARY KEY (`id`)
) ENGINE=InnoDB AUTO_INCREMENT=96 DEFAULT CHARSET=utf8mb4 COLLATE=utf8mb4_0900_ai_ci;
/*!40101 SET character_set_client = @saved_cs_client */;

--
-- Dumping data for table `doc_trans`
--

LOCK TABLES `doc_trans` WRITE;
/*!40000 ALTER TABLE `doc_trans` DISABLE KEYS */;
INSERT INTO `doc_trans` VALUES (37,'PO','PO1000001','PRI','2','2022-10-17 00:05:15'),(38,'PO','PO1000001','PRI','2','2022-10-17 00:05:33'),(39,'PO','PO1000001','PRI','2','2022-10-17 00:13:57'),(40,'PO','PO1000001','PRI','2','2022-10-17 00:14:44'),(41,'GRN','GR1000008','ADD','2','2022-10-17 00:36:00'),(42,'GRN','GR1000008','PRI','2','2022-10-17 00:36:11'),(43,'GRN','GR1000008','AP','2','2022-10-17 00:36:23'),(44,'PO','PO1000002','PRI','2','2023-01-19 11:53:45'),(45,'PO','PO1000002','PRI','2','2023-01-19 11:54:08'),(46,'PO','PO1000002','PRI','2','2023-01-19 11:54:34'),(47,'PO','PO1000002','PRI','2','2023-01-19 12:01:30'),(48,'PO','PO1000002','PRI','2','2023-01-19 12:01:53'),(49,'PO','PO1000002','PRI','2','2023-01-19 12:02:46'),(50,'PO','PO1000002','PRI','2','2023-01-19 12:03:27'),(51,'PO','PO1000002','PRI','2','2023-01-19 12:03:47'),(52,'PO','PO1000002','PRI','2','2023-01-19 12:03:59'),(53,'PO','PO1000002','PRI','2','2023-01-19 13:18:44'),(54,'GRN','GR1000009','ADD','2','2023-01-19 13:20:11'),(55,'GRN','GR1000009','PRI','2','2023-01-19 13:21:41'),(56,'GRN','GR1000009','AP','2','2023-01-19 13:39:56'),(57,'PO','PO1000003','PRI','2','2023-05-24 10:04:52'),(58,'PO','PO1000003','PRI','2','2023-05-24 10:05:08'),(59,'PO','PO1000003','PRI','2','2023-05-24 10:06:36'),(60,'GRN','GR1000010','ADD','2','2023-05-24 10:08:56'),(61,'GRN','GR1000010','PRI','2','2023-05-24 10:12:21'),(62,'GRN','GR1000010','AP','2','2023-05-24 10:12:37'),(63,'GRN','GR1000011','ADD','2','2023-05-25 21:53:06'),(64,'GRN','GR1000011','AP','2','2023-05-25 21:53:46'),(65,'GRN','GR1000012','ADD','2','2023-10-27 07:02:05'),(66,'GRN','GR1000012','AP','2','2023-10-27 07:02:22'),(67,'PO','PO1000006','PRI','2','2023-11-05 07:45:33'),(68,'PO','PO1000006','PRI','2','2023-11-05 07:45:37'),(69,'GRN','GR1000013','ADD','2','2023-11-06 06:41:09'),(70,'GRN','GR1000013','AP','2','2023-11-06 06:41:33'),(71,'GRN','GR1000014','ADD','2','2023-11-06 20:28:22'),(72,'GRN','GR1000014','AP','2','2023-11-06 20:28:56'),(73,'PO','PO1000009','PRI','2','2024-01-30 06:55:24'),(74,'PO','PO1000009','PRI','2','2024-01-30 06:57:08'),(75,'PO','PO1000011','PRI','2','2024-02-08 06:31:31'),(76,'PO','PO1000011','PRI','2','2024-02-08 06:31:42'),(77,'PO','PO1000011','PRI','2','2024-02-08 06:41:06'),(78,'PO','PO1000011','PRI','2','2024-02-08 06:41:35'),(79,'PO','PO1000011','PRI','2','2024-02-08 06:54:13'),(80,'PO','PO1000011','PRI','2','2024-02-08 06:57:52'),(81,'GRN','GR1000016','AP','2','2024-02-15 06:49:14'),(82,'GRN','GR1000016','PRI','2','2024-02-15 06:49:20'),(83,'GRN','GR1000016','PRI','2','2024-02-15 06:49:32'),(84,'GRN','GR1000016','PRI','2','2024-02-15 06:49:36'),(85,'GRN','GR1000016','PRI','2','2024-02-15 06:56:28'),(86,'GRN','GR1000016','PRI','2','2024-02-15 06:58:01'),(87,'GRN','GR1000016','PRI','2','2024-02-15 07:00:06'),(88,'GRN','GR1000015','PRI','2','2024-02-15 07:01:42'),(89,'GRN','GR1000014','PRI','2','2024-02-15 07:01:54'),(90,'GRN','GR1000014','PRI','2','2024-02-15 07:02:00'),(91,'GRN','GR1000013','PRI','2','2024-02-15 07:03:03'),(92,'GRN','GR1000013','PRI','2','2024-02-15 07:03:16'),(93,'GRN','GR1000013','PRI','2','2024-02-15 07:03:26'),(94,'GRN','GR1000039','ADD','411','2024-03-06 09:38:09'),(95,'GRN','GR1000039','AP','2','2024-03-06 09:38:32');
/*!40000 ALTER TABLE `doc_trans` ENABLE KEYS */;
UNLOCK TABLES;

--
-- Table structure for table `eod_serial`
--

DROP TABLE IF EXISTS `eod_serial`;
/*!40101 SET @saved_cs_client     = @@character_set_client */;
/*!50503 SET character_set_client = utf8mb4 */;
CREATE TABLE `eod_serial` (
  `sales_date` date NOT NULL,
  `gross` decimal(20,1) DEFAULT NULL,
  `deductions` decimal(20,1) DEFAULT NULL,
  `tax` decimal(20,1) DEFAULT NULL,
  `net` decimal(20,1) DEFAULT NULL,
  `eod_time` datetime DEFAULT CURRENT_TIMESTAMP,
  `clerk_code` int DEFAULT NULL,
  `status` int DEFAULT (0),
  PRIMARY KEY (`sales_date`),
  KEY `eod_serial_clerk_id_fk` (`clerk_code`),
  CONSTRAINT `eod_serial_clerk_id_fk` FOREIGN KEY (`clerk_code`) REFERENCES `clerk` (`id`)
) ENGINE=InnoDB DEFAULT CHARSET=utf8mb4 COLLATE=utf8mb4_0900_ai_ci;
/*!40101 SET character_set_client = @saved_cs_client */;

--
-- Dumping data for table `eod_serial`
--

LOCK TABLES `eod_serial` WRITE;
/*!40000 ALTER TABLE `eod_serial` DISABLE KEYS */;
INSERT INTO `eod_serial` VALUES ('2023-10-10',NULL,NULL,NULL,NULL,'2023-10-10 06:07:45',NULL,1),('2023-10-11',NULL,NULL,NULL,NULL,'2023-10-11 07:51:00',NULL,1),('2023-10-13',NULL,NULL,NULL,NULL,'2023-10-13 08:23:09',NULL,1),('2023-10-15',NULL,NULL,NULL,NULL,'2023-10-17 08:11:29',NULL,1),('2023-10-17',NULL,NULL,NULL,NULL,'2023-10-17 08:58:27',NULL,1),('2023-10-19',NULL,NULL,NULL,NULL,'2023-10-19 07:18:35',NULL,1),('2023-10-20',NULL,NULL,NULL,NULL,'2023-10-20 04:50:37',NULL,1),('2023-10-27',NULL,NULL,NULL,NULL,'2023-10-27 07:07:05',NULL,1),('2023-11-04',NULL,NULL,NULL,NULL,'2023-12-12 07:48:26',NULL,1),('2023-12-13',NULL,NULL,NULL,NULL,'2023-12-14 12:00:01',NULL,1),('2023-12-14',NULL,NULL,NULL,NULL,'2023-12-14 20:14:49',NULL,1),('2023-12-21',NULL,NULL,NULL,NULL,'2023-12-21 05:33:51',NULL,1),('2023-12-23',NULL,NULL,NULL,NULL,'2023-12-23 07:37:41',NULL,1),('2024-01-07',NULL,NULL,NULL,NULL,'2024-01-07 12:37:48',NULL,1),('2024-01-29',NULL,NULL,NULL,NULL,'2024-03-09 09:14:05',NULL,1);
/*!40000 ALTER TABLE `eod_serial` ENABLE KEYS */;
UNLOCK TABLES;

--
-- Table structure for table `err_code`
--

DROP TABLE IF EXISTS `err_code`;
/*!40101 SET @saved_cs_client     = @@character_set_client */;
/*!50503 SET character_set_client = utf8mb4 */;
CREATE TABLE `err_code` (
  `code` char(255) DEFAULT NULL COMMENT 'Error Code',
  `description` text COMMENT 'Error Description\n',
  UNIQUE KEY `err_code_code_uindex` (`code`)
) ENGINE=InnoDB DEFAULT CHARSET=utf8mb4 COLLATE=utf8mb4_0900_ai_ci;
/*!40101 SET character_set_client = @saved_cs_client */;

--
-- Dumping data for table `err_code`
--

LOCK TABLES `err_code` WRITE;
/*!40000 ALTER TABLE `err_code` DISABLE KEYS */;
/*!40000 ALTER TABLE `err_code` ENABLE KEYS */;
UNLOCK TABLES;

--
-- Table structure for table `evat_transactions`
--

DROP TABLE IF EXISTS `evat_transactions`;
/*!40101 SET @saved_cs_client     = @@character_set_client */;
/*!50503 SET character_set_client = utf8mb4 */;
CREATE TABLE `evat_transactions` (
  `billRef` char(255) NOT NULL,
  `ysdcid` text NOT NULL,
  `ysdcitems` int NOT NULL,
  `ysdcmrc` text NOT NULL,
  `ysdcmrctim` text NOT NULL,
  `ysdcrecnum` text NOT NULL,
  `ysdctime` text NOT NULL,
  `ysdcintdata` char(255) NOT NULL,
  `ysdcregsig` char(255) NOT NULL,
  `qr_code` text NOT NULL,
  UNIQUE KEY `billRef` (`billRef`),
  UNIQUE KEY `ysdcintdata` (`ysdcintdata`),
  UNIQUE KEY `ysdcregsig` (`ysdcregsig`)
) ENGINE=InnoDB DEFAULT CHARSET=utf8mb4 COLLATE=utf8mb4_0900_ai_ci;
/*!40101 SET character_set_client = @saved_cs_client */;

--
-- Dumping data for table `evat_transactions`
--

LOCK TABLES `evat_transactions` WRITE;
/*!40000 ALTER TABLE `evat_transactions` DISABLE KEYS */;
INSERT INTO `evat_transactions` VALUES ('00123092511','VATES0000002',1,'VALG01SHO02','2023-09-25 18:14:26.44','1385/1385 NS ISH:1292','2023-09-25 18:14:26.0','MIQM-25CS-4LAO-765M-X562-PHNJ-WE','WOHC-VYKP-AF2C-YEAX','https://myghanatest.ebmgh.com/verification/searchBySignature.jsp?DATA=I01xivx4L3vvNfp3hSmWgo2Tk8jTNKQKcb9OwBtRUK+Ixry5xSQ8+1fuKBHmA1ktbrR3lqnxe9wNL+9iGVcCCK8yS6mIxyWGnPBxYbzVrPxGVA1iWW9rf8fVLKwmrFJSnma/0lef5E3Y9hSeLkCsuRCBarH03V3wlJrgAy9A6+O81FZrUqmwp8aTJDHgE8tmzRLZYju5VM2MlUaY6ZBCEIw7MfXpT6TF1bhvMeJfHU8eGrSafFt0ZEChHWBn5KI4CBwFhStpKCKkfnDQgzX1LkOr1KXDP3V/CRiJ6Ph5gGQ='),('00123092521','VATES0000002',1,'VALG01SHO02','2023-09-25 18:17:40.99','1386/1386 NS ISH:1293','2023-09-25 18:17:41.0','BW6P-HPVK-YFI6-RR63-3F7J-KL5I-KA','44WX-KSZX-M2GW-ISRW','https://myghanatest.ebmgh.com/verification/searchBySignature.jsp?DATA=HnwJxDeoICBMUz8rzwRSqX9zfHk8zGJgC8h4+hMwGXyVhJ5UBfcsAOcgJFaUlNZcQBVWqtUDf9Esppd92SbqaRLjDKq6A3FO4Assjji1JjCkbyrYSqUpEmZh3S7Y5TXfEwSB0feUL6cMBd1olVwC3rJaXVWhRtcDRhAwrZeXe3YRlmJZxP/PqdBIgyRJ6K6V4v1PYZNL7QGNEMGFIvBjEw1nENrCbKCYn4Uvek65OLiCrf9Q1NvIZcYPmTi1JuxQekW9yDWBcVUBrmgQ5uCPojMqXHU9RGPFAUzNiXbvd5A='),('00123092531','VATES0000002',1,'VALG01SHO02','2023-09-25 18:26:08.942','1388/1388 NS ISH:1295','2023-09-25 18:26:09.0','R7I7-IZ2Q-TAEE-5FBK-6M4F-7JP7-MQ','NSXW-L5IL-ZQBJ-TJVY','https://myghanatest.ebmgh.com/verification/searchBySignature.jsp?DATA=/VlSFkFbx1/pfND98UX5puYVEFumvLOhZuVuohxhjfI9MnCPxGsJl8peaaeL5HF5HFkIxNwmEHhS9niSJ6JP5E1ocG7JmS9adD+2IWxrZPHGkQ0qlja1o646LKeAHKh4x6LJcRsSHNphGUXi6zcm8/1AA2pKIVD8DpDGJGbkckQLmNYjziw3JGbEN3TqUDj9KgdUA7rUijuJHf6DkMCyu1w/ah7JN+TRDP8nnusQHh07CapTo1dmD5dWDbLWzkDUpTJpnUJAbiwVfQ1NlbYHbzgPfhRm2QMurIB3f+80INc='),('00123092571','VATES0000002',4,'VALG01SHO02','2023-10-09 08:12:30.842','1392/1392 NS ISH:1299','2023-10-09 08:12:31.0','2IFO-UTRB-6TC4-EPAH-IWDL-SOE6-CE','K5BY-TYCH-PS7G-W5CH','https://myghanatest.ebmgh.com/verification/searchBySignature.jsp?DATA=ZOnULQWlUpwZ8n2MkUaIH6D7nOOuId7buMKJ/0IJ10eka2YRhmBnC7o/geAgH0wdF/IyuNaHnThZ/p9vXiAztyf4Ucql44ZZO3twOZmCfN6L6PLBTjWXFgM/ZiXWqbQ0HhI+8wqItPCBfGeCwT1XUBGwlM9E4DjgBY4jVNhBEXnntm8FsPUHaoDZEoiEMRg/5ycnur+7Pd9FvUxZfPyZkxXUJwldJwtorqdoh9/5gr0o5GHE4bzSvruBNwkexqKyJA4TJQ/g+kOOi5thTISzmAuQtyrfIGN/l6OMpqIGdBlrRPsNgkourn9Il5vkBHPO'),('00123092581','VATES0000002',2,'VALG01SHO02','2023-10-09 08:20:17.447','1393/1393 NS ISH:1300','2023-10-09 08:20:17.0','MZHN-NH5I-M4DA-734Z-NRXH-ZY64-2U','35IF-GDTQ-G5OO-7QQC','https://myghanatest.ebmgh.com/verification/searchBySignature.jsp?DATA=I4CAKHJc5okRxJr1dh22FNbddT6BbhVpFIW9MR+VB3PPgxRLQQebgvQwitSl1EJGXAfDjh5DbR8QPFxek8hts/PUwXaVfJgfBrDlq/pwt0AmF6qWGRLO3KAzDmta+67eX9yh1/Ho+qVpWCHsyWySb+3w572dbqq9IDUZH/yrV+xe8tcXEVWDnh7rT/Vk/yHbMltGWQSxtjUW9KeXNxnKuOYpWGgcGOEzAZaUFdo23EL+T3s9JqD/zglC4X+Q+1q+'),('00123092591','VATES0000002',1,'VALG01SHO02','2023-10-09 08:52:55.313','1394/1394 NS ISH:1301','2023-10-09 08:52:55.0','RBCN-ZX5Z-KNHS-IL3N-BYYC-6OAS-ZQ','XY5C-GFBN-RYOG-77PW','https://myghanatest.ebmgh.com/verification/searchBySignature.jsp?DATA=i0n6WYdECwVd8veFov06yEWeFcMVnKU4QRXjhZ7UOnDwKgZ4vxpHr7LG7/CKrqfY3vr8rcQubNzKlptQK5DtIJUzCIr38CqKQ+9U5608+dO2IbA74+1IKpkNDnfLJYeSHR0xJWipreZgkRctIar3tdjtlJAlDvfbODN7y5b+YGG1D9PTqa0qgdFOCm3iua2o8vxSvQwYBZLQOi8LqC8irw1O1d8ugY3JBiLuUyy4sIryUv5K+k+WKwfs6XpU7/m/nji1K3JrBNB7k0IhdV05r0u4kZ5YOVcA9inSbsLBXnBMAWG4aXRnJTQIV9Xg2PBk'),('00123110415111','VAT000000578',1,'VALG01SNE05','2023-12-04 15:56:42.186','32295/32295 NS ISH:33671','2023-12-04 15:56:42.0','BFGT-BMMG-VLYA-KIY5-52BP-TJAX-SY','FFJ3-MHXB-D5RC-E2CH','https://authsrv.e-vatghana.com/verification/searchBySignature.jsp?DATA=hgJK4BxUoNrZAZlX0+1f1U5hPAJetY5hTwZAzJWaJ0970nyCG8Abwc6ScRNfZ+6FkyTiD1D1PmTo4eyGNKYOOYgC07gRxHsuTcIdBxMZhDp00uFpIJxb+7MkNMv+JArXSUEAp5NXN+FF4IS41XTPi+1vIkJLDuU3aVlDsA5ooYKx69UwSEx0pe5pdvYM4DcmvwvAliKU5pLO4SPM6qtb34Fyx1W2oyCTrcG9hjCgtqqej/BR9aqhiIWOsY1d3861ktAeHF6sglAkQGm7JIwnJ6HfM8sUCYv6FIZ1b8yK5y4='),('00123110415211','VAT000000578',1,'VALG01SNE05','2023-12-04 15:57:50.124','32296/32296 NS ISH:33672','2023-12-04 15:57:50.0','IKLA-UXN5-7ON3-X64R-DI5V-CXY5-6A','6QGW-PF5W-ACKK-EOI4','https://authsrv.e-vatghana.com/verification/searchBySignature.jsp?DATA=txw0QyemBq4iCJytgPCnNsv0zQB7ohibwT9ZSRo/S9XAzM23hjkdo87BoAiqJgn1LQ7P7d3gTQaJPQcTJpjn6mSZhZDplGdnZFZRybdhjeaU0CUHvxmfPiWb9ql0L+xZYoxd/QaIDKBq/K0u9gHUqrXF2xlaBZuv3OnScwfmTgladDQD43MZiOsi+RS9oSEKiltd7xA/+eTSO4NZet8JDaA0hz02Nx2NkdqcRBKpTXHzeXOYFoyS65dUjxW8bxZuyy1QuaPfmSNDrwl9iJq+C3OTihSvIkBmTFAzIan4Li0='),('00123110415311','VAT000000578',1,'VALG01SNE05','2023-12-04 16:30:06.394','32305/32305 NS ISH:33681','2023-12-04 16:30:06.0','IKQ7-VC6Q-3DG5-ZTK3-CXZ4-AYJ4-SQ','DUMZ-ZWVY-OKWG-O6KE','https://authsrv.e-vatghana.com/verification/searchBySignature.jsp?DATA=HURtKFwJkQZ60n75w07/VFCUqKzsQpUVrNxVeRJoAhqE2IVtnXYE83kNeQDd+8YwMcpIn653FaAqMtHxLQtXm3gaBhWxoCgPf5sGoT/ZBUUZF7u2FdMF2TAu2ZjFSWCtfEzeGo2u4jwkeiivQUU+IqGZJ3V740M/AOlt0Vz6vjJv4TwqnbUEbJg8Ve9qR5wojEkoFaMF9MFS9SeTovVnbsNd+2K7mcOBl56juxdPiWd3YAqRhWnPuRl5TBAEdC9tQGjqTAHneCToGRCv7l3nlu42TJRGea4sCXZlTAdv6QM='),('00123110415411','VAT000000578',1,'VALG01SNE05','2023-12-04 16:32:53.461','32306/32306 NS ISH:33682','2023-12-04 16:32:53.0','WOXB-U7V3-CUWW-4VTZ-BYTS-GNSU-LA','V23K-QGJM-BXFE-425M','https://authsrv.e-vatghana.com/verification/searchBySignature.jsp?DATA=ma6n9gjhYxWLb14kebq/89Lx1wDZH5JhuYnRDCBvFrPy37wUVN9evO8kjK0e0Sv/0XBnTgHS4ZGORtrYVBzUPK62pYw0I09mBvwpS2TeDKCYtu7XckZGxDMus3K5GjM7L8xiiZNCLt7BSP9gZtHXeoQOOZVus8Kz/0Oc92NFV0gvLsRHup7sJ+k2s0duHL3b/cbYm+pl7b9JlKpinbQW64BD2X4zw+hm5h/QhD2BknrD0+8QjYjDzwsuPiJvdkxGqJ20Pk1VQotkcPuk+wrROrxBHMITfEIyYTQsmdL0YZQ='),('00123110417711','VAT000000578',1,'VALG01SNE05','2023-12-12 07:26:36.574','34191/34191 NS ISH:35564','2023-12-12 07:26:36.0','T2FN-LSJA-5NN6-R4SU-O7L5-VZXO-CU','CPGA-53IG-VSPK-GCYH','https://authsrv.e-vatghana.com/verification/searchBySignature.jsp?DATA=EEi/ggLxUIFVMgjuvsSgz1BxxJtzW88a4VSlA10hMk+NYleC2tn/Y4cpyuoJgLfbHs3TFCthpGhsnGjKQ6mEfvYSxT2CMZrldbkDdNZXy88MrI2Rx3btz+dt4LQkeG+hukDF1Ou20EPmngNB3LG+aANFOHNAv6ZISYRqqKYqITmpnPOG+NnSa7cr0AEWfMnhb0wwwCeLVU/S/I2LyBveXFri/bcoPiNNnXhHF+kjfz5fv8XGpeYqc+bb8szP+AAFx2LJ1pdK12PXtzawldfbKFf1IvONk8XEVT/2G+rpVl0='),('00123110417811','VAT000000578',1,'VALG01SNE05','2023-12-12 07:27:45.588','34192/34192 NS ISH:35565','2023-12-12 07:27:45.0','TKX3-TNJT-JDYC-ONSF-N2J4-FUU7-TI','54BF-PXFA-OHIE-MPOL','https://authsrv.e-vatghana.com/verification/searchBySignature.jsp?DATA=6YVoZDXeUASPc00a9h37QIgSiPWRPyrAo8DS6AwHaNM321+BAqVKf3BLO7qcdINXB0D80O2E5Yze9KegcyEaFDiFbB0Ipp73hUz34JxVHPqAyuVYlLvL58kt/RaDlGtNn6inLCOq4hNS72P/rlfbw1l6OJWTTPdAyA9xHhAJxhIBPyGnw4DhdopMxAq+Fwzr3qnDUaIPGfIOHPSGQpKuIeOVCC3LSrXmL0LKapVm7AulY47qwJSmdGg9xs/3IHWAAC6ylszos+qqbl0qceSQVSC/9T1RIMYVUZGCje1Q1Po='),('00123110417911','VAT000000578',1,'VALG01SNE05','2023-12-12 07:29:15.586','34193/34193 NS ISH:35566','2023-12-12 07:29:15.0','C26R-ITSF-GH4G-DTKW-J7PF-G63V-QY','5UNC-6PER-IIRP-C6US','https://authsrv.e-vatghana.com/verification/searchBySignature.jsp?DATA=foLunsQBQBfnD2FbxR//UUyesT9wyaPZsERBTZ20pwCsGVpFKSOctFJFc4QltQZGYZYLmBL09/L2SS1X1mJNzY+WACOdcNqzRv0X/c/QWJ/G0CCQx8eabXvOU+D4UnR+iJPBlxsk0NhdkGxfNw7NPcfhSzkfO/q83mhRTgZ28Bxqyzbggp9pZcbQ9tlyi/krFuppqIeJIfQLPhWf03F0IJWqEr/2RHu+VHBYiqDp7Je3FeMS5E6vxYGoLNcCVXTHZw2MFOTd8QrEcYgCRl3uCD6xlmRDNu7D4nulogd5krM='),('001231213111','VAT000000578',1,'VALG01SNE05','2023-12-13 07:48:11.872','34363/34363 NS ISH:35736','2023-12-13 07:48:12.0','OVBK-4HAQ-FNVB-V4MB-O24V-SHWD-IM','LS44-CAAG-OH4I-LDG2','https://authsrv.e-vatghana.com/verification/searchBySignature.jsp?DATA=1jHROrn/Gdp6DI4h7qtTNt4V3IiqCmWxz1t9MbCHPAm+m7TDvgjsRGwBB9NMse8VCyKoscEco1wRlaykMMD2+fbUN2y3tpKxh5U1nAd3WrtXowJP5QTKbJYOhyjFqnHBtYlRKcUojlflRXVLNVr83+gDIy1oDfCK2UZH9LJalCyaXfzYb2lJWLiCngfo+xmsGt8thDsN6ZktjGLKVNhUtEpvTiLE6Rl/HBY0neqD0o2L1HOntlvsobWrqBnp0Am05b4iKMUdc2Jzs2lusbDsuGjLI9n9WtgIRkH6RaKKs1A='),('001231213211','VAT000000578',1,'VALG01SNE05','2023-12-13 07:54:29.153','34364/34364 NS ISH:35737','2023-12-13 07:54:29.0','IEFN-QJ6N-RAQ4-LPWC-IYPR-I3TA-CY','KS4Z-WO4F-P5U5-XK2V','https://authsrv.e-vatghana.com/verification/searchBySignature.jsp?DATA=dSbONgv6mQ2S8C8CCKdKEBZB2wWISTc1f7vcLsy9xfpRdkcdtbyA59ryFaw3BcXm6OmqfL3pFXDKzVZTJDx6Zc3i5bGNdWgOY4U95UMsRScmiBLqTK7Zv9UliAbE5jsC/7+o4xWPPY2yOhM9W9wLdly8MgkQtX54qCClyBQ1ETFhmBzLBmiWB0UjH4jsMajftJlhQWD0uOZMUapOovaf6RHJ1GFZ67Dsjqn2Yt5wgiXOC/jIjho47cphYCLTH3csz9QTNIlHOMhH2FSrzsyNqUB0M8JcwxP8iY/XhV9Z5gk='),('001231213311','VAT000000578',2,'VALG01SNE05','2023-12-13 08:09:19.324','34365/34365 NS ISH:35738','2023-12-13 08:09:19.0','BR5A-DFX2-N45D-VUFC-LD74-COFR-ZU','SPNQ-MQ6S-TTBP-ISZ2','https://authsrv.e-vatghana.com/verification/searchBySignature.jsp?DATA=/JfAmekGwvrm/9aUH5+LyO/XXP8ETYq35oimxBX3tqPHoX60jCnDovzUQDCb/vYuZ5oSVLWFWxKKCN7K3OCqLSRbGloWB3exzszK3KK2YknWRhShsApPHtRaUrkAzC1CvYrfNloNUllW4UjdO1MhO7vYG8C7cKObCYixKZ1cgrF2xtewLmQBA/3P3RAtdQdoVVu74Bf791XUiSXBtdpv0IDCB0sdWGXNZfTviNqxxwasigWZmjpa3i5g2wtzgUsMFBhrlBJOOB4H09Q80PEJ5uDTKi69loy6KWsNNg+ElX4='),('001231213411','VAT000000578',1,'VALG01SNE05','2023-12-13 08:20:40.885','34366/34366 NS ISH:35739','2023-12-13 08:20:41.0','OT2N-RHRF-GMER-WTTB-FY2W-3AVX-KE','FVHQ-GAIS-SXEJ-FREK','https://authsrv.e-vatghana.com/verification/searchBySignature.jsp?DATA=4/65iUAK9l5guzB9xAVCeBkV7GuBa1JvKsPuee/wGMeAqOBXw0EQx+WPSu6Eru5XRdI4du3+B8dYHctUujDl9vhETPc1yGTgT+UybE5wluGO9NoKH/8A/vQCMaSXEExlelgfWO7CPNP1q/EGTTNO6mjFd4wpIMI/XDj2UzjL3MUpwsxwuyk3DoNuyqQK31TBuK/mAA55CUsXCgFrw21905H4gw2sn3qaw1/4fxrP1bbxap0aL0kMUYn4flgA5usFoonGXZu8pSf85dkcVWS6BHmv4oDm9Tyfvk+onjj4DBM='),('001231213511','VAT000000578',1,'VALG01SNE05','2023-12-13 11:25:21.844','34380/34380 NS ISH:35753','2023-12-13 11:25:21.0','RI7R-DTUG-QDS2-LCDS-AN55-LR64-DQ','FULK-RN6W-Y7NR-5XAM','https://authsrv.e-vatghana.com/verification/searchBySignature.jsp?DATA=DLoHVmU0LqgfejnMk3HcdebgDBtpYFqu3VT8IdNZMBquLE/lQHreoXIokEtBnCnyCuXTcxgQCOmJN+QeNDsPVXxh7qpnCcuXI7Ew3TtyucVxtA3FxG/lWZoI7OLK7CFD47yPfrJBesoQNLozMOx0K3vbxQ2QmOxgFUuDtU6Z3KMKy23eTTI8ke3q4GsancRP3z1/Ns3mLZm8vkSIzMa+UzxbtI6S3NXhlGXMg1Il6RfjjEPXBYxklc5ZvzcTmCX7sTwBpulUU9kLhSWP6bOB+ek65BC7MG8Jybw5RJgT+oE='),('001231213611','VAT000000578',1,'VALG01SNE05','2023-12-13 11:26:53.216','34381/34381 NS ISH:35754','2023-12-13 11:26:53.0','6XCL-QNL6-DZBX-AUAK-FHBP-F6YK-4A','MI7E-GX3H-EFYI-A6WJ','https://authsrv.e-vatghana.com/verification/searchBySignature.jsp?DATA=UT09IMrhVzzQ0Bo2Nu/QWdV/besrGC5sTQR6MiTuaikU1zRdKFXDqAs2mqmDhX9XArdmjl2cXI8WCmWsGE44V5dbqHic8pwFgjdKjAlI+ifgmbRZBvCytQtaNSrHWfxWm8tIyJPrToqGzwLO9WsWlcND/aMnaRpQP6UfX5LHVxAPRw6FIXxXATAF6bRfp4dAV+Lm3DDErvGtB89Q22P7f1jy//ZJJLgGdu++33KebVi7oSfkeboHBStiT/P23jR2P1Ieq9lEnwYsPfecZVhZsLqjFg4njFkfOWlU4PdIN1E='),('001231213711','VAT000000578',1,'VALG01SNE05','2023-12-13 19:12:28.118','34561/34561 NS ISH:35934','2023-12-13 19:12:28.0','AUTQ-ATDK-M4NU-5DXA-4C25-3GU3-NU','SGVT-OOO3-ZIUM-VJNB','https://authsrv.e-vatghana.com/verification/searchBySignature.jsp?DATA=DdatHBzuRDRPHbF2lxCkv9TCQDLPX+6gpGk+QYrWDXxwZ1MYEy2gcLs9wbw8pZ/TXO6KDaa7YgQCk0rh60ktlgMsHU/cnEs5ylbypuU5s7XnGRkjEyCmwAP1wiaPBWXLllbsCEHYorSDd3pfi+TCzGmkAPEsY+10xv8tYIoxU6jLRq7z83JGfYxA0H0kUO8qVNDnM/OHhFnDZv+oUeXCDvgCnVbZHv5GjC0rGEpjY4qix++Qp0kg5TZ/DRNvI7wpy9YSBORrp0rFSIeuMrOJjTej3NCxSkQofHm232wz9TU='),('001231214111','VAT000000578',1,'VALG01SNE05','2023-12-14 12:37:04.55','34623/34623 NS ISH:35996','2023-12-14 12:37:04.0','32LL-53PN-JRQF-J3DM-LFU5-YJBC-QI','VDKB-H3XU-VIOV-KVOA','https://authsrv.e-vatghana.com/verification/searchBySignature.jsp?DATA=Mq+6IqZOslq+/j9uMqxGPe4zBzlsKn6BEDh1OHhPlLM821H3svdc+fvMl/hJ51ZrMQzb87hU2hpjxGwJpUgua+KEYh0asCKqoGCWiRV8aRFHeN7G5eV1wio4whsyPp5WtSYEQS2ARN9ky4UKGW0fTo2IZDWwSsoA9teeFa1L4nZl5rwtMpynd08owJemW2txsIjdfAXvipiBznK6xuChOwBpBLOOSKWutZ+RTTtlawzLiWDeAK+vWI9JkwN0zA6+sLZYMPrRfGFNOXb24o30azTklxHe1yU/969OV0AgzHc='),('0012401074221','VAT000000578',1,'VALG01SNE05','2024-01-17 16:30:12.36','41978/41978 NS ISH:43315','2024-01-17 16:30:12.0','L277-OFUC-77C3-QM3W-WBDQ-67QB-QM','HYBF-KFTB-LJCC-OK5F','https://authsrv.e-vatghana.com/verification/searchBySignature.jsp?DATA=xjsNQ3CF89zeo9hbQ50n8sXO6568pS6fABd9a/7dlMco+wP6jMtM97iPkxZeP6bW2EAqIfgVMpY9TNyRnQkaV6qTCwxJ+alOij49dkoiOkeQqUowgdaRlbFZ2dpzvv7lqJamM4HPPOxNSZpYYpNUEaErkPsHrBRlX4cKzt4NWxA16DfCZDSf/drfKmyIzL4F18QW8eAtktMtjZhp7yS7Lk+OxVvZaaGYNauyX/C9AbtyCKyYOzBwrIhZCjFqVMq3nprkj6a4PMwA4n5b7SQua7MQaE3KnIA7M5gGLJmr7Is='),('0012401074321','VAT000000578',1,'VALG01SNE05','2024-01-17 16:34:46.265','41980/41980 NS ISH:43317','2024-01-17 16:34:46.0','LNLY-R46G-2G4J-G6X3-PXOP-UDMO-G4','ZCG4-RYLF-G6ID-IGQ6','https://authsrv.e-vatghana.com/verification/searchBySignature.jsp?DATA=PKHUNoQY/mYEEpIPnSMMuKT5zkPirMCuWXKIxKU39aGKBBg2ugm+JM2dzfbvgmi6VkFxUFQWdy1YDIbdfTpHPTKVRjScmst29mIyxrX+kVUz/t+TcgmASJF2f2LRBlZbIj12T6shFGzvxFkoi5RoDPNnOLFOXUoeWtzpVF9S+A4+/eYaepLuvI+JfFfEe4F6dcBQw2BSmE1L7wZC42L7Na6/oMLgf2p1qkkaYdt5jSFsqD+RiJjW5FLT6jRvsDzVwam7ZE5+3rXfTTlPWa4s7cFTf0PGg/fGTr2FgJtwdS4='),('0012401074421','VAT000000578',1,'VALG01SNE05','2024-01-17 16:40:01.167','41983/41983 NS ISH:43320','2024-01-17 16:40:01.0','T7E7-7ZAZ-6FK2-CFMY-LULU-G3ZN-B4','SG53-K47T-7HCM-42V7','https://authsrv.e-vatghana.com/verification/searchBySignature.jsp?DATA=ZvzuCqZKIPj+5TBSI9ybPhc1zmpBK2Cn9Mh0Ocg9r8dW9bfiKzy/mmQBWnDBK70JeQbciqrrRUrovBOZOYFjBPz+qL6q2aFkXF4ezPmp8trRcsGi8w6+pFkWSH5gErYFlNFgp/lISWlHAOrtbAn+WB68iMIRSCxZ7xM5ZEsl5tzziMyUX3tuYKgGZdJM0mEmaFfkZdEXxctj0g4Mcp0vTWREKTfwdJxzoymCWV83d0NmxS5t0b5m5hCOsfctjeCjxsb58Vf3GjHuYxvNWkX6/VHoE0UvUWkdvhMBqKjZyNo='),('0012401074521','VAT000000578',1,'VALG01SNE05','2024-01-17 16:48:48.822','41986/41986 NS ISH:43323','2024-01-17 16:48:49.0','O4A2-RSW7-MDER-QJFV-ZFTN-AW3T-VI','EJ6W-PL7Y-J6CL-RL33','https://authsrv.e-vatghana.com/verification/searchBySignature.jsp?DATA=VZvZBTaSbCxSq0sM3pQuhjZNes53A0UhLNKiTty2rHbz9544DTkJxSYITr7A0VMAlHU4zI0x1exIbOZmNyfV32qGAJ/rm8wwcirQkIziU6jTEeEnZkML3KkzhF6E4ZFPTIF0t1C9VVyG9ssP1uThlk3dsqVblMXY9spFZSGJDPzP70oMN5L5t/jdy32Hbr6yk8ugOWhdGJfNKBISHQnwQjhmc02wUwSqY+TI92OeDoFWyHtwUZoACs30PM7LZv48OH4pgWfRBJi6ywi3RSAzn+cpGaeb84HGkmiqjq17QS4='),('0012401074621','VAT000000578',1,'VALG01SNE05','2024-01-17 16:49:33.837','41987/41987 NS ISH:43324','2024-01-17 16:49:34.0','NTMB-ENXA-5VTZ-EF3R-UIF3-VKAO-KE','DADR-3QH5-C3KY-K6TQ','https://authsrv.e-vatghana.com/verification/searchBySignature.jsp?DATA=1rKXdNpBgwcxJ/wNkC0PpTTePjxzic5JdVTud26I6/5dwHQPl8zemfHIFZRAdy2hgTb7IJ+yvv8V4PLmeQC8pFRl1Xp/UByMPvAMnESCTD3T1Mv85Rrd133j0CEdaaTAoaGNUlftVMY1ft1Mb19tdWBl2Y6ZnCKg72jqgq+1sdhLllRXwXQoleynI+o7Pj64yLlLNfi8kuJ+FDp6AY2852FwEGuvAXaJwAHmNXVTsCgYwYKqvgzb8PcchPZkZdgpHVpTRzy2DJdm9h2IgShnOA/AbP3Ayh32B+pScNwjvZ8=');
/*!40000 ALTER TABLE `evat_transactions` ENABLE KEYS */;
UNLOCK TABLES;

--
-- Table structure for table `grn_hd`
--

DROP TABLE IF EXISTS `grn_hd`;
/*!40101 SET @saved_cs_client     = @@character_set_client */;
/*!50503 SET character_set_client = utf8mb4 */;
CREATE TABLE `grn_hd` (
  `id` int NOT NULL AUTO_INCREMENT,
  `entry_no` varchar(13) DEFAULT NULL,
  `po_number` varchar(13) NOT NULL,
  `loc` varchar(3) NOT NULL,
  `date_received` date NOT NULL,
  `supplier` varchar(12) NOT NULL,
  `remarks` text,
  `invoice_num` varchar(13) NOT NULL,
  `invoice_amt` decimal(10,2) NOT NULL,
  `tax` int DEFAULT '0',
  `tax_amt` decimal(10,2) DEFAULT '0.00',
  `net_amt` decimal(10,2) DEFAULT '0.00',
  `created_on` timestamp NOT NULL DEFAULT CURRENT_TIMESTAMP,
  `created_by` text,
  `status` int DEFAULT '0',
  PRIMARY KEY (`id`),
  UNIQUE KEY `invoice_num` (`invoice_num`),
  UNIQUE KEY `grn_hd_pk` (`entry_no`),
  KEY `grn_hd_tax_master_id_fk` (`tax`)
) ENGINE=InnoDB AUTO_INCREMENT=1000041 DEFAULT CHARSET=utf8mb4 COLLATE=utf8mb4_0900_ai_ci;
/*!40101 SET character_set_client = @saved_cs_client */;

--
-- Dumping data for table `grn_hd`
--

LOCK TABLES `grn_hd` WRITE;
/*!40000 ALTER TABLE `grn_hd` DISABLE KEYS */;
INSERT INTO `grn_hd` VALUES (1000008,'GR1000008','PO1000001','001','2022-10-17','EMD','Purchase from EMADON and delivered to MAIN LOCATION','10000',60.00,1,0.00,60.00,'2022-10-17 00:36:00','Demo User',1),(1000009,'GR1000009','PO1000002','001','2023-01-19','FEA','Purchase from FAR-EAST and delivered to MAIN LOCATION','6263636464',20.00,1,0.00,20.00,'2023-01-19 13:20:11','Demo User',1),(1000010,'GR1000010','PO1000003','001','2023-01-29','FEA','Purchase from FAR-EAST and delivered to MAIN LOCATION','12345764',200.00,9,0.00,200.00,'2023-05-24 10:08:56','Demo User',1),(1000011,'GR1000011','PO1000004','001','2023-05-25','EMD','Purchase from EMADON and delivered to MAIN LOCATION','8634',10700.00,1,0.00,10700.00,'2023-05-25 21:53:06','Demo User',1),(1000012,'GR1000012','PO1000005','001','2023-10-27','EMD','Purchase from EMADON and delivered to MAIN LOCATION','4585452',50.00,1,0.00,50.00,'2023-10-27 07:02:05','Demo User',1),(1000013,'GR1000013','PO1000006','999','2023-11-04','DEF','Purchase from DEFAULT and delivered to WAREHOUSE','98527',250.00,1,0.00,250.00,'2023-11-06 06:41:09','Demo User',1),(1000014,'GR1000014','PO1000008','001','2023-11-04','EMD','Purchase from EMADON and delivered to MAIN LOCATION','1832',40.00,1,5.22,45.22,'2023-11-06 20:28:22','Demo User',1),(1000015,'GR1000015','PO1000009','999','2024-01-29','FEA','Purchase from FAR-EAST and delivered to WAREHOUSE','kk0lmn',500.00,1,0.00,0.00,'2024-01-30 07:00:45','Demo User',0),(1000038,'GR1000016','PO1000011','999','2024-01-29','DEF','Purchase from DEFAULT and delivered to WAREHOUSE','hxyu',470.00,0,0.00,0.00,'2024-02-15 05:50:09','411',1),(1000040,'GR1000039','PO1000012','001','2024-01-29','DEF','Purchase from DEFAULT and delivered to MAIN LOCATION','king',500.00,0,0.00,0.00,'2024-03-06 09:38:09','411',1);
/*!40000 ALTER TABLE `grn_hd` ENABLE KEYS */;
UNLOCK TABLES;

--
-- Table structure for table `grn_trans`
--

DROP TABLE IF EXISTS `grn_trans`;
/*!40101 SET @saved_cs_client     = @@character_set_client */;
/*!50503 SET character_set_client = utf8mb4 */;
CREATE TABLE `grn_trans` (
  `id` int NOT NULL AUTO_INCREMENT,
  `entry_no` char(13) DEFAULT NULL,
  `item_code` char(13) DEFAULT NULL,
  `barcode` char(13) DEFAULT NULL,
  `item_description` text NOT NULL,
  `owner` char(13) DEFAULT NULL,
  `date_added` date DEFAULT (curdate()),
  `pack_desc` text,
  `packing` text,
  `pack_um` decimal(10,2) DEFAULT '0.00',
  `qty` decimal(10,2) DEFAULT '0.00',
  `cost` decimal(10,2) DEFAULT '0.00',
  `total_cost` decimal(10,2) DEFAULT '0.00',
  `status` int DEFAULT '0',
  `tax_amt` decimal(10,2) DEFAULT '0.00',
  `net_amt` decimal(10,2) DEFAULT '0.00',
  `prod_cost` decimal(10,2) DEFAULT '0.00',
  `ret_amt` decimal(10,2) DEFAULT '0.00',
  PRIMARY KEY (`id`)
) ENGINE=InnoDB AUTO_INCREMENT=32 DEFAULT CHARSET=utf8mb4 COLLATE=utf8mb4_0900_ai_ci;
/*!40101 SET character_set_client = @saved_cs_client */;

--
-- Dumping data for table `grn_trans`
--

LOCK TABLES `grn_trans` WRITE;
/*!40000 ALTER TABLE `grn_trans` DISABLE KEYS */;
INSERT INTO `grn_trans` VALUES (20,'GR1000008','1000000002','6033000340085','STORM ENERGY LG','Demo User','2022-10-17','PCS','PCS',1.00,2.00,30.00,60.00,0,0.00,60.00,30.00,8.00),(21,'GR1000009','1000000003','6034000181036','BEL-AQUA SMALL','Demo User','2023-01-19','PCS','PCS',1.00,1.00,20.00,20.00,0,0.00,20.00,20.00,500.00),(22,'GR1000010','1000000005','0987654321','GAUVA JUICE','Demo User','2023-01-29','12 * 1CTN','CTN',12.00,2.00,100.00,200.00,0,0.00,200.00,8.33,100.00),(23,'GR1000011','1000000002','6033000340085','STORM ENERGY LG','Demo User','2023-05-25','PCS','PCS',1.00,200.00,6.00,1200.00,0,0.00,1200.00,6.00,8.00),(24,'GR1000011','1000000004','17264738','Note Pad Small','Demo User','2023-05-25',' PCS','PCS',1.00,100.00,95.00,9500.00,0,0.00,9500.00,95.00,100.00),(25,'GR1000012','1000000002','6033000340085','STORM ENERGY LG','Demo User','2023-10-27','8 * 1 CTN','CTN',8.00,1.00,50.00,50.00,0,0.00,50.00,6.25,8.00),(26,'GR1000013','1000000214','6033000082985','Cerelac Wheat 400gm','Demo User','2023-11-04','20 * 1 CTN','CTN',20.00,1.00,250.00,250.00,0,0.00,250.00,12.50,21.03),(27,'GR1000014','1000000002','6033000340085','STORM ENERGY LG','Demo User','2023-11-04','8 * 1 CTN','CTN',8.00,1.00,40.00,40.00,0,5.22,40.00,5.00,8.00),(28,'GR1000016','1000000123','5449000232755','Club Soda Water 350Ml','411','2024-02-15',NULL,NULL,0.00,100.00,2.00,200.00,0,0.00,0.00,0.00,0.00),(29,'GR1000016','1000000134','095188990342','TAMPICO CITRUS 1Ltr','411','2024-02-15',NULL,NULL,0.00,50.00,3.00,150.00,0,0.00,0.00,0.00,0.00),(30,'GR1000016','1000000137','8690558010037','Dimes Apple Juice 1L','411','2024-02-15',NULL,NULL,0.00,80.00,1.50,120.00,0,0.00,0.00,0.00,0.00),(31,'GR1000039','1000000214','6033000082985','Cerelac Wheat 400gm','411','2024-03-06',NULL,NULL,0.00,10.00,50.00,500.00,0,0.00,0.00,0.00,0.00);
/*!40000 ALTER TABLE `grn_trans` ENABLE KEYS */;
UNLOCK TABLES;

--
-- Table structure for table `history_header`
--

DROP TABLE IF EXISTS `history_header`;
/*!40101 SET @saved_cs_client     = @@character_set_client */;
/*!50503 SET character_set_client = utf8mb4 */;
CREATE TABLE `history_header` (
  `mach_no` int DEFAULT NULL,
  `clerk` text,
  `bill_no` int DEFAULT NULL,
  `pmt_type` text,
  `gross_amt` decimal(10,2) DEFAULT '0.00',
  `disc_rate` decimal(10,2) DEFAULT '0.00',
  `disc_amt` decimal(10,0) DEFAULT '0',
  `tax_amt` decimal(10,2) DEFAULT '0.00',
  `net_amt` decimal(10,2) DEFAULT '0.00',
  `amt_paid` decimal(10,2) NOT NULL DEFAULT '0.00',
  `bill_date` date DEFAULT (curdate()),
  `amt_bal` decimal(10,2) DEFAULT (0.00),
  `bill_time` time DEFAULT (curtime()),
  `tran_qty` decimal(10,2) NOT NULL DEFAULT '0.00',
  `id` int NOT NULL DEFAULT '0',
  `billRef` text,
  `taxable_amt` decimal(10,2) DEFAULT (0.00),
  `non_taxable_amt` decimal(10,2) DEFAULT (0.00),
  `shift` int NOT NULL,
  `old_bill_ref` text,
  `sales_date` date DEFAULT (curdate()),
  `sales_type` text,
  `customer` text
) ENGINE=InnoDB DEFAULT CHARSET=utf8mb4 COLLATE=utf8mb4_0900_ai_ci;
/*!40101 SET character_set_client = @saved_cs_client */;

--
-- Dumping data for table `history_header`
--

LOCK TABLES `history_header` WRITE;
/*!40000 ALTER TABLE `history_header` DISABLE KEYS */;
INSERT INTO `history_header` VALUES (1,'2',1,'cash',1.00,0.00,0,0.18,1.00,1.00,'2023-12-13',0.00,'07:48:14',1.00,431,'001231213111',1.00,0.00,1,NULL,'2023-12-13','sale',NULL),(1,'2',2,'momo',1.00,0.00,0,0.18,1.00,1.00,'2023-12-13',0.00,'07:54:32',1.00,432,'001231213211',1.00,0.00,1,NULL,'2023-12-13','sale',NULL),(1,'2',3,'cash',11.00,0.00,0,1.98,11.00,11.00,'2023-12-13',0.00,'08:09:21',2.00,433,'001231213311',11.00,0.00,1,NULL,'2023-12-13','sale',NULL),(1,'2',4,'credit_payment',1.00,0.00,0,0.18,1.00,1.00,'2023-12-13',0.00,'08:20:44',1.00,434,'001231213411',1.00,0.00,1,NULL,'2023-12-13','sale',NULL),(1,'2',5,'cash',1.00,0.00,0,0.18,1.00,1.00,'2023-12-13',0.00,'11:25:24',1.00,435,'001231213511',1.00,0.00,1,NULL,'2023-12-13','sale',NULL),(1,'2',6,'cash',1.00,0.00,-1,0.18,0.00,0.00,'2023-12-13',-1.00,'11:26:56',1.00,436,'001231213611',1.00,0.00,1,NULL,'2023-12-13','sale',NULL),(1,'2',7,'credit',1.00,0.00,0,0.18,1.00,1.00,'2023-12-13',0.00,'19:12:32',1.00,437,'001231213711',1.00,0.00,1,NULL,'2023-12-13','sale','CO2'),(1,'2',1,'credit',1.00,0.00,0,0.18,1.00,1.00,'2023-12-14',0.00,'12:37:07',1.00,438,'001231214111',1.00,0.00,1,NULL,'2023-12-14','sale','CO3'),(1,'2',1,'cash',1.00,0.00,0,0.18,1.00,1.00,'2023-12-14',0.00,'21:43:13',1.00,439,'001231214121',1.00,0.00,2,NULL,'2023-12-14','sale','bill'),(1,'2',2,'credit',500.00,0.00,0,89.82,500.00,500.00,'2023-12-14',0.00,'21:43:47',1.00,440,'001231214221',500.00,0.00,2,NULL,'2023-12-14','sale','CO3'),(1,'2',1,'cash',1.00,0.00,0,0.18,1.00,1.00,'2023-12-14',0.00,'21:43:13',1.00,439,'001231214121',1.00,0.00,2,NULL,'2023-12-14','sale','bill'),(1,'2',2,'credit',500.00,0.00,0,89.82,500.00,500.00,'2023-12-14',0.00,'21:43:47',1.00,440,'001231214221',500.00,0.00,2,NULL,'2023-12-14','sale','CO3'),(1,'2',1,'credit',70.37,0.00,0,0.00,70.37,70.37,'2023-12-21',0.00,'05:32:38',3.00,441,'001231221111',0.00,70.37,1,NULL,'2023-12-21','sale','CO3'),(1,'2',1,'cash',1.00,0.00,0,0.18,1.00,1.00,'2023-12-14',0.00,'21:43:13',1.00,439,'001231214121',1.00,0.00,2,NULL,'2023-12-14','sale','bill'),(1,'2',2,'credit',500.00,0.00,0,89.82,500.00,500.00,'2023-12-14',0.00,'21:43:47',1.00,440,'001231214221',500.00,0.00,2,NULL,'2023-12-14','sale','CO3'),(1,'2',1,'credit',500.00,0.00,0,89.82,500.00,500.00,'2023-12-23',0.00,'07:37:01',1.00,442,'001231223111',500.00,0.00,1,NULL,'2023-12-23','sale','CO3'),(1,'2',1,'cash',36.99,0.00,0,0.00,36.99,36.99,'2024-01-07',0.00,'12:26:20',1.00,443,'001240107111',0.00,36.99,1,NULL,'2024-01-07','sale','bill'),(2,'2',1,'cash',7.70,0.00,0,0.00,7.70,7.70,'2024-01-07',0.00,'12:32:15',1.00,444,'001240107112',0.00,7.70,1,NULL,'2024-01-07','sale','bill'),(2,'2',2,'cash',1.00,0.00,0,0.18,1.00,1.00,'2024-01-07',0.00,'12:36:04',1.00,445,'001240107212',1.00,0.00,1,NULL,'2024-01-07','sale','bill'),(2,'2',1,'cash',7.70,0.00,0,0.00,7.70,7.70,'2024-01-07',0.00,'12:32:15',1.00,444,'001240107112',0.00,7.70,1,NULL,'2024-01-07','sale','bill'),(2,'2',2,'cash',1.00,0.00,0,0.18,1.00,1.00,'2024-01-07',0.00,'12:36:04',1.00,445,'001240107212',1.00,0.00,1,NULL,'2024-01-07','sale','bill'),(1,'2',1,'cash',1.00,0.00,0,0.18,1.00,1.00,'2024-01-07',0.00,'18:06:26',1.00,446,'001240107121',1.00,0.00,2,NULL,'2024-01-07','sale','bill'),(1,'2',2,'momo',1.00,0.00,0,0.18,1.00,1.00,'2024-01-07',0.00,'18:06:41',1.00,447,'001240107221',1.00,0.00,2,NULL,'2024-01-07','sale','bill'),(1,'2',3,'cash',7.70,0.00,0,0.00,7.70,7.70,'2024-01-07',0.00,'05:31:18',1.00,448,'001240107321',0.00,7.70,2,NULL,'2024-01-09','sale','bill'),(1,'2',4,'momo',36.99,0.00,0,0.00,36.99,36.99,'2024-01-07',0.00,'05:31:26',1.00,449,'001240107421',0.00,36.99,2,NULL,'2024-01-09','sale','bill'),(1,'2',5,'credit',7.00,0.00,0,1.25,7.00,7.00,'2024-01-07',0.00,'05:32:03',1.00,450,'001240107521',7.00,0.00,2,NULL,'2024-01-09','sale','CO3'),(1,'2',6,'credit',100.00,0.00,0,0.00,100.00,100.00,'2024-01-07',0.00,'05:32:21',1.00,451,'001240107621',0.00,100.00,2,NULL,'2024-01-09','sale','CO2'),(1,'2',7,'cash',500.00,0.00,0,89.82,500.00,500.00,'2024-01-07',0.00,'05:59:23',1.00,452,'001240107721',500.00,0.00,2,NULL,'2024-01-09','sale','bill'),(1,'2',NULL,'cash',7.70,0.00,0,0.00,7.70,7.70,'2024-01-07',0.00,'07:31:47',1.00,453,'001240107821',0.00,7.70,2,NULL,'2024-01-09','sale','bill'),(1,'2',NULL,'cash',7.70,0.00,0,0.00,7.70,7.70,'2024-01-07',0.00,'07:32:56',1.00,454,'001240107921',0.00,7.70,2,NULL,'2024-01-09','sale','bill'),(1,'2',10,'cash',1.00,0.00,0,0.18,1.00,1.00,'2024-01-07',0.00,'07:33:49',1.00,455,'0012401071021',1.00,0.00,2,NULL,'2024-01-09','sale','bill'),(1,'2',11,'momo',511.00,0.00,0,91.80,511.00,511.00,'2024-01-07',0.00,'07:34:13',3.00,456,'0012401071121',511.00,0.00,2,NULL,'2024-01-09','sale','bill'),(1,'2',12,'cash',10.00,0.00,0,1.80,10.00,50.00,'2024-01-07',40.00,'07:34:26',1.00,457,'0012401071221',10.00,0.00,2,NULL,'2024-01-09','sale','bill'),(1,'2',13,'cash',8.70,0.00,0,0.18,8.70,8.70,'2024-01-07',0.00,'09:28:14',2.00,458,'0012401071321',1.00,7.70,2,NULL,'2024-01-09','sale','bill'),(1,'2',14,'credit',1.00,0.00,0,0.18,1.00,1.00,'2024-01-07',0.00,'09:28:27',1.00,459,'0012401071421',1.00,0.00,2,NULL,'2024-01-09','sale','CO2'),(1,'2',15,'cash',7.00,0.00,0,1.25,7.00,7.00,'2024-01-07',0.00,'12:49:31',1.00,460,'0012401071521',7.00,0.00,2,NULL,'2024-01-09','sale','bill'),(1,'2',16,'cash',109.07,0.00,0,0.00,109.07,109.07,'2024-01-07',0.00,'12:50:34',3.00,461,'0012401071621',0.00,109.07,2,NULL,'2024-01-09','sale','bill'),(1,'2',17,'cash',34.85,0.00,0,0.00,34.85,34.85,'2024-01-07',0.00,'20:16:40',1.00,462,'0012401071721',0.00,34.85,2,NULL,'2024-01-15','sale','bill'),(1,'2',18,'cash',7.70,0.00,0,0.00,7.70,7.70,'2024-01-07',0.00,'20:20:53',1.00,463,'0012401071821',0.00,7.70,2,NULL,'2024-01-15','sale','bill'),(1,'2',19,'cash',10.00,0.00,0,1.80,10.00,10.00,'2024-01-07',0.00,'20:23:01',1.00,464,'0012401071921',10.00,0.00,2,NULL,'2024-01-15','sale','bill'),(1,'2',20,'cash',1.00,0.00,0,0.18,1.00,1.00,'2024-01-07',0.00,'20:56:18',1.00,465,'0012401072021',1.00,0.00,2,NULL,'2024-01-15','sale','bill'),(1,'2',21,'cash',1.00,0.00,0,0.18,1.00,1.00,'2024-01-07',0.00,'20:56:45',1.00,466,'0012401072121',1.00,0.00,2,NULL,'2024-01-15','sale','bill'),(1,'2',22,'cash',1.00,0.00,0,0.18,1.00,1.00,'2024-01-07',0.00,'20:57:11',1.00,467,'0012401072221',1.00,0.00,2,NULL,'2024-01-15','sale','bill'),(1,'2',23,'cash',1.00,0.00,0,0.18,1.00,1.00,'2024-01-07',0.00,'20:57:45',1.00,468,'0012401072321',1.00,0.00,2,NULL,'2024-01-15','sale','bill'),(1,'2',24,'cash',1.00,0.00,0,0.18,1.00,1.00,'2024-01-07',0.00,'20:58:35',1.00,469,'0012401072421',1.00,0.00,2,NULL,'2024-01-15','sale','bill'),(1,'2',25,'cash',1.00,0.00,0,0.18,1.00,1.00,'2024-01-07',0.00,'20:59:13',1.00,470,'0012401072521',1.00,0.00,2,NULL,'2024-01-15','sale','bill'),(1,'2',26,'cash',1.00,0.00,0,0.18,1.00,1.00,'2024-01-07',0.00,'21:00:39',1.00,471,'0012401072621',1.00,0.00,2,NULL,'2024-01-15','sale','bill'),(1,'2',27,'cash',101.00,0.00,0,0.18,101.00,101.00,'2024-01-07',0.00,'21:07:05',2.00,472,'0012401072721',1.00,100.00,2,NULL,'2024-01-15','sale','bill'),(1,'2',28,'cash',100.00,0.00,0,0.00,100.00,100.00,'2024-01-07',0.00,'21:08:40',1.00,473,'0012401072821',0.00,100.00,2,NULL,'2024-01-15','sale','bill'),(1,'2',29,'cash',100.00,0.00,0,0.00,100.00,100.00,'2024-01-07',0.00,'21:09:12',1.00,474,'0012401072921',0.00,100.00,2,NULL,'2024-01-15','sale','bill'),(1,'2',30,'cash',100.00,0.00,0,0.00,100.00,100.00,'2024-01-07',0.00,'21:09:39',1.00,475,'0012401073021',0.00,100.00,2,NULL,'2024-01-15','sale','bill'),(1,'2',31,'cash',100.00,0.00,0,0.00,100.00,100.00,'2024-01-07',0.00,'21:10:05',1.00,476,'0012401073121',0.00,100.00,2,NULL,'2024-01-15','sale','bill'),(1,'2',32,'cash',100.00,0.00,0,0.00,100.00,100.00,'2024-01-07',0.00,'21:10:31',1.00,477,'0012401073221',0.00,100.00,2,NULL,'2024-01-15','sale','bill'),(1,'2',33,'cash',511.00,0.00,0,91.80,511.00,511.00,'2024-01-07',0.00,'05:13:57',3.00,478,'0012401073321',511.00,0.00,2,NULL,'2024-01-16','sale','bill'),(1,'2',34,'cash',1.00,0.00,0,0.18,1.00,1.00,'2024-01-07',0.00,'05:40:43',1.00,479,'0012401073421',1.00,0.00,2,NULL,'2024-01-16','sale','bill'),(1,'2',35,'cash',500.00,0.00,0,89.82,500.00,500.00,'2024-01-07',0.00,'06:16:04',1.00,480,'0012401073521',500.00,0.00,2,NULL,'2024-01-16','sale','bill'),(1,'2',36,'cash',100.00,0.00,-100,0.00,0.00,0.00,'2024-01-07',-100.00,'06:19:05',1.00,481,'0012401073621',0.00,100.00,2,NULL,'2024-01-16','sale','bill'),(1,'2',37,'cash',1.00,0.00,0,0.18,1.00,1.00,'2024-01-07',0.00,'16:17:49',1.00,482,'0012401073721',1.00,0.00,2,NULL,'2024-01-17','sale','bill'),(1,'2',38,'cash',10.00,0.00,0,1.80,10.00,10.00,'2024-01-07',0.00,'16:23:59',1.00,483,'0012401073821',10.00,0.00,2,NULL,'2024-01-17','sale','bill'),(1,'2',39,'cash',1.00,0.00,0,0.18,1.00,1.00,'2024-01-07',0.00,'16:24:06',1.00,484,'0012401073921',1.00,0.00,2,NULL,'2024-01-17','sale','bill'),(1,'2',40,'cash',10.00,0.00,0,1.80,10.00,10.00,'2024-01-07',0.00,'16:24:14',1.00,485,'0012401074021',10.00,0.00,2,NULL,'2024-01-17','sale','bill'),(1,'2',41,'cash',1.00,0.00,0,0.18,1.00,1.00,'2024-01-07',0.00,'16:26:56',1.00,486,'0012401074121',1.00,0.00,2,NULL,'2024-01-17','sale','bill'),(1,'2',42,'cash',1.00,0.00,0,0.18,1.00,1.00,'2024-01-07',0.00,'16:30:16',1.00,487,'0012401074221',1.00,0.00,2,NULL,'2024-01-17','sale','bill'),(1,'2',43,'cash',1.00,0.00,0,0.18,1.00,1.00,'2024-01-07',0.00,'16:34:49',1.00,488,'0012401074321',1.00,0.00,2,NULL,'2024-01-17','sale','bill'),(1,'2',44,'cash',2.00,0.00,0,0.36,2.00,2.00,'2024-01-07',0.00,'16:40:04',2.00,489,'0012401074421',2.00,0.00,2,NULL,'2024-01-17','sale','bill'),(1,'2',45,'cash',1.00,0.00,0,0.18,1.00,1.00,'2024-01-07',0.00,'16:48:52',1.00,490,'0012401074521',1.00,0.00,2,NULL,'2024-01-17','sale','bill'),(1,'2',46,'cash',1.00,0.00,-1,0.18,0.00,0.00,'2024-01-07',-1.00,'16:49:37',1.00,491,'0012401074621',1.00,0.00,2,NULL,'2024-01-17','sale','bill'),(1,'2',47,'cash',1.00,0.00,0,0.18,0.97,0.97,'2024-01-07',-0.03,'06:09:38',1.00,492,'0012401074721',1.00,0.00,2,NULL,'2024-01-19','sale','bill'),(1,'2',48,'cash',500.00,0.00,0,89.82,500.00,500.00,'2024-01-07',0.00,'06:22:47',1.00,493,'0012401074821',500.00,0.00,2,NULL,'2024-01-19','sale','bill'),(1,'2',49,'cash',10.00,0.00,0,1.80,10.00,10.00,'2024-01-07',0.00,'06:26:57',1.00,494,'0012401074921',10.00,0.00,2,NULL,'2024-01-19','sale','bill'),(1,'2',50,'cash',7.00,0.00,0,1.25,7.00,7.00,'2024-01-07',0.00,'06:27:35',1.00,495,'0012401075021',7.00,0.00,2,NULL,'2024-01-19','sale','bill'),(1,'2',51,'cash',1.00,0.00,0,0.18,1.00,1.00,'2024-01-07',0.00,'06:36:22',1.00,496,'0012401075121',1.00,0.00,2,NULL,'2024-01-19','sale','bill'),(1,'2',52,'cash',536.36,0.00,0,91.25,536.36,536.36,'2024-01-07',0.00,'06:38:10',7.00,497,'0012401075221',508.00,28.36,2,NULL,'2024-01-19','sale','bill'),(1,'2',53,'cash',4.10,0.00,0,0.00,4.10,4.10,'2024-01-07',0.00,'06:47:57',1.00,498,'0012401075321',0.00,4.10,2,NULL,'2024-01-19','sale','bill'),(1,'2',54,'cash',4.10,0.00,0,0.00,4.10,4.10,'2024-01-07',0.00,'06:48:35',1.00,499,'0012401075421',0.00,4.10,2,NULL,'2024-01-19','sale','bill'),(1,'2',55,'cash',11.60,0.00,0,0.00,11.60,11.60,'2024-01-07',0.00,'06:49:47',2.00,500,'0012401075521',0.00,11.60,2,NULL,'2024-01-19','sale','bill'),(1,'2',56,'cash',6.74,0.00,0,0.00,6.74,6.74,'2024-01-07',0.00,'23:16:44',2.00,501,'0012401075621',0.00,6.74,2,NULL,'2024-01-27','sale','bill'),(1,'2',57,'cash',-6.74,0.00,0,0.00,-6.74,-6.74,'2024-01-07',0.00,'23:23:55',-1.00,502,'0012401075721',0.00,0.00,2,'0012401075621','2024-01-27','refund','bill'),(1,'2',58,'cash',118.91,0.00,0,0.00,118.91,118.91,'2024-01-07',0.00,'23:31:12',5.00,503,'0012401075821',0.00,118.91,2,NULL,'2024-01-27','sale','bill'),(1,'2',59,'cash',-7.70,0.00,0,0.00,-7.70,-7.70,'2024-01-07',0.00,'19:55:52',-1.00,504,'0012401075921',0.00,7.70,2,'0012401075821','2024-01-28','refund','bill'),(1,'2',60,'credit_payment',557.70,0.00,0,98.81,557.70,557.70,'2024-01-07',0.00,'20:05:55',3.00,505,'0012401076021',550.00,7.70,2,NULL,'2024-01-28','sale','bill'),(1,'2',1,'cash',1.00,0.00,0,0.18,1.00,1.00,'2024-01-07',0.00,'18:06:26',1.00,446,'001240107121',1.00,0.00,2,NULL,'2024-01-07','sale','bill'),(1,'2',2,'momo',1.00,0.00,0,0.18,1.00,1.00,'2024-01-07',0.00,'18:06:41',1.00,447,'001240107221',1.00,0.00,2,NULL,'2024-01-07','sale','bill'),(1,'2',3,'cash',7.70,0.00,0,0.00,7.70,7.70,'2024-01-07',0.00,'05:31:18',1.00,448,'001240107321',0.00,7.70,2,NULL,'2024-01-09','sale','bill'),(1,'2',4,'momo',36.99,0.00,0,0.00,36.99,36.99,'2024-01-07',0.00,'05:31:26',1.00,449,'001240107421',0.00,36.99,2,NULL,'2024-01-09','sale','bill'),(1,'2',5,'credit',7.00,0.00,0,1.25,7.00,7.00,'2024-01-07',0.00,'05:32:03',1.00,450,'001240107521',7.00,0.00,2,NULL,'2024-01-09','sale','CO3'),(1,'2',6,'credit',100.00,0.00,0,0.00,100.00,100.00,'2024-01-07',0.00,'05:32:21',1.00,451,'001240107621',0.00,100.00,2,NULL,'2024-01-09','sale','CO2'),(1,'2',7,'cash',500.00,0.00,0,89.82,500.00,500.00,'2024-01-07',0.00,'05:59:23',1.00,452,'001240107721',500.00,0.00,2,NULL,'2024-01-09','sale','bill'),(1,'2',NULL,'cash',7.70,0.00,0,0.00,7.70,7.70,'2024-01-07',0.00,'07:31:47',1.00,453,'001240107821',0.00,7.70,2,NULL,'2024-01-09','sale','bill'),(1,'2',NULL,'cash',7.70,0.00,0,0.00,7.70,7.70,'2024-01-07',0.00,'07:32:56',1.00,454,'001240107921',0.00,7.70,2,NULL,'2024-01-09','sale','bill'),(1,'2',10,'cash',1.00,0.00,0,0.18,1.00,1.00,'2024-01-07',0.00,'07:33:49',1.00,455,'0012401071021',1.00,0.00,2,NULL,'2024-01-09','sale','bill'),(1,'2',11,'momo',511.00,0.00,0,91.80,511.00,511.00,'2024-01-07',0.00,'07:34:13',3.00,456,'0012401071121',511.00,0.00,2,NULL,'2024-01-09','sale','bill'),(1,'2',12,'cash',10.00,0.00,0,1.80,10.00,50.00,'2024-01-07',40.00,'07:34:26',1.00,457,'0012401071221',10.00,0.00,2,NULL,'2024-01-09','sale','bill'),(1,'2',13,'cash',8.70,0.00,0,0.18,8.70,8.70,'2024-01-07',0.00,'09:28:14',2.00,458,'0012401071321',1.00,7.70,2,NULL,'2024-01-09','sale','bill'),(1,'2',14,'credit',1.00,0.00,0,0.18,1.00,1.00,'2024-01-07',0.00,'09:28:27',1.00,459,'0012401071421',1.00,0.00,2,NULL,'2024-01-09','sale','CO2'),(1,'2',15,'cash',7.00,0.00,0,1.25,7.00,7.00,'2024-01-07',0.00,'12:49:31',1.00,460,'0012401071521',7.00,0.00,2,NULL,'2024-01-09','sale','bill'),(1,'2',16,'cash',109.07,0.00,0,0.00,109.07,109.07,'2024-01-07',0.00,'12:50:34',3.00,461,'0012401071621',0.00,109.07,2,NULL,'2024-01-09','sale','bill'),(1,'2',17,'cash',34.85,0.00,0,0.00,34.85,34.85,'2024-01-07',0.00,'20:16:40',1.00,462,'0012401071721',0.00,34.85,2,NULL,'2024-01-15','sale','bill'),(1,'2',18,'cash',7.70,0.00,0,0.00,7.70,7.70,'2024-01-07',0.00,'20:20:53',1.00,463,'0012401071821',0.00,7.70,2,NULL,'2024-01-15','sale','bill'),(1,'2',19,'cash',10.00,0.00,0,1.80,10.00,10.00,'2024-01-07',0.00,'20:23:01',1.00,464,'0012401071921',10.00,0.00,2,NULL,'2024-01-15','sale','bill'),(1,'2',20,'cash',1.00,0.00,0,0.18,1.00,1.00,'2024-01-07',0.00,'20:56:18',1.00,465,'0012401072021',1.00,0.00,2,NULL,'2024-01-15','sale','bill'),(1,'2',21,'cash',1.00,0.00,0,0.18,1.00,1.00,'2024-01-07',0.00,'20:56:45',1.00,466,'0012401072121',1.00,0.00,2,NULL,'2024-01-15','sale','bill'),(1,'2',22,'cash',1.00,0.00,0,0.18,1.00,1.00,'2024-01-07',0.00,'20:57:11',1.00,467,'0012401072221',1.00,0.00,2,NULL,'2024-01-15','sale','bill'),(1,'2',23,'cash',1.00,0.00,0,0.18,1.00,1.00,'2024-01-07',0.00,'20:57:45',1.00,468,'0012401072321',1.00,0.00,2,NULL,'2024-01-15','sale','bill'),(1,'2',24,'cash',1.00,0.00,0,0.18,1.00,1.00,'2024-01-07',0.00,'20:58:35',1.00,469,'0012401072421',1.00,0.00,2,NULL,'2024-01-15','sale','bill'),(1,'2',25,'cash',1.00,0.00,0,0.18,1.00,1.00,'2024-01-07',0.00,'20:59:13',1.00,470,'0012401072521',1.00,0.00,2,NULL,'2024-01-15','sale','bill'),(1,'2',26,'cash',1.00,0.00,0,0.18,1.00,1.00,'2024-01-07',0.00,'21:00:39',1.00,471,'0012401072621',1.00,0.00,2,NULL,'2024-01-15','sale','bill'),(1,'2',27,'cash',101.00,0.00,0,0.18,101.00,101.00,'2024-01-07',0.00,'21:07:05',2.00,472,'0012401072721',1.00,100.00,2,NULL,'2024-01-15','sale','bill'),(1,'2',28,'cash',100.00,0.00,0,0.00,100.00,100.00,'2024-01-07',0.00,'21:08:40',1.00,473,'0012401072821',0.00,100.00,2,NULL,'2024-01-15','sale','bill'),(1,'2',29,'cash',100.00,0.00,0,0.00,100.00,100.00,'2024-01-07',0.00,'21:09:12',1.00,474,'0012401072921',0.00,100.00,2,NULL,'2024-01-15','sale','bill'),(1,'2',30,'cash',100.00,0.00,0,0.00,100.00,100.00,'2024-01-07',0.00,'21:09:39',1.00,475,'0012401073021',0.00,100.00,2,NULL,'2024-01-15','sale','bill'),(1,'2',31,'cash',100.00,0.00,0,0.00,100.00,100.00,'2024-01-07',0.00,'21:10:05',1.00,476,'0012401073121',0.00,100.00,2,NULL,'2024-01-15','sale','bill'),(1,'2',32,'cash',100.00,0.00,0,0.00,100.00,100.00,'2024-01-07',0.00,'21:10:31',1.00,477,'0012401073221',0.00,100.00,2,NULL,'2024-01-15','sale','bill'),(1,'2',33,'cash',511.00,0.00,0,91.80,511.00,511.00,'2024-01-07',0.00,'05:13:57',3.00,478,'0012401073321',511.00,0.00,2,NULL,'2024-01-16','sale','bill'),(1,'2',34,'cash',1.00,0.00,0,0.18,1.00,1.00,'2024-01-07',0.00,'05:40:43',1.00,479,'0012401073421',1.00,0.00,2,NULL,'2024-01-16','sale','bill'),(1,'2',35,'cash',500.00,0.00,0,89.82,500.00,500.00,'2024-01-07',0.00,'06:16:04',1.00,480,'0012401073521',500.00,0.00,2,NULL,'2024-01-16','sale','bill'),(1,'2',36,'cash',100.00,0.00,-100,0.00,0.00,0.00,'2024-01-07',-100.00,'06:19:05',1.00,481,'0012401073621',0.00,100.00,2,NULL,'2024-01-16','sale','bill'),(1,'2',37,'cash',1.00,0.00,0,0.18,1.00,1.00,'2024-01-07',0.00,'16:17:49',1.00,482,'0012401073721',1.00,0.00,2,NULL,'2024-01-17','sale','bill'),(1,'2',38,'cash',10.00,0.00,0,1.80,10.00,10.00,'2024-01-07',0.00,'16:23:59',1.00,483,'0012401073821',10.00,0.00,2,NULL,'2024-01-17','sale','bill'),(1,'2',39,'cash',1.00,0.00,0,0.18,1.00,1.00,'2024-01-07',0.00,'16:24:06',1.00,484,'0012401073921',1.00,0.00,2,NULL,'2024-01-17','sale','bill'),(1,'2',40,'cash',10.00,0.00,0,1.80,10.00,10.00,'2024-01-07',0.00,'16:24:14',1.00,485,'0012401074021',10.00,0.00,2,NULL,'2024-01-17','sale','bill'),(1,'2',41,'cash',1.00,0.00,0,0.18,1.00,1.00,'2024-01-07',0.00,'16:26:56',1.00,486,'0012401074121',1.00,0.00,2,NULL,'2024-01-17','sale','bill'),(1,'2',42,'cash',1.00,0.00,0,0.18,1.00,1.00,'2024-01-07',0.00,'16:30:16',1.00,487,'0012401074221',1.00,0.00,2,NULL,'2024-01-17','sale','bill'),(1,'2',43,'cash',1.00,0.00,0,0.18,1.00,1.00,'2024-01-07',0.00,'16:34:49',1.00,488,'0012401074321',1.00,0.00,2,NULL,'2024-01-17','sale','bill'),(1,'2',44,'cash',2.00,0.00,0,0.36,2.00,2.00,'2024-01-07',0.00,'16:40:04',2.00,489,'0012401074421',2.00,0.00,2,NULL,'2024-01-17','sale','bill'),(1,'2',45,'cash',1.00,0.00,0,0.18,1.00,1.00,'2024-01-07',0.00,'16:48:52',1.00,490,'0012401074521',1.00,0.00,2,NULL,'2024-01-17','sale','bill'),(1,'2',46,'cash',1.00,0.00,-1,0.18,0.00,0.00,'2024-01-07',-1.00,'16:49:37',1.00,491,'0012401074621',1.00,0.00,2,NULL,'2024-01-17','sale','bill'),(1,'2',47,'cash',1.00,0.00,0,0.18,0.97,0.97,'2024-01-07',-0.03,'06:09:38',1.00,492,'0012401074721',1.00,0.00,2,NULL,'2024-01-19','sale','bill'),(1,'2',48,'cash',500.00,0.00,0,89.82,500.00,500.00,'2024-01-07',0.00,'06:22:47',1.00,493,'0012401074821',500.00,0.00,2,NULL,'2024-01-19','sale','bill'),(1,'2',49,'cash',10.00,0.00,0,1.80,10.00,10.00,'2024-01-07',0.00,'06:26:57',1.00,494,'0012401074921',10.00,0.00,2,NULL,'2024-01-19','sale','bill'),(1,'2',50,'cash',7.00,0.00,0,1.25,7.00,7.00,'2024-01-07',0.00,'06:27:35',1.00,495,'0012401075021',7.00,0.00,2,NULL,'2024-01-19','sale','bill'),(1,'2',51,'cash',1.00,0.00,0,0.18,1.00,1.00,'2024-01-07',0.00,'06:36:22',1.00,496,'0012401075121',1.00,0.00,2,NULL,'2024-01-19','sale','bill'),(1,'2',52,'cash',536.36,0.00,0,91.25,536.36,536.36,'2024-01-07',0.00,'06:38:10',7.00,497,'0012401075221',508.00,28.36,2,NULL,'2024-01-19','sale','bill'),(1,'2',53,'cash',4.10,0.00,0,0.00,4.10,4.10,'2024-01-07',0.00,'06:47:57',1.00,498,'0012401075321',0.00,4.10,2,NULL,'2024-01-19','sale','bill'),(1,'2',54,'cash',4.10,0.00,0,0.00,4.10,4.10,'2024-01-07',0.00,'06:48:35',1.00,499,'0012401075421',0.00,4.10,2,NULL,'2024-01-19','sale','bill'),(1,'2',55,'cash',11.60,0.00,0,0.00,11.60,11.60,'2024-01-07',0.00,'06:49:47',2.00,500,'0012401075521',0.00,11.60,2,NULL,'2024-01-19','sale','bill'),(1,'2',56,'cash',6.74,0.00,0,0.00,6.74,6.74,'2024-01-07',0.00,'23:16:44',2.00,501,'0012401075621',0.00,6.74,2,NULL,'2024-01-27','sale','bill'),(1,'2',57,'cash',-6.74,0.00,0,0.00,-6.74,-6.74,'2024-01-07',0.00,'23:23:55',-1.00,502,'0012401075721',0.00,0.00,2,'0012401075621','2024-01-27','refund','bill'),(1,'2',58,'cash',118.91,0.00,0,0.00,118.91,118.91,'2024-01-07',0.00,'23:31:12',5.00,503,'0012401075821',0.00,118.91,2,NULL,'2024-01-27','sale','bill'),(1,'2',59,'cash',-7.70,0.00,0,0.00,-7.70,-7.70,'2024-01-07',0.00,'19:55:52',-1.00,504,'0012401075921',0.00,7.70,2,'0012401075821','2024-01-28','refund','bill'),(1,'2',60,'credit_payment',557.70,0.00,0,98.81,557.70,557.70,'2024-01-07',0.00,'20:05:55',3.00,505,'0012401076021',550.00,7.70,2,NULL,'2024-01-28','sale','bill'),(1,'2',1,'cash',257.00,0.00,0,0.00,257.00,270.00,'2024-01-29',13.00,'20:49:41',3.00,506,'001240129111',0.00,257.00,1,NULL,'2024-01-29','sale','bill'),(1,'2',2,'cash',100.00,0.00,0,17.96,100.00,100.00,'2024-01-29',0.00,'20:51:23',1.00,507,'001240129211',100.00,0.00,1,NULL,'2024-01-29','sale','bill'),(1,'2',3,'momo',68.00,0.00,0,8.99,68.00,68.00,'2024-01-29',0.00,'20:53:04',2.00,508,'001240129311',50.00,18.00,1,NULL,'2024-01-29','sale','bill'),(1,'2',4,'credit',48.00,0.00,0,0.00,48.00,48.00,'2024-01-29',0.00,'20:55:21',1.00,509,'001240129411',0.00,48.00,1,NULL,'2024-01-29','sale','CO2'),(1,'2',5,'momo',13.32,0.00,0,0.00,13.32,13.32,'2024-01-29',0.00,'20:57:43',2.00,510,'001240129511',0.00,13.32,1,NULL,'2024-01-29','sale','bill'),(1,'2',6,'cash',52.40,0.00,0,0.00,52.40,52.40,'2024-01-29',0.00,'21:04:06',1.00,511,'001240129611',0.00,52.40,1,NULL,'2024-01-29','sale','bill'),(1,'2',7,'cash',100.00,0.00,-90,17.96,10.00,10.00,'2024-01-29',-90.00,'21:06:16',1.00,512,'001240129711',100.00,0.00,1,NULL,'2024-01-29','sale','bill'),(1,'2',8,'cash',100.00,0.00,-3,17.96,97.00,97.00,'2024-01-29',-3.00,'21:11:14',1.00,513,'001240129811',100.00,0.00,1,NULL,'2024-01-29','sale','bill'),(1,'2',9,'momo',7.00,0.00,0,1.25,6.65,6.65,'2024-01-29',-0.35,'21:11:55',1.00,514,'001240129911',7.00,0.00,1,NULL,'2024-01-29','sale','bill'),(1,'2',10,'cash',154.61,0.00,0,0.00,154.61,154.61,'2024-01-29',0.00,'21:12:29',5.00,515,'0012401291011',0.00,154.61,1,NULL,'2024-01-29','sale','bill'),(1,'2',11,'cash',-3.07,0.00,0,0.00,-3.07,-3.07,'2024-01-29',0.00,'21:14:53',-1.00,516,'0012401291111',0.00,-3.07,1,'0012401291011','2024-01-29','refund','bill'),(1,'2',12,'cash',86.49,0.00,0,0.00,86.49,86.49,'2024-01-29',0.00,'21:17:27',3.00,517,'0012401291211',0.00,86.49,1,NULL,'2024-01-29','sale','bill'),(1,'2',13,'cash',14.00,0.00,0,2.51,14.00,14.00,'2024-01-29',0.00,'06:35:28',3.00,518,'0012401291311',14.00,0.00,1,NULL,'2024-01-30','sale','bill'),(1,'2',14,'cash',511.00,0.00,0,91.80,511.00,511.00,'2024-01-29',0.00,'03:47:12',3.00,519,'0012401291411',511.00,0.00,1,NULL,'2024-02-07','sale','bill'),(1,'2',15,'cash',24.00,0.00,0,4.30,24.00,24.00,'2024-01-29',0.00,'03:58:41',3.00,520,'0012401291511',24.00,0.00,1,NULL,'2024-02-07','sale','bill'),(1,'2',16,'cash',500.00,0.00,0,89.82,500.00,500.00,'2024-01-29',0.00,'08:57:13',1.00,521,'0012401291611',500.00,0.00,1,NULL,'2024-02-11','sale','bill'),(1,'2',17,'cash',500.00,0.00,0,89.82,500.00,500.00,'2024-01-29',0.00,'09:09:03',1.00,522,'0012401291711',500.00,0.00,1,NULL,'2024-02-11','sale','bill'),(1,'2',18,'cash',500.00,0.00,0,89.82,500.00,500.00,'2024-01-29',0.00,'09:14:12',1.00,523,'0012401291811',500.00,0.00,1,NULL,'2024-02-11','sale','bill'),(1,'2',19,'cash',500.00,0.00,0,89.82,500.00,500.00,'2024-01-29',0.00,'09:15:44',1.00,524,'0012401291911',500.00,0.00,1,NULL,'2024-02-11','sale','bill'),(1,'2',20,'cash',500.00,0.00,0,89.82,500.00,500.00,'2024-01-29',0.00,'09:19:47',1.00,525,'0012401292011',500.00,0.00,1,NULL,'2024-02-11','sale','bill'),(1,'2',21,'cash',500.00,0.00,0,89.82,500.00,500.00,'2024-01-29',0.00,'09:21:51',1.00,526,'0012401292111',500.00,0.00,1,NULL,'2024-02-11','sale','bill'),(1,'2',22,'cash',1000.00,0.00,0,179.64,1000.00,1000.00,'2024-01-29',0.00,'13:47:56',2.00,527,'0012401292211',1000.00,0.00,1,NULL,'2024-02-11','sale','bill'),(1,'2',23,'cash',100.00,0.00,0,0.00,100.00,100.00,'2024-01-29',0.00,'11:13:10',1.00,528,'0012401292311',0.00,100.00,1,NULL,'2024-02-13','sale','bill'),(1,'2',24,'credit',100.00,0.00,0,0.00,100.00,100.00,'2024-01-29',0.00,'11:14:01',1.00,529,'0012401292411',0.00,100.00,1,NULL,'2024-02-13','sale','CO2'),(1,'2',25,'cash',100.00,0.00,-3,0.00,97.00,97.00,'2024-01-29',-3.00,'11:17:00',1.00,530,'0012401292511',0.00,100.00,1,NULL,'2024-02-13','sale','bill'),(1,'2',26,'cash',500.00,0.00,0,89.82,500.00,500.00,'2024-01-29',0.00,'03:49:57',1.00,531,'0012401292611',500.00,0.00,1,NULL,'2024-02-14','sale','bill'),(1,'2',27,'cash',500.00,0.00,0,89.82,500.00,500.00,'2024-01-29',0.00,'18:32:09',1.00,532,'0012401292711',500.00,0.00,1,NULL,'2024-02-14','sale','bill'),(1,'2',28,'cash',500.00,0.00,0,89.82,500.00,500.00,'2024-01-29',0.00,'09:37:37',1.00,533,'0012401292811',500.00,0.00,1,NULL,'2024-02-15','sale','bill');
/*!40000 ALTER TABLE `history_header` ENABLE KEYS */;
UNLOCK TABLES;

--
-- Table structure for table `history_tax_tran`
--

DROP TABLE IF EXISTS `history_tax_tran`;
/*!40101 SET @saved_cs_client     = @@character_set_client */;
/*!50503 SET character_set_client = utf8mb4 */;
CREATE TABLE `history_tax_tran` (
  `id` int NOT NULL DEFAULT '0',
  `bill_date` date NOT NULL,
  `clerk_code` int NOT NULL,
  `mech_no` int NOT NULL,
  `bill_no` int NOT NULL,
  `tran_code` int NOT NULL,
  `tran_qty` int NOT NULL,
  `taxableAmt` decimal(10,2) DEFAULT (0.00),
  `tax_code` varchar(3) NOT NULL,
  `tax_amt` decimal(10,2) DEFAULT (0.00),
  `billRef` text,
  `shift` int NOT NULL
) ENGINE=InnoDB DEFAULT CHARSET=utf8mb4 COLLATE=utf8mb4_0900_ai_ci;
/*!40101 SET character_set_client = @saved_cs_client */;

--
-- Dumping data for table `history_tax_tran`
--

LOCK TABLES `history_tax_tran` WRITE;
/*!40000 ALTER TABLE `history_tax_tran` DISABLE KEYS */;
/*!40000 ALTER TABLE `history_tax_tran` ENABLE KEYS */;
UNLOCK TABLES;

--
-- Table structure for table `history_trans`
--

DROP TABLE IF EXISTS `history_trans`;
/*!40101 SET @saved_cs_client     = @@character_set_client */;
/*!50503 SET character_set_client = utf8mb4 */;
CREATE TABLE `history_trans` (
  `id` int NOT NULL DEFAULT '0' COMMENT 'BILL NUMBER',
  `mach` int DEFAULT NULL COMMENT 'machine number',
  `clerk` text,
  `bill_number` int NOT NULL,
  `item_barcode` text NOT NULL,
  `trans_type` text NOT NULL COMMENT 'Transaction Type',
  `retail_price` decimal(10,2) DEFAULT NULL COMMENT 'Value of transaction',
  `date_added` date DEFAULT (curdate()),
  `time_added` time DEFAULT (curtime()),
  `item_qty` decimal(10,2) DEFAULT '0.00',
  `tax_amt` decimal(10,2) DEFAULT '0.00',
  `bill_amt` decimal(10,2) DEFAULT '0.00',
  `item_desc` varchar(255) DEFAULT NULL,
  `tax_grp` varchar(255) DEFAULT 'NULL',
  `tran_type` char(2) DEFAULT NULL,
  `tax_rate` int DEFAULT NULL,
  `selected` int DEFAULT '0',
  `billRef` text,
  `gfund` decimal(10,2) DEFAULT (0.00),
  `nhis` decimal(10,2) DEFAULT (0.00),
  `covid` decimal(10,2) DEFAULT (0.00),
  `vat` decimal(10,2) DEFAULT (0.00),
  `tax_code` text,
  `shift` int NOT NULL,
  `loyalty_points` decimal(10,2) DEFAULT (0.00),
  `discount` decimal(10,2) DEFAULT (0.00),
  `discount_rate` decimal(10,2) DEFAULT (0.00),
  `old_bill_ref` text,
  `sales_date` date DEFAULT (curdate()),
  `sales_time` date DEFAULT (curtime())
) ENGINE=InnoDB DEFAULT CHARSET=utf8mb4 COLLATE=utf8mb4_0900_ai_ci;
/*!40101 SET character_set_client = @saved_cs_client */;

--
-- Dumping data for table `history_trans`
--

LOCK TABLES `history_trans` WRITE;
/*!40000 ALTER TABLE `history_trans` DISABLE KEYS */;
INSERT INTO `history_trans` VALUES (839,1,'411',1,'6033000340085','i',1.00,'2023-12-13','07:48:03',1.00,0.13,1.00,'STORM ENERGY LG','YES','SS',0,0,'001231213111',0.02,0.02,0.01,0.13,'YES',1,0.00,0.00,0.00,NULL,'2023-12-13','2023-12-13'),(840,1,'411',2,'6033000340085','i',1.00,'2023-12-13','07:49:12',1.00,0.13,1.00,'STORM ENERGY LG','YES','SS',0,0,'001231213211',0.02,0.02,0.01,0.13,'YES',1,0.00,0.00,0.00,NULL,'2023-12-13','2023-12-13'),(842,1,'411',3,'6033000340085','i',1.00,'2023-12-13','07:55:17',1.00,0.13,1.00,'STORM ENERGY LG','YES','SS',0,1,'001231213311',0.02,0.02,0.01,0.13,'YES',1,0.00,0.00,0.00,NULL,'2023-12-13','2023-12-13'),(843,1,'411',3,'8364937486','i',10.00,'2023-12-13','07:55:23',1.00,1.30,10.00,'JOY COLA','YES','SS',0,1,'001231213311',0.21,0.21,0.08,1.30,'YES',1,0.00,0.00,0.00,NULL,'2023-12-13','2023-12-13'),(846,1,'411',4,'6033000340085','i',1.00,'2023-12-13','08:20:07',1.00,0.13,1.00,'STORM ENERGY LG','YES','SS',0,0,'001231213411',0.02,0.02,0.01,0.13,'YES',1,0.00,0.00,0.00,NULL,'2023-12-13','2023-12-13'),(851,1,'411',5,'6033000340085','i',1.00,'2023-12-13','11:25:13',1.00,0.13,1.00,'STORM ENERGY LG','YES','SS',0,0,'001231213511',0.02,0.02,0.01,0.13,'YES',1,0.00,0.00,0.00,NULL,'2023-12-13','2023-12-13'),(852,1,'411',6,'6033000340085','i',1.00,'2023-12-13','11:25:53',1.00,0.13,1.00,'STORM ENERGY LG','YES','SS',0,0,'001231213611',0.02,0.02,0.01,0.13,'YES',1,0.00,0.00,0.00,NULL,'2023-12-13','2023-12-13'),(853,1,'2',6,'9000000001','D',NULL,'2023-12-13','11:26:35',1.00,0.00,0.00,'LOYALTY','NULL','L',NULL,0,'001231213611',0.00,0.00,0.00,0.00,NULL,1,-20.00,-1.00,0.00,NULL,'2023-12-13','2023-12-13'),(854,1,'411',7,'6033000340085','i',1.00,'2023-12-13','18:40:44',1.00,0.13,1.00,'STORM ENERGY LG','YES','SS',0,0,'001231213711',0.02,0.02,0.01,0.13,'YES',1,0.00,0.00,0.00,NULL,'2023-12-13','2023-12-13'),(855,1,'411',1,'6033000340085','i',1.00,'2023-12-14','12:36:55',1.00,0.13,1.00,'STORM ENERGY LG','YES','SS',0,0,'001231214111',0.02,0.02,0.01,0.13,'YES',1,0.00,0.00,0.00,NULL,'2023-12-14','2023-12-14'),(857,1,'411',1,'6033000340085','i',1.00,'2023-12-14','21:42:09',1.00,0.13,1.00,'STORM ENERGY LG','YES','SS',0,0,'001231214121',0.02,0.02,0.01,0.13,'YES',2,0.00,0.00,0.00,NULL,'2023-12-14','2023-12-14'),(858,1,'411',2,'6034000181036','i',500.00,'2023-12-14','21:43:40',1.00,65.22,500.00,'BEL-AQUA SMALL','YES','SS',0,0,'001231214221',10.25,10.25,4.10,65.22,'YES',2,0.00,0.00,0.00,NULL,'2023-12-14','2023-12-14'),(857,1,'411',1,'6033000340085','i',1.00,'2023-12-14','21:42:09',1.00,0.13,1.00,'STORM ENERGY LG','YES','SS',0,0,'001231214121',0.02,0.02,0.01,0.13,'YES',2,0.00,0.00,0.00,NULL,'2023-12-14','2023-12-14'),(858,1,'411',2,'6034000181036','i',500.00,'2023-12-14','21:43:40',1.00,65.22,500.00,'BEL-AQUA SMALL','YES','SS',0,0,'001231214221',10.25,10.25,4.10,65.22,'YES',2,0.00,0.00,0.00,NULL,'2023-12-14','2023-12-14'),(859,1,'411',1,'5411188110835','i',36.99,'2023-12-21','05:32:09',1.00,0.00,36.99,'Alpro Soya Almond Drink 1Ltr','NO','SS',0,0,'001231221111',0.00,0.00,0.00,0.00,'NO',1,0.00,0.00,0.00,NULL,'2023-12-21','2023-12-21'),(860,1,'411',1,'5760466959254','i',29.28,'2023-12-21','05:32:18',1.00,0.00,29.28,'Arl.Milk Powder 400Gm','NO','SS',0,0,'001231221111',0.00,0.00,0.00,0.00,'NO',1,0.00,0.00,0.00,NULL,'2023-12-21','2023-12-21'),(861,1,'411',1,'6034000180107','i',4.10,'2023-12-21','05:32:22',1.00,0.00,4.10,'Beta Malt-330ML','NO','SS',0,0,'001231221111',0.00,0.00,0.00,0.00,'NO',1,0.00,0.00,0.00,NULL,'2023-12-21','2023-12-21'),(857,1,'411',1,'6033000340085','i',1.00,'2023-12-14','21:42:09',1.00,0.13,1.00,'STORM ENERGY LG','YES','SS',0,0,'001231214121',0.02,0.02,0.01,0.13,'YES',2,0.00,0.00,0.00,NULL,'2023-12-14','2023-12-14'),(858,1,'411',2,'6034000181036','i',500.00,'2023-12-14','21:43:40',1.00,65.22,500.00,'BEL-AQUA SMALL','YES','SS',0,0,'001231214221',10.25,10.25,4.10,65.22,'YES',2,0.00,0.00,0.00,NULL,'2023-12-14','2023-12-14'),(862,1,'411',1,'6034000181036','i',500.00,'2023-12-23','07:36:54',1.00,65.22,500.00,'BEL-AQUA SMALL','YES','SS',0,0,'001231223111',10.25,10.25,4.10,65.22,'YES',1,0.00,0.00,0.00,NULL,'2023-12-23','2023-12-23'),(863,1,'411',1,'5411188110835','i',36.99,'2024-01-07','11:57:23',1.00,0.00,36.99,'Alpro Soya Almond Drink 1Ltr','NO','SS',0,0,'001240107111',0.00,0.00,0.00,0.00,'NO',1,0.00,0.00,0.00,NULL,'2024-01-07','2024-01-07'),(864,2,'411',1,'8859349202086','i',7.70,'2024-01-07','12:21:56',1.00,0.00,7.70,'ABEVIA EVAPORATED MILK 170G','NO','SS',0,0,'001240107112',0.00,0.00,0.00,0.00,'NO',1,0.00,0.00,0.00,NULL,'2024-01-07','2024-01-07'),(865,2,'411',2,'6033000340085','i',1.00,'2024-01-07','12:36:00',1.00,0.13,1.00,'STORM ENERGY LG','YES','SS',0,0,'001240107212',0.02,0.02,0.01,0.13,'YES',1,0.00,0.00,0.00,NULL,'2024-01-07','2024-01-07'),(864,2,'411',1,'8859349202086','i',7.70,'2024-01-07','12:21:56',1.00,0.00,7.70,'ABEVIA EVAPORATED MILK 170G','NO','SS',0,0,'001240107112',0.00,0.00,0.00,0.00,'NO',1,0.00,0.00,0.00,NULL,'2024-01-07','2024-01-07'),(865,2,'411',2,'6033000340085','i',1.00,'2024-01-07','12:36:00',1.00,0.13,1.00,'STORM ENERGY LG','YES','SS',0,0,'001240107212',0.02,0.02,0.01,0.13,'YES',1,0.00,0.00,0.00,NULL,'2024-01-07','2024-01-07'),(866,1,'411',1,'6033000340085','i',1.00,'2024-01-07','18:06:19',1.00,0.13,1.00,'STORM ENERGY LG','YES','SS',0,0,'001240107121',0.02,0.02,0.01,0.13,'YES',2,0.00,0.00,0.00,NULL,'2024-01-07','2024-01-07'),(867,1,'411',2,'6033000340085','i',1.00,'2024-01-07','18:06:37',1.00,0.13,1.00,'STORM ENERGY LG','YES','SS',0,0,'001240107221',0.02,0.02,0.01,0.13,'YES',2,0.00,0.00,0.00,NULL,'2024-01-07','2024-01-07'),(868,1,'411',3,'8859349202086','i',7.70,'2024-01-07','05:31:13',1.00,0.00,7.70,'ABEVIA EVAPORATED MILK 170G','NO','SS',0,0,'001240107321',0.00,0.00,0.00,0.00,'NO',2,0.00,0.00,0.00,NULL,'2024-01-09','2024-01-09'),(869,1,'411',4,'5411188110835','i',36.99,'2024-01-07','05:31:23',1.00,0.00,36.99,'Alpro Soya Almond Drink 1Ltr','NO','SS',0,0,'001240107421',0.00,0.00,0.00,0.00,'NO',2,0.00,0.00,0.00,NULL,'2024-01-09','2024-01-09'),(870,1,'411',5,'54646467564','i',7.00,'2024-01-07','05:31:55',1.00,0.00,7.00,'ORANGE','YES','SS',0,0,'001240107521',0.14,0.14,0.06,0.91,'YES',2,0.00,0.00,0.00,NULL,'2024-01-09','2024-01-09'),(871,1,'411',6,'0987654321','i',100.00,'2024-01-07','05:32:13',1.00,0.00,100.00,'GAUVA JUICE','NO','SS',0,0,'001240107621',0.00,0.00,0.00,0.00,'NO',2,0.00,0.00,0.00,NULL,'2024-01-09','2024-01-09'),(872,1,'411',7,'6034000181036','i',500.00,'2024-01-07','05:58:59',1.00,65.22,500.00,'BEL-AQUA SMALL','YES','SS',0,0,'001240107721',10.25,10.25,4.10,65.22,'YES',2,0.00,0.00,0.00,NULL,'2024-01-09','2024-01-09'),(877,1,'411',0,'8859349202086','i',7.70,'2024-01-07','07:02:58',1.00,0.00,7.70,'ABEVIA EVAPORATED MILK 170G','NO','SS',0,0,'001240107821',0.00,0.00,0.00,0.00,'NO',2,0.00,0.00,0.00,NULL,'2024-01-09','2024-01-09'),(878,1,'411',0,'8859349202086','i',7.70,'2024-01-07','07:32:49',1.00,0.00,7.70,'ABEVIA EVAPORATED MILK 170G','NO','SS',0,0,'001240107921',0.00,0.00,0.00,0.00,'NO',2,0.00,0.00,0.00,NULL,'2024-01-09','2024-01-09'),(879,1,'411',0,'6033000340085','i',1.00,'2024-01-07','07:33:38',1.00,0.13,1.00,'STORM ENERGY LG','YES','SS',0,0,'0012401071021',0.02,0.02,0.01,0.13,'YES',2,0.00,0.00,0.00,NULL,'2024-01-09','2024-01-09'),(880,1,'411',0,'8364937486','i',10.00,'2024-01-07','07:33:54',1.00,1.30,10.00,'JOY COLA','YES','SS',0,0,'0012401071121',0.21,0.21,0.08,1.30,'YES',2,0.00,0.00,0.00,NULL,'2024-01-09','2024-01-09'),(881,1,'411',0,'6034000181036','i',500.00,'2024-01-07','07:34:00',1.00,65.22,500.00,'BEL-AQUA SMALL','YES','SS',0,0,'0012401071121',10.25,10.25,4.10,65.22,'YES',2,0.00,0.00,0.00,NULL,'2024-01-09','2024-01-09'),(882,1,'411',0,'6033000340085','i',1.00,'2024-01-07','07:34:04',1.00,0.13,1.00,'STORM ENERGY LG','YES','SS',0,0,'0012401071121',0.02,0.02,0.01,0.13,'YES',2,0.00,0.00,0.00,NULL,'2024-01-09','2024-01-09'),(883,1,'411',0,'8364937486','i',10.00,'2024-01-07','07:34:21',1.00,1.30,10.00,'JOY COLA','YES','SS',0,0,'0012401071221',0.21,0.21,0.08,1.30,'YES',2,0.00,0.00,0.00,NULL,'2024-01-09','2024-01-09'),(884,1,'411',0,'8859349202086','i',7.70,'2024-01-07','09:27:53',1.00,0.00,7.70,'ABEVIA EVAPORATED MILK 170G','NO','SS',0,0,'0012401071321',0.00,0.00,0.00,0.00,'NO',2,0.00,0.00,0.00,NULL,'2024-01-09','2024-01-09'),(885,1,'411',0,'6033000340085','i',1.00,'2024-01-07','09:28:09',1.00,0.13,1.00,'STORM ENERGY LG','YES','SS',0,0,'0012401071321',0.02,0.02,0.01,0.13,'YES',2,0.00,0.00,0.00,NULL,'2024-01-09','2024-01-09'),(886,1,'411',0,'6033000340085','i',1.00,'2024-01-07','09:28:21',1.00,0.13,1.00,'STORM ENERGY LG','YES','SS',0,0,'0012401071421',0.02,0.02,0.01,0.13,'YES',2,0.00,0.00,0.00,NULL,'2024-01-09','2024-01-09'),(887,1,'411',0,'54646467564','i',7.00,'2024-01-07','12:49:28',1.00,0.00,7.00,'ORANGE','YES','SS',0,0,'0012401071521',0.14,0.14,0.06,0.91,'YES',2,0.00,0.00,0.00,NULL,'2024-01-09','2024-01-09'),(888,1,'411',0,'62905398','i',3.07,'2024-01-07','12:49:39',1.00,0.00,3.07,'Cool Sun A/S 200ml','NO','SS',0,0,'0012401071621',0.00,0.00,0.00,0.00,'NO',2,0.00,0.00,0.00,NULL,'2024-01-09','2024-01-09'),(889,1,'411',0,'6008155000108','i',69.70,'2024-01-07','12:49:45',1.00,0.00,69.70,'COWBELL PREMIUM SACHET 360G','NO','SS',0,0,'0012401071621',0.00,0.00,0.00,0.00,'NO',2,0.00,0.00,0.00,NULL,'2024-01-09','2024-01-09'),(890,1,'411',0,'8690558010037','i',36.30,'2024-01-07','12:49:50',1.00,0.00,36.30,'Dimes Apple Juice 1L','NO','SS',0,0,'0012401071621',0.00,0.00,0.00,0.00,'NO',2,0.00,0.00,0.00,NULL,'2024-01-09','2024-01-09'),(891,1,'411',0,'5411188543398','i',34.85,'2024-01-07','12:50:39',1.00,0.00,34.85,'Alpro Soya Drink(Unsweetened) 1ltr','NO','SS',0,0,'0012401071721',0.00,0.00,0.00,0.00,'NO',2,0.00,0.00,0.00,NULL,'2024-01-09','2024-01-09'),(892,1,'411',0,'8859349202086','i',7.70,'2024-01-07','20:20:51',1.00,0.00,7.70,'ABEVIA EVAPORATED MILK 170G','NO','SS',0,0,'0012401071821',0.00,0.00,0.00,0.00,'NO',2,0.00,0.00,0.00,NULL,'2024-01-15','2024-01-15'),(893,1,'411',0,'8364937486','i',10.00,'2024-01-07','20:22:58',1.00,1.30,10.00,'JOY COLA','YES','SS',0,0,'0012401071921',0.21,0.21,0.08,1.30,'YES',2,0.00,0.00,0.00,NULL,'2024-01-15','2024-01-15'),(894,1,'411',0,'6033000340085','i',1.00,'2024-01-07','20:56:15',1.00,0.13,1.00,'STORM ENERGY LG','YES','SS',0,0,'0012401072021',0.02,0.02,0.01,0.13,'YES',2,0.00,0.00,0.00,NULL,'2024-01-15','2024-01-15'),(895,1,'411',0,'6033000340085','i',1.00,'2024-01-07','20:56:41',1.00,0.13,1.00,'STORM ENERGY LG','YES','SS',0,0,'0012401072121',0.02,0.02,0.01,0.13,'YES',2,0.00,0.00,0.00,NULL,'2024-01-15','2024-01-15'),(896,1,'411',0,'6033000340085','i',1.00,'2024-01-07','20:57:06',1.00,0.13,1.00,'STORM ENERGY LG','YES','SS',0,0,'0012401072221',0.02,0.02,0.01,0.13,'YES',2,0.00,0.00,0.00,NULL,'2024-01-15','2024-01-15'),(897,1,'411',0,'6033000340085','i',1.00,'2024-01-07','20:57:41',1.00,0.13,1.00,'STORM ENERGY LG','YES','SS',0,0,'0012401072321',0.02,0.02,0.01,0.13,'YES',2,0.00,0.00,0.00,NULL,'2024-01-15','2024-01-15'),(898,1,'411',0,'6033000340085','i',1.00,'2024-01-07','20:58:31',1.00,0.13,1.00,'STORM ENERGY LG','YES','SS',0,0,'0012401072421',0.02,0.02,0.01,0.13,'YES',2,0.00,0.00,0.00,NULL,'2024-01-15','2024-01-15'),(899,1,'411',0,'6033000340085','i',1.00,'2024-01-07','20:59:09',1.00,0.13,1.00,'STORM ENERGY LG','YES','SS',0,0,'0012401072521',0.02,0.02,0.01,0.13,'YES',2,0.00,0.00,0.00,NULL,'2024-01-15','2024-01-15'),(900,1,'411',0,'6033000340085','i',1.00,'2024-01-07','21:00:34',1.00,0.13,1.00,'STORM ENERGY LG','YES','SS',0,0,'0012401072621',0.02,0.02,0.01,0.13,'YES',2,0.00,0.00,0.00,NULL,'2024-01-15','2024-01-15'),(901,1,'411',0,'6033000340085','i',1.00,'2024-01-07','21:06:52',1.00,0.13,1.00,'STORM ENERGY LG','YES','SS',0,0,'0012401072721',0.02,0.02,0.01,0.13,'YES',2,0.00,0.00,0.00,NULL,'2024-01-15','2024-01-15'),(902,1,'411',0,'0987654321','i',100.00,'2024-01-07','21:06:59',1.00,0.00,100.00,'GAUVA JUICE','NO','SS',0,0,'0012401072721',0.00,0.00,0.00,0.00,'NO',2,0.00,0.00,0.00,NULL,'2024-01-15','2024-01-15'),(903,1,'411',0,'0987654321','i',100.00,'2024-01-07','21:08:36',1.00,0.00,100.00,'GAUVA JUICE','NO','SS',0,0,'0012401072821',0.00,0.00,0.00,0.00,'NO',2,0.00,0.00,0.00,NULL,'2024-01-15','2024-01-15'),(904,1,'411',0,'0987654321','i',100.00,'2024-01-07','21:09:05',1.00,0.00,100.00,'GAUVA JUICE','NO','SS',0,0,'0012401072921',0.00,0.00,0.00,0.00,'NO',2,0.00,0.00,0.00,NULL,'2024-01-15','2024-01-15'),(905,1,'411',0,'0987654321','i',100.00,'2024-01-07','21:09:34',1.00,0.00,100.00,'GAUVA JUICE','NO','SS',0,0,'0012401073021',0.00,0.00,0.00,0.00,'NO',2,0.00,0.00,0.00,NULL,'2024-01-15','2024-01-15'),(906,1,'411',0,'0987654321','i',100.00,'2024-01-07','21:10:00',1.00,0.00,100.00,'GAUVA JUICE','NO','SS',0,0,'0012401073121',0.00,0.00,0.00,0.00,'NO',2,0.00,0.00,0.00,NULL,'2024-01-15','2024-01-15'),(907,1,'411',0,'0987654321','i',100.00,'2024-01-07','21:10:26',1.00,0.00,100.00,'GAUVA JUICE','NO','SS',0,0,'0012401073221',0.00,0.00,0.00,0.00,'NO',2,0.00,0.00,0.00,NULL,'2024-01-15','2024-01-15'),(908,1,'411',0,'6034000181036','i',500.00,'2024-01-07','21:13:53',1.00,65.22,500.00,'BEL-AQUA SMALL','YES','SS',0,0,'0012401073321',10.25,10.25,4.10,65.22,'YES',2,0.00,0.00,0.00,NULL,'2024-01-15','2024-01-15'),(909,1,'411',0,'8364937486','i',10.00,'2024-01-07','21:13:57',1.00,1.30,10.00,'JOY COLA','YES','SS',0,0,'0012401073321',0.21,0.21,0.08,1.30,'YES',2,0.00,0.00,0.00,NULL,'2024-01-15','2024-01-15'),(910,1,'411',0,'6033000340085','i',1.00,'2024-01-07','21:14:02',1.00,0.13,1.00,'STORM ENERGY LG','YES','SS',0,0,'0012401073321',0.02,0.02,0.01,0.13,'YES',2,0.00,0.00,0.00,NULL,'2024-01-15','2024-01-15'),(922,1,'Demo User',0,'6033000340085','i',1.00,'2024-01-07','05:40:24',1.00,0.13,1.00,'STORM ENERGY LG','YES','SS',0,0,'0012401073421',0.02,0.02,0.01,0.13,'YES',2,0.00,0.00,0.00,NULL,'2024-01-16','2024-01-16'),(928,1,'411',0,'6034000181036','i',500.00,'2024-01-07','05:58:18',1.00,65.22,500.00,'BEL-AQUA SMALL','YES','SS',0,0,'0012401073521',10.25,10.25,4.10,65.22,'YES',2,0.00,0.00,0.00,NULL,'2024-01-16','2024-01-16'),(929,1,'411',0,'0987654321','i',100.00,'2024-01-07','06:17:54',1.00,0.00,100.00,'GAUVA JUICE','NO','SS',0,0,'0012401073621',0.00,0.00,0.00,0.00,'NO',2,0.00,0.00,0.00,NULL,'2024-01-16','2024-01-16'),(930,1,'2',36,'9000000001','D',NULL,'2024-01-16','06:18:55',1.00,0.00,0.00,'LOYALTY','NULL','L',NULL,0,'0012401073621',0.00,0.00,0.00,0.00,NULL,2,-2000.00,-100.00,0.00,NULL,'2024-01-16','2024-01-16'),(931,1,'411',0,'6033000340085','i',1.00,'2024-01-07','16:17:44',1.00,0.13,1.00,'STORM ENERGY LG','YES','SS',0,0,'0012401073721',0.02,0.02,0.01,0.13,'YES',2,0.00,0.00,0.00,NULL,'2024-01-17','2024-01-17'),(932,1,'411',0,'8364937486','i',10.00,'2024-01-07','16:23:55',1.00,1.30,10.00,'JOY COLA','YES','SS',0,0,'0012401073821',0.21,0.21,0.08,1.30,'YES',2,0.00,0.00,0.00,NULL,'2024-01-17','2024-01-17'),(933,1,'411',0,'6033000340085','i',1.00,'2024-01-07','16:24:03',1.00,0.13,1.00,'STORM ENERGY LG','YES','SS',0,0,'0012401073921',0.02,0.02,0.01,0.13,'YES',2,0.00,0.00,0.00,NULL,'2024-01-17','2024-01-17'),(934,1,'411',0,'8364937486','i',10.00,'2024-01-07','16:24:10',1.00,1.30,10.00,'JOY COLA','YES','SS',0,0,'0012401074021',0.21,0.21,0.08,1.30,'YES',2,0.00,0.00,0.00,NULL,'2024-01-17','2024-01-17'),(935,1,'411',0,'6033000340085','i',1.00,'2024-01-07','16:26:51',1.00,0.13,1.00,'STORM ENERGY LG','YES','SS',0,0,'0012401074121',0.02,0.02,0.01,0.13,'YES',2,0.00,0.00,0.00,NULL,'2024-01-17','2024-01-17'),(936,1,'411',0,'6033000340085','i',1.00,'2024-01-07','16:30:07',1.00,0.13,1.00,'STORM ENERGY LG','YES','SS',0,0,'0012401074221',0.02,0.02,0.01,0.13,'YES',2,0.00,0.00,0.00,NULL,'2024-01-17','2024-01-17'),(937,1,'411',0,'6033000340085','i',1.00,'2024-01-07','16:30:33',1.00,0.13,1.00,'STORM ENERGY LG','YES','SS',0,0,'0012401074321',0.02,0.02,0.01,0.13,'YES',2,0.00,0.00,0.00,NULL,'2024-01-17','2024-01-17'),(938,1,'411',0,'6033000340085','i',1.00,'2024-01-07','16:34:56',1.00,0.13,1.00,'STORM ENERGY LG','YES','SS',0,0,'0012401074421',0.02,0.02,0.01,0.13,'YES',2,0.00,0.00,0.00,NULL,'2024-01-17','2024-01-17'),(939,1,'411',0,'6033000340085','i',1.00,'2024-01-07','16:39:52',1.00,0.13,1.00,'STORM ENERGY LG','YES','SS',0,0,'0012401074421',0.02,0.02,0.01,0.13,'YES',2,0.00,0.00,0.00,NULL,'2024-01-17','2024-01-17'),(940,1,'411',0,'6033000340085','i',1.00,'2024-01-07','16:40:07',1.00,0.13,1.00,'STORM ENERGY LG','YES','SS',0,0,'0012401074521',0.02,0.02,0.01,0.13,'YES',2,0.00,0.00,0.00,NULL,'2024-01-17','2024-01-17'),(941,1,'411',0,'6033000340085','i',1.00,'2024-01-07','16:48:56',1.00,0.13,1.00,'STORM ENERGY LG','YES','SS',0,0,'0012401074621',0.02,0.02,0.01,0.13,'YES',2,0.00,0.00,0.00,NULL,'2024-01-17','2024-01-17'),(942,1,'2',46,'9000000001','D',NULL,'2024-01-17','16:49:27',1.00,0.00,0.00,'LOYALTY','NULL','L',NULL,0,'0012401074621',0.00,0.00,0.00,0.00,NULL,2,-20.00,-1.00,0.00,NULL,'2024-01-17','2024-01-17'),(943,1,'411',0,'6033000340085','i',1.00,'2024-01-07','16:50:13',1.00,0.13,1.00,'STORM ENERGY LG','YES','SS',0,0,'0012401074721',0.02,0.02,0.01,0.13,'YES',2,0.00,0.00,0.00,NULL,'2024-01-17','2024-01-17'),(944,1,'411',0,'DICOUNT','D',NULL,'2024-01-07','16:50:22',0.00,0.00,0.00,'DISCOUNT','NULL','D',NULL,0,'billRef',0.00,0.00,0.00,0.00,NULL,2,0.00,0.00,3.00,NULL,'2024-01-17','2024-01-17'),(945,1,'411',47,'DICOUNT','D',NULL,'2024-01-07','17:00:00',0.00,0.00,0.00,'DISCOUNT','NULL','D',NULL,0,'0012401074721',0.00,0.00,0.00,0.00,NULL,2,0.00,0.00,3.00,NULL,'2024-01-17','2024-01-17'),(946,1,'411',0,'6034000181036','i',500.00,'2024-01-07','06:22:42',1.00,65.22,500.00,'BEL-AQUA SMALL','YES','SS',0,0,'0012401074821',10.25,10.25,4.10,65.22,'YES',2,0.00,0.00,0.00,NULL,'2024-01-19','2024-01-19'),(947,1,'411',0,'8364937486','i',10.00,'2024-01-07','06:25:43',1.00,1.30,10.00,'JOY COLA','YES','SS',0,0,'0012401074921',0.21,0.21,0.08,1.30,'YES',2,0.00,0.00,0.00,NULL,'2024-01-19','2024-01-19'),(948,1,'411',0,'54646467564','i',7.00,'2024-01-07','06:27:31',1.00,0.00,7.00,'ORANGE','YES','SS',0,0,'0012401075021',0.14,0.14,0.06,0.91,'YES',2,0.00,0.00,0.00,NULL,'2024-01-19','2024-01-19'),(949,1,'411',0,'6033000340085','i',1.00,'2024-01-07','06:36:17',1.00,0.13,1.00,'STORM ENERGY LG','YES','SS',0,0,'0012401075121',0.02,0.02,0.01,0.13,'YES',2,0.00,0.00,0.00,NULL,'2024-01-19','2024-01-19'),(950,1,'411',0,'54646467564','i',7.00,'2024-01-07','06:37:21',1.00,0.00,7.00,'ORANGE','YES','SS',0,0,'0012401075221',0.14,0.14,0.06,0.91,'YES',2,0.00,0.00,0.00,NULL,'2024-01-19','2024-01-19'),(951,1,'411',0,'6034000181036','i',500.00,'2024-01-07','06:37:30',1.00,65.22,500.00,'BEL-AQUA SMALL','YES','SS',0,0,'0012401075221',10.25,10.25,4.10,65.22,'YES',2,0.00,0.00,0.00,NULL,'2024-01-19','2024-01-19'),(952,1,'411',0,'6033000340085','i',1.00,'2024-01-07','06:37:34',1.00,0.13,1.00,'STORM ENERGY LG','YES','SS',0,0,'0012401075221',0.02,0.02,0.01,0.13,'YES',2,0.00,0.00,0.00,NULL,'2024-01-19','2024-01-19'),(953,1,'411',0,'6034000351187','i',3.00,'2024-01-07','06:37:42',1.00,0.00,3.00,'Big Boss Energy Drink 350ML','NO','SS',0,0,'0012401075221',0.00,0.00,0.00,0.00,'NO',2,0.00,0.00,0.00,NULL,'2024-01-19','2024-01-19'),(954,1,'411',0,'6033000084415','i',7.50,'2024-01-07','06:37:47',1.00,0.00,7.50,'CARNATION TEA CREAMER 160g','NO','SS',0,0,'0012401075221',0.00,0.00,0.00,0.00,'NO',2,0.00,0.00,0.00,NULL,'2024-01-19','2024-01-19'),(955,1,'411',0,'5711953075858','i',1.76,'2024-01-07','06:37:54',1.00,0.00,1.76,'DANO CHOCOLATE FLAV MILK POWDER 40Gm','NO','SS',0,0,'0012401075221',0.00,0.00,0.00,0.00,'NO',2,0.00,0.00,0.00,NULL,'2024-01-19','2024-01-19'),(956,1,'411',0,'8690558029848','i',16.10,'2024-01-07','06:38:04',1.00,0.00,16.10,'Dimes Pre Cloudy Apple 1Ltr','NO','SS',0,0,'0012401075221',0.00,0.00,0.00,0.00,'NO',2,0.00,0.00,0.00,NULL,'2024-01-19','2024-01-19'),(957,1,'411',0,'6034000180107','i',4.10,'2024-01-07','06:47:54',1.00,0.00,4.10,'Beta Malt-330ML','NO','SS',0,0,'0012401075321',0.00,0.00,0.00,0.00,'NO',2,0.00,0.00,0.00,NULL,'2024-01-19','2024-01-19'),(958,1,'411',0,'6034000180107','i',4.10,'2024-01-07','06:48:30',1.00,0.00,4.10,'Beta Malt-330ML','NO','SS',0,0,'0012401075421',0.00,0.00,0.00,0.00,'NO',2,0.00,0.00,0.00,NULL,'2024-01-19','2024-01-19'),(959,1,'411',0,'6033000084415','i',7.50,'2024-01-07','06:48:44',1.00,0.00,7.50,'CARNATION TEA CREAMER 160g','NO','SS',0,0,'0012401075521',0.00,0.00,0.00,0.00,'NO',2,0.00,0.00,0.00,NULL,'2024-01-19','2024-01-19'),(961,1,'411',0,'6034000180107','i',4.10,'2024-01-07','06:48:54',1.00,0.00,4.10,'Beta Malt-330ML','NO','SS',0,0,'0012401075521',0.00,0.00,0.00,0.00,'NO',2,0.00,0.00,0.00,NULL,'2024-01-19','2024-01-19'),(963,1,'2',56,'8690558020357','i',0.00,'2024-01-07','23:16:21',1.00,0.00,0.00,'Dimes Can Juice-330ML','NULL','SS',NULL,0,'0012401075621',0.00,0.00,0.00,0.00,NULL,2,0.00,0.00,0.00,NULL,'2024-01-27','2024-01-27'),(964,1,'411',0,'8690558020357','i',6.74,'2024-01-07','23:16:33',1.00,0.00,6.74,'Dimes Can Juice-330ML','NO','SS',0,0,'0012401075621',0.00,0.00,0.00,0.00,'NO',2,0.00,0.00,0.00,NULL,'2024-01-27','2024-01-27'),(965,1,'2',56,'8690558020357','i',0.00,'2024-01-27','23:22:41',1.00,0.00,0.00,'','NULL','SS',NULL,0,'0012401075621',0.00,0.00,0.00,0.00,NULL,2,0.00,0.00,0.00,'0012401075621','2024-01-27','2024-01-27'),(966,1,'2',57,'8690558020357','i',6.74,'2024-01-27','23:23:48',-1.00,0.00,-6.74,'','NULL','SS',NULL,0,'0012401075721',0.00,0.00,0.00,0.00,NULL,2,0.00,0.00,0.00,'0012401075621','2024-01-27','2024-01-27'),(967,1,'411',0,'8859349202086','i',7.70,'2024-01-07','23:30:54',1.00,0.00,7.70,'ABEVIA EVAPORATED MILK 170G','NO','SS',0,0,'0012401075821',0.00,0.00,0.00,0.00,'NO',2,0.00,0.00,0.00,NULL,'2024-01-27','2024-01-27'),(968,1,'411',0,'5760466959254','i',29.28,'2024-01-07','23:30:56',1.00,0.00,29.28,'Arl.Milk Powder 400Gm','NO','SS',0,0,'0012401075821',0.00,0.00,0.00,0.00,'NO',2,0.00,0.00,0.00,NULL,'2024-01-27','2024-01-27'),(969,1,'411',0,'6034000252026','i',4.25,'2024-01-07','23:30:59',1.00,0.00,4.25,'Bubble Up Soda 350ML','NO','SS',0,0,'0012401075821',0.00,0.00,0.00,0.00,'NO',2,0.00,0.00,0.00,NULL,'2024-01-27','2024-01-27'),(970,1,'411',0,'0100000013','i',7.98,'2024-01-07','23:31:01',1.00,0.00,7.98,'COCA-COLA  CAN 33CL','NO','SS',0,0,'0012401075821',0.00,0.00,0.00,0.00,'NO',2,0.00,0.00,0.00,NULL,'2024-01-27','2024-01-27'),(971,1,'411',0,'6008155000108','i',69.70,'2024-01-07','23:31:02',1.00,0.00,69.70,'COWBELL PREMIUM SACHET 360G','NO','SS',0,0,'0012401075821',0.00,0.00,0.00,0.00,'NO',2,0.00,0.00,0.00,NULL,'2024-01-27','2024-01-27'),(972,1,'',59,'8859349202086','i',7.70,'2024-01-07','11:41:31',-1.00,0.00,-7.70,'ABEVIA EVAPORATED MILK 170G','NO','',0,0,'0012401075921',0.00,0.00,0.00,0.00,'NO',2,0.00,0.00,0.00,NULL,'2024-01-28','2024-01-28'),(973,1,'',60,'6034000181036','i',500.00,'2024-01-07','19:58:19',1.00,65.22,500.00,'BEL-AQUA SMALL','YES','',0,0,'0012401076021',10.25,10.25,4.10,65.22,'YES',2,0.00,0.00,0.00,NULL,'2024-01-28','2024-01-28'),(974,1,'',60,'8859349202086','i',7.70,'2024-01-07','20:01:05',1.00,0.00,7.70,'ABEVIA EVAPORATED MILK 170G','NO','SS',0,0,'0012401076021',0.00,0.00,0.00,0.00,'NO',2,0.00,0.00,0.00,NULL,'2024-01-28','2024-01-28'),(975,1,'411',60,'JAS-001','i',50.00,'2024-01-07','20:05:44',1.00,0.00,50.00,'JASMIN RICE 1KG','YES','SS',0,0,'0012401076021',1.03,1.03,0.41,6.52,'YES',2,0.00,0.00,0.00,NULL,'2024-01-28','2024-01-28'),(866,1,'411',1,'6033000340085','i',1.00,'2024-01-07','18:06:19',1.00,0.13,1.00,'STORM ENERGY LG','YES','SS',0,0,'001240107121',0.02,0.02,0.01,0.13,'YES',2,0.00,0.00,0.00,NULL,'2024-01-07','2024-01-07'),(867,1,'411',2,'6033000340085','i',1.00,'2024-01-07','18:06:37',1.00,0.13,1.00,'STORM ENERGY LG','YES','SS',0,0,'001240107221',0.02,0.02,0.01,0.13,'YES',2,0.00,0.00,0.00,NULL,'2024-01-07','2024-01-07'),(868,1,'411',3,'8859349202086','i',7.70,'2024-01-07','05:31:13',1.00,0.00,7.70,'ABEVIA EVAPORATED MILK 170G','NO','SS',0,0,'001240107321',0.00,0.00,0.00,0.00,'NO',2,0.00,0.00,0.00,NULL,'2024-01-09','2024-01-09'),(869,1,'411',4,'5411188110835','i',36.99,'2024-01-07','05:31:23',1.00,0.00,36.99,'Alpro Soya Almond Drink 1Ltr','NO','SS',0,0,'001240107421',0.00,0.00,0.00,0.00,'NO',2,0.00,0.00,0.00,NULL,'2024-01-09','2024-01-09'),(870,1,'411',5,'54646467564','i',7.00,'2024-01-07','05:31:55',1.00,0.00,7.00,'ORANGE','YES','SS',0,0,'001240107521',0.14,0.14,0.06,0.91,'YES',2,0.00,0.00,0.00,NULL,'2024-01-09','2024-01-09'),(871,1,'411',6,'0987654321','i',100.00,'2024-01-07','05:32:13',1.00,0.00,100.00,'GAUVA JUICE','NO','SS',0,0,'001240107621',0.00,0.00,0.00,0.00,'NO',2,0.00,0.00,0.00,NULL,'2024-01-09','2024-01-09'),(872,1,'411',7,'6034000181036','i',500.00,'2024-01-07','05:58:59',1.00,65.22,500.00,'BEL-AQUA SMALL','YES','SS',0,0,'001240107721',10.25,10.25,4.10,65.22,'YES',2,0.00,0.00,0.00,NULL,'2024-01-09','2024-01-09'),(877,1,'411',0,'8859349202086','i',7.70,'2024-01-07','07:02:58',1.00,0.00,7.70,'ABEVIA EVAPORATED MILK 170G','NO','SS',0,0,'001240107821',0.00,0.00,0.00,0.00,'NO',2,0.00,0.00,0.00,NULL,'2024-01-09','2024-01-09'),(878,1,'411',0,'8859349202086','i',7.70,'2024-01-07','07:32:49',1.00,0.00,7.70,'ABEVIA EVAPORATED MILK 170G','NO','SS',0,0,'001240107921',0.00,0.00,0.00,0.00,'NO',2,0.00,0.00,0.00,NULL,'2024-01-09','2024-01-09'),(879,1,'411',0,'6033000340085','i',1.00,'2024-01-07','07:33:38',1.00,0.13,1.00,'STORM ENERGY LG','YES','SS',0,0,'0012401071021',0.02,0.02,0.01,0.13,'YES',2,0.00,0.00,0.00,NULL,'2024-01-09','2024-01-09'),(880,1,'411',0,'8364937486','i',10.00,'2024-01-07','07:33:54',1.00,1.30,10.00,'JOY COLA','YES','SS',0,0,'0012401071121',0.21,0.21,0.08,1.30,'YES',2,0.00,0.00,0.00,NULL,'2024-01-09','2024-01-09'),(881,1,'411',0,'6034000181036','i',500.00,'2024-01-07','07:34:00',1.00,65.22,500.00,'BEL-AQUA SMALL','YES','SS',0,0,'0012401071121',10.25,10.25,4.10,65.22,'YES',2,0.00,0.00,0.00,NULL,'2024-01-09','2024-01-09'),(882,1,'411',0,'6033000340085','i',1.00,'2024-01-07','07:34:04',1.00,0.13,1.00,'STORM ENERGY LG','YES','SS',0,0,'0012401071121',0.02,0.02,0.01,0.13,'YES',2,0.00,0.00,0.00,NULL,'2024-01-09','2024-01-09'),(883,1,'411',0,'8364937486','i',10.00,'2024-01-07','07:34:21',1.00,1.30,10.00,'JOY COLA','YES','SS',0,0,'0012401071221',0.21,0.21,0.08,1.30,'YES',2,0.00,0.00,0.00,NULL,'2024-01-09','2024-01-09'),(884,1,'411',0,'8859349202086','i',7.70,'2024-01-07','09:27:53',1.00,0.00,7.70,'ABEVIA EVAPORATED MILK 170G','NO','SS',0,0,'0012401071321',0.00,0.00,0.00,0.00,'NO',2,0.00,0.00,0.00,NULL,'2024-01-09','2024-01-09'),(885,1,'411',0,'6033000340085','i',1.00,'2024-01-07','09:28:09',1.00,0.13,1.00,'STORM ENERGY LG','YES','SS',0,0,'0012401071321',0.02,0.02,0.01,0.13,'YES',2,0.00,0.00,0.00,NULL,'2024-01-09','2024-01-09'),(886,1,'411',0,'6033000340085','i',1.00,'2024-01-07','09:28:21',1.00,0.13,1.00,'STORM ENERGY LG','YES','SS',0,0,'0012401071421',0.02,0.02,0.01,0.13,'YES',2,0.00,0.00,0.00,NULL,'2024-01-09','2024-01-09'),(887,1,'411',0,'54646467564','i',7.00,'2024-01-07','12:49:28',1.00,0.00,7.00,'ORANGE','YES','SS',0,0,'0012401071521',0.14,0.14,0.06,0.91,'YES',2,0.00,0.00,0.00,NULL,'2024-01-09','2024-01-09'),(888,1,'411',0,'62905398','i',3.07,'2024-01-07','12:49:39',1.00,0.00,3.07,'Cool Sun A/S 200ml','NO','SS',0,0,'0012401071621',0.00,0.00,0.00,0.00,'NO',2,0.00,0.00,0.00,NULL,'2024-01-09','2024-01-09'),(889,1,'411',0,'6008155000108','i',69.70,'2024-01-07','12:49:45',1.00,0.00,69.70,'COWBELL PREMIUM SACHET 360G','NO','SS',0,0,'0012401071621',0.00,0.00,0.00,0.00,'NO',2,0.00,0.00,0.00,NULL,'2024-01-09','2024-01-09'),(890,1,'411',0,'8690558010037','i',36.30,'2024-01-07','12:49:50',1.00,0.00,36.30,'Dimes Apple Juice 1L','NO','SS',0,0,'0012401071621',0.00,0.00,0.00,0.00,'NO',2,0.00,0.00,0.00,NULL,'2024-01-09','2024-01-09'),(891,1,'411',0,'5411188543398','i',34.85,'2024-01-07','12:50:39',1.00,0.00,34.85,'Alpro Soya Drink(Unsweetened) 1ltr','NO','SS',0,0,'0012401071721',0.00,0.00,0.00,0.00,'NO',2,0.00,0.00,0.00,NULL,'2024-01-09','2024-01-09'),(892,1,'411',0,'8859349202086','i',7.70,'2024-01-07','20:20:51',1.00,0.00,7.70,'ABEVIA EVAPORATED MILK 170G','NO','SS',0,0,'0012401071821',0.00,0.00,0.00,0.00,'NO',2,0.00,0.00,0.00,NULL,'2024-01-15','2024-01-15'),(893,1,'411',0,'8364937486','i',10.00,'2024-01-07','20:22:58',1.00,1.30,10.00,'JOY COLA','YES','SS',0,0,'0012401071921',0.21,0.21,0.08,1.30,'YES',2,0.00,0.00,0.00,NULL,'2024-01-15','2024-01-15'),(894,1,'411',0,'6033000340085','i',1.00,'2024-01-07','20:56:15',1.00,0.13,1.00,'STORM ENERGY LG','YES','SS',0,0,'0012401072021',0.02,0.02,0.01,0.13,'YES',2,0.00,0.00,0.00,NULL,'2024-01-15','2024-01-15'),(895,1,'411',0,'6033000340085','i',1.00,'2024-01-07','20:56:41',1.00,0.13,1.00,'STORM ENERGY LG','YES','SS',0,0,'0012401072121',0.02,0.02,0.01,0.13,'YES',2,0.00,0.00,0.00,NULL,'2024-01-15','2024-01-15'),(896,1,'411',0,'6033000340085','i',1.00,'2024-01-07','20:57:06',1.00,0.13,1.00,'STORM ENERGY LG','YES','SS',0,0,'0012401072221',0.02,0.02,0.01,0.13,'YES',2,0.00,0.00,0.00,NULL,'2024-01-15','2024-01-15'),(897,1,'411',0,'6033000340085','i',1.00,'2024-01-07','20:57:41',1.00,0.13,1.00,'STORM ENERGY LG','YES','SS',0,0,'0012401072321',0.02,0.02,0.01,0.13,'YES',2,0.00,0.00,0.00,NULL,'2024-01-15','2024-01-15'),(898,1,'411',0,'6033000340085','i',1.00,'2024-01-07','20:58:31',1.00,0.13,1.00,'STORM ENERGY LG','YES','SS',0,0,'0012401072421',0.02,0.02,0.01,0.13,'YES',2,0.00,0.00,0.00,NULL,'2024-01-15','2024-01-15'),(899,1,'411',0,'6033000340085','i',1.00,'2024-01-07','20:59:09',1.00,0.13,1.00,'STORM ENERGY LG','YES','SS',0,0,'0012401072521',0.02,0.02,0.01,0.13,'YES',2,0.00,0.00,0.00,NULL,'2024-01-15','2024-01-15'),(900,1,'411',0,'6033000340085','i',1.00,'2024-01-07','21:00:34',1.00,0.13,1.00,'STORM ENERGY LG','YES','SS',0,0,'0012401072621',0.02,0.02,0.01,0.13,'YES',2,0.00,0.00,0.00,NULL,'2024-01-15','2024-01-15'),(901,1,'411',0,'6033000340085','i',1.00,'2024-01-07','21:06:52',1.00,0.13,1.00,'STORM ENERGY LG','YES','SS',0,0,'0012401072721',0.02,0.02,0.01,0.13,'YES',2,0.00,0.00,0.00,NULL,'2024-01-15','2024-01-15'),(902,1,'411',0,'0987654321','i',100.00,'2024-01-07','21:06:59',1.00,0.00,100.00,'GAUVA JUICE','NO','SS',0,0,'0012401072721',0.00,0.00,0.00,0.00,'NO',2,0.00,0.00,0.00,NULL,'2024-01-15','2024-01-15'),(903,1,'411',0,'0987654321','i',100.00,'2024-01-07','21:08:36',1.00,0.00,100.00,'GAUVA JUICE','NO','SS',0,0,'0012401072821',0.00,0.00,0.00,0.00,'NO',2,0.00,0.00,0.00,NULL,'2024-01-15','2024-01-15'),(904,1,'411',0,'0987654321','i',100.00,'2024-01-07','21:09:05',1.00,0.00,100.00,'GAUVA JUICE','NO','SS',0,0,'0012401072921',0.00,0.00,0.00,0.00,'NO',2,0.00,0.00,0.00,NULL,'2024-01-15','2024-01-15'),(905,1,'411',0,'0987654321','i',100.00,'2024-01-07','21:09:34',1.00,0.00,100.00,'GAUVA JUICE','NO','SS',0,0,'0012401073021',0.00,0.00,0.00,0.00,'NO',2,0.00,0.00,0.00,NULL,'2024-01-15','2024-01-15'),(906,1,'411',0,'0987654321','i',100.00,'2024-01-07','21:10:00',1.00,0.00,100.00,'GAUVA JUICE','NO','SS',0,0,'0012401073121',0.00,0.00,0.00,0.00,'NO',2,0.00,0.00,0.00,NULL,'2024-01-15','2024-01-15'),(907,1,'411',0,'0987654321','i',100.00,'2024-01-07','21:10:26',1.00,0.00,100.00,'GAUVA JUICE','NO','SS',0,0,'0012401073221',0.00,0.00,0.00,0.00,'NO',2,0.00,0.00,0.00,NULL,'2024-01-15','2024-01-15'),(908,1,'411',0,'6034000181036','i',500.00,'2024-01-07','21:13:53',1.00,65.22,500.00,'BEL-AQUA SMALL','YES','SS',0,0,'0012401073321',10.25,10.25,4.10,65.22,'YES',2,0.00,0.00,0.00,NULL,'2024-01-15','2024-01-15'),(909,1,'411',0,'8364937486','i',10.00,'2024-01-07','21:13:57',1.00,1.30,10.00,'JOY COLA','YES','SS',0,0,'0012401073321',0.21,0.21,0.08,1.30,'YES',2,0.00,0.00,0.00,NULL,'2024-01-15','2024-01-15'),(910,1,'411',0,'6033000340085','i',1.00,'2024-01-07','21:14:02',1.00,0.13,1.00,'STORM ENERGY LG','YES','SS',0,0,'0012401073321',0.02,0.02,0.01,0.13,'YES',2,0.00,0.00,0.00,NULL,'2024-01-15','2024-01-15'),(922,1,'Demo User',0,'6033000340085','i',1.00,'2024-01-07','05:40:24',1.00,0.13,1.00,'STORM ENERGY LG','YES','SS',0,0,'0012401073421',0.02,0.02,0.01,0.13,'YES',2,0.00,0.00,0.00,NULL,'2024-01-16','2024-01-16'),(928,1,'411',0,'6034000181036','i',500.00,'2024-01-07','05:58:18',1.00,65.22,500.00,'BEL-AQUA SMALL','YES','SS',0,0,'0012401073521',10.25,10.25,4.10,65.22,'YES',2,0.00,0.00,0.00,NULL,'2024-01-16','2024-01-16'),(929,1,'411',0,'0987654321','i',100.00,'2024-01-07','06:17:54',1.00,0.00,100.00,'GAUVA JUICE','NO','SS',0,0,'0012401073621',0.00,0.00,0.00,0.00,'NO',2,0.00,0.00,0.00,NULL,'2024-01-16','2024-01-16'),(930,1,'2',36,'9000000001','D',NULL,'2024-01-16','06:18:55',1.00,0.00,0.00,'LOYALTY','NULL','L',NULL,0,'0012401073621',0.00,0.00,0.00,0.00,NULL,2,-2000.00,-100.00,0.00,NULL,'2024-01-16','2024-01-16'),(931,1,'411',0,'6033000340085','i',1.00,'2024-01-07','16:17:44',1.00,0.13,1.00,'STORM ENERGY LG','YES','SS',0,0,'0012401073721',0.02,0.02,0.01,0.13,'YES',2,0.00,0.00,0.00,NULL,'2024-01-17','2024-01-17'),(932,1,'411',0,'8364937486','i',10.00,'2024-01-07','16:23:55',1.00,1.30,10.00,'JOY COLA','YES','SS',0,0,'0012401073821',0.21,0.21,0.08,1.30,'YES',2,0.00,0.00,0.00,NULL,'2024-01-17','2024-01-17'),(933,1,'411',0,'6033000340085','i',1.00,'2024-01-07','16:24:03',1.00,0.13,1.00,'STORM ENERGY LG','YES','SS',0,0,'0012401073921',0.02,0.02,0.01,0.13,'YES',2,0.00,0.00,0.00,NULL,'2024-01-17','2024-01-17'),(934,1,'411',0,'8364937486','i',10.00,'2024-01-07','16:24:10',1.00,1.30,10.00,'JOY COLA','YES','SS',0,0,'0012401074021',0.21,0.21,0.08,1.30,'YES',2,0.00,0.00,0.00,NULL,'2024-01-17','2024-01-17'),(935,1,'411',0,'6033000340085','i',1.00,'2024-01-07','16:26:51',1.00,0.13,1.00,'STORM ENERGY LG','YES','SS',0,0,'0012401074121',0.02,0.02,0.01,0.13,'YES',2,0.00,0.00,0.00,NULL,'2024-01-17','2024-01-17'),(936,1,'411',0,'6033000340085','i',1.00,'2024-01-07','16:30:07',1.00,0.13,1.00,'STORM ENERGY LG','YES','SS',0,0,'0012401074221',0.02,0.02,0.01,0.13,'YES',2,0.00,0.00,0.00,NULL,'2024-01-17','2024-01-17'),(937,1,'411',0,'6033000340085','i',1.00,'2024-01-07','16:30:33',1.00,0.13,1.00,'STORM ENERGY LG','YES','SS',0,0,'0012401074321',0.02,0.02,0.01,0.13,'YES',2,0.00,0.00,0.00,NULL,'2024-01-17','2024-01-17'),(938,1,'411',0,'6033000340085','i',1.00,'2024-01-07','16:34:56',1.00,0.13,1.00,'STORM ENERGY LG','YES','SS',0,0,'0012401074421',0.02,0.02,0.01,0.13,'YES',2,0.00,0.00,0.00,NULL,'2024-01-17','2024-01-17'),(939,1,'411',0,'6033000340085','i',1.00,'2024-01-07','16:39:52',1.00,0.13,1.00,'STORM ENERGY LG','YES','SS',0,0,'0012401074421',0.02,0.02,0.01,0.13,'YES',2,0.00,0.00,0.00,NULL,'2024-01-17','2024-01-17'),(940,1,'411',0,'6033000340085','i',1.00,'2024-01-07','16:40:07',1.00,0.13,1.00,'STORM ENERGY LG','YES','SS',0,0,'0012401074521',0.02,0.02,0.01,0.13,'YES',2,0.00,0.00,0.00,NULL,'2024-01-17','2024-01-17'),(941,1,'411',0,'6033000340085','i',1.00,'2024-01-07','16:48:56',1.00,0.13,1.00,'STORM ENERGY LG','YES','SS',0,0,'0012401074621',0.02,0.02,0.01,0.13,'YES',2,0.00,0.00,0.00,NULL,'2024-01-17','2024-01-17'),(942,1,'2',46,'9000000001','D',NULL,'2024-01-17','16:49:27',1.00,0.00,0.00,'LOYALTY','NULL','L',NULL,0,'0012401074621',0.00,0.00,0.00,0.00,NULL,2,-20.00,-1.00,0.00,NULL,'2024-01-17','2024-01-17'),(943,1,'411',0,'6033000340085','i',1.00,'2024-01-07','16:50:13',1.00,0.13,1.00,'STORM ENERGY LG','YES','SS',0,0,'0012401074721',0.02,0.02,0.01,0.13,'YES',2,0.00,0.00,0.00,NULL,'2024-01-17','2024-01-17'),(944,1,'411',0,'DICOUNT','D',NULL,'2024-01-07','16:50:22',0.00,0.00,0.00,'DISCOUNT','NULL','D',NULL,0,'billRef',0.00,0.00,0.00,0.00,NULL,2,0.00,0.00,3.00,NULL,'2024-01-17','2024-01-17'),(945,1,'411',47,'DICOUNT','D',NULL,'2024-01-07','17:00:00',0.00,0.00,0.00,'DISCOUNT','NULL','D',NULL,0,'0012401074721',0.00,0.00,0.00,0.00,NULL,2,0.00,0.00,3.00,NULL,'2024-01-17','2024-01-17'),(946,1,'411',0,'6034000181036','i',500.00,'2024-01-07','06:22:42',1.00,65.22,500.00,'BEL-AQUA SMALL','YES','SS',0,0,'0012401074821',10.25,10.25,4.10,65.22,'YES',2,0.00,0.00,0.00,NULL,'2024-01-19','2024-01-19'),(947,1,'411',0,'8364937486','i',10.00,'2024-01-07','06:25:43',1.00,1.30,10.00,'JOY COLA','YES','SS',0,0,'0012401074921',0.21,0.21,0.08,1.30,'YES',2,0.00,0.00,0.00,NULL,'2024-01-19','2024-01-19'),(948,1,'411',0,'54646467564','i',7.00,'2024-01-07','06:27:31',1.00,0.00,7.00,'ORANGE','YES','SS',0,0,'0012401075021',0.14,0.14,0.06,0.91,'YES',2,0.00,0.00,0.00,NULL,'2024-01-19','2024-01-19'),(949,1,'411',0,'6033000340085','i',1.00,'2024-01-07','06:36:17',1.00,0.13,1.00,'STORM ENERGY LG','YES','SS',0,0,'0012401075121',0.02,0.02,0.01,0.13,'YES',2,0.00,0.00,0.00,NULL,'2024-01-19','2024-01-19'),(950,1,'411',0,'54646467564','i',7.00,'2024-01-07','06:37:21',1.00,0.00,7.00,'ORANGE','YES','SS',0,0,'0012401075221',0.14,0.14,0.06,0.91,'YES',2,0.00,0.00,0.00,NULL,'2024-01-19','2024-01-19'),(951,1,'411',0,'6034000181036','i',500.00,'2024-01-07','06:37:30',1.00,65.22,500.00,'BEL-AQUA SMALL','YES','SS',0,0,'0012401075221',10.25,10.25,4.10,65.22,'YES',2,0.00,0.00,0.00,NULL,'2024-01-19','2024-01-19'),(952,1,'411',0,'6033000340085','i',1.00,'2024-01-07','06:37:34',1.00,0.13,1.00,'STORM ENERGY LG','YES','SS',0,0,'0012401075221',0.02,0.02,0.01,0.13,'YES',2,0.00,0.00,0.00,NULL,'2024-01-19','2024-01-19'),(953,1,'411',0,'6034000351187','i',3.00,'2024-01-07','06:37:42',1.00,0.00,3.00,'Big Boss Energy Drink 350ML','NO','SS',0,0,'0012401075221',0.00,0.00,0.00,0.00,'NO',2,0.00,0.00,0.00,NULL,'2024-01-19','2024-01-19'),(954,1,'411',0,'6033000084415','i',7.50,'2024-01-07','06:37:47',1.00,0.00,7.50,'CARNATION TEA CREAMER 160g','NO','SS',0,0,'0012401075221',0.00,0.00,0.00,0.00,'NO',2,0.00,0.00,0.00,NULL,'2024-01-19','2024-01-19'),(955,1,'411',0,'5711953075858','i',1.76,'2024-01-07','06:37:54',1.00,0.00,1.76,'DANO CHOCOLATE FLAV MILK POWDER 40Gm','NO','SS',0,0,'0012401075221',0.00,0.00,0.00,0.00,'NO',2,0.00,0.00,0.00,NULL,'2024-01-19','2024-01-19'),(956,1,'411',0,'8690558029848','i',16.10,'2024-01-07','06:38:04',1.00,0.00,16.10,'Dimes Pre Cloudy Apple 1Ltr','NO','SS',0,0,'0012401075221',0.00,0.00,0.00,0.00,'NO',2,0.00,0.00,0.00,NULL,'2024-01-19','2024-01-19'),(957,1,'411',0,'6034000180107','i',4.10,'2024-01-07','06:47:54',1.00,0.00,4.10,'Beta Malt-330ML','NO','SS',0,0,'0012401075321',0.00,0.00,0.00,0.00,'NO',2,0.00,0.00,0.00,NULL,'2024-01-19','2024-01-19'),(958,1,'411',0,'6034000180107','i',4.10,'2024-01-07','06:48:30',1.00,0.00,4.10,'Beta Malt-330ML','NO','SS',0,0,'0012401075421',0.00,0.00,0.00,0.00,'NO',2,0.00,0.00,0.00,NULL,'2024-01-19','2024-01-19'),(959,1,'411',0,'6033000084415','i',7.50,'2024-01-07','06:48:44',1.00,0.00,7.50,'CARNATION TEA CREAMER 160g','NO','SS',0,0,'0012401075521',0.00,0.00,0.00,0.00,'NO',2,0.00,0.00,0.00,NULL,'2024-01-19','2024-01-19'),(961,1,'411',0,'6034000180107','i',4.10,'2024-01-07','06:48:54',1.00,0.00,4.10,'Beta Malt-330ML','NO','SS',0,0,'0012401075521',0.00,0.00,0.00,0.00,'NO',2,0.00,0.00,0.00,NULL,'2024-01-19','2024-01-19'),(963,1,'2',56,'8690558020357','i',0.00,'2024-01-07','23:16:21',1.00,0.00,0.00,'Dimes Can Juice-330ML','NULL','SS',NULL,0,'0012401075621',0.00,0.00,0.00,0.00,NULL,2,0.00,0.00,0.00,NULL,'2024-01-27','2024-01-27'),(964,1,'411',0,'8690558020357','i',6.74,'2024-01-07','23:16:33',1.00,0.00,6.74,'Dimes Can Juice-330ML','NO','SS',0,0,'0012401075621',0.00,0.00,0.00,0.00,'NO',2,0.00,0.00,0.00,NULL,'2024-01-27','2024-01-27'),(965,1,'2',56,'8690558020357','i',0.00,'2024-01-27','23:22:41',1.00,0.00,0.00,'','NULL','SS',NULL,0,'0012401075621',0.00,0.00,0.00,0.00,NULL,2,0.00,0.00,0.00,'0012401075621','2024-01-27','2024-01-27'),(966,1,'2',57,'8690558020357','i',6.74,'2024-01-27','23:23:48',-1.00,0.00,-6.74,'','NULL','SS',NULL,0,'0012401075721',0.00,0.00,0.00,0.00,NULL,2,0.00,0.00,0.00,'0012401075621','2024-01-27','2024-01-27'),(967,1,'411',0,'8859349202086','i',7.70,'2024-01-07','23:30:54',1.00,0.00,7.70,'ABEVIA EVAPORATED MILK 170G','NO','SS',0,0,'0012401075821',0.00,0.00,0.00,0.00,'NO',2,0.00,0.00,0.00,NULL,'2024-01-27','2024-01-27'),(968,1,'411',0,'5760466959254','i',29.28,'2024-01-07','23:30:56',1.00,0.00,29.28,'Arl.Milk Powder 400Gm','NO','SS',0,0,'0012401075821',0.00,0.00,0.00,0.00,'NO',2,0.00,0.00,0.00,NULL,'2024-01-27','2024-01-27'),(969,1,'411',0,'6034000252026','i',4.25,'2024-01-07','23:30:59',1.00,0.00,4.25,'Bubble Up Soda 350ML','NO','SS',0,0,'0012401075821',0.00,0.00,0.00,0.00,'NO',2,0.00,0.00,0.00,NULL,'2024-01-27','2024-01-27'),(970,1,'411',0,'0100000013','i',7.98,'2024-01-07','23:31:01',1.00,0.00,7.98,'COCA-COLA  CAN 33CL','NO','SS',0,0,'0012401075821',0.00,0.00,0.00,0.00,'NO',2,0.00,0.00,0.00,NULL,'2024-01-27','2024-01-27'),(971,1,'411',0,'6008155000108','i',69.70,'2024-01-07','23:31:02',1.00,0.00,69.70,'COWBELL PREMIUM SACHET 360G','NO','SS',0,0,'0012401075821',0.00,0.00,0.00,0.00,'NO',2,0.00,0.00,0.00,NULL,'2024-01-27','2024-01-27'),(972,1,'',59,'8859349202086','i',7.70,'2024-01-07','11:41:31',-1.00,0.00,-7.70,'ABEVIA EVAPORATED MILK 170G','NO','',0,0,'0012401075921',0.00,0.00,0.00,0.00,'NO',2,0.00,0.00,0.00,NULL,'2024-01-28','2024-01-28'),(973,1,'',60,'6034000181036','i',500.00,'2024-01-07','19:58:19',1.00,65.22,500.00,'BEL-AQUA SMALL','YES','',0,0,'0012401076021',10.25,10.25,4.10,65.22,'YES',2,0.00,0.00,0.00,NULL,'2024-01-28','2024-01-28'),(974,1,'',60,'8859349202086','i',7.70,'2024-01-07','20:01:05',1.00,0.00,7.70,'ABEVIA EVAPORATED MILK 170G','NO','SS',0,0,'0012401076021',0.00,0.00,0.00,0.00,'NO',2,0.00,0.00,0.00,NULL,'2024-01-28','2024-01-28'),(975,1,'411',60,'JAS-001','i',50.00,'2024-01-07','20:05:44',1.00,0.00,50.00,'JASMIN RICE 1KG','YES','SS',0,0,'0012401076021',1.03,1.03,0.41,6.52,'YES',2,0.00,0.00,0.00,NULL,'2024-01-28','2024-01-28'),(976,1,'411',1,'5449000014535','i',8.50,'2024-01-29','20:47:46',1.00,0.00,8.50,'Sprite Can 330ML','NO','SS',0,0,'001240129111',0.00,0.00,0.00,0.00,'NO',1,0.00,0.00,0.00,NULL,'2024-01-29','2024-01-29'),(977,1,'411',1,'5449000014535','i',8.50,'2024-01-29','20:48:11',1.00,0.00,8.50,'Sprite Can 330ML','NO','SS',0,0,'001240129111',0.00,0.00,0.00,0.00,'NO',1,0.00,0.00,0.00,NULL,'2024-01-29','2024-01-29'),(978,1,'411',1,'23098-mame','i',12.00,'2024-01-29','20:48:41',20.00,0.00,240.00,'Soda Water','NO','SS',0,0,'001240129111',0.00,0.00,0.00,0.00,'NO',1,0.00,0.00,0.00,NULL,'2024-01-29','2024-01-29'),(979,1,'411',2,'17264738','i',100.00,'2024-01-29','20:51:16',1.00,0.00,100.00,'Note Pad Small','YES','SS',0,0,'001240129211',2.05,2.05,0.82,13.04,'YES',1,0.00,0.00,0.00,NULL,'2024-01-29','2024-01-29'),(980,1,'411',3,'JAS-001','i',50.00,'2024-01-29','20:52:28',1.00,0.00,50.00,'JASMIN RICE 1KG','YES','SS',0,0,'001240129311',1.03,1.03,0.41,6.52,'YES',1,0.00,0.00,0.00,NULL,'2024-01-29','2024-01-29'),(981,1,'411',3,'5413721501100','i',18.00,'2024-01-29','20:52:54',1.00,0.00,18.00,'Incolac Full Crea 1Ltr','NO','SS',0,0,'001240129311',0.00,0.00,0.00,0.00,'NO',1,0.00,0.00,0.00,NULL,'2024-01-29','2024-01-29'),(982,1,'411',4,'6002323007463','i',48.00,'2024-01-29','20:55:13',1.00,0.00,48.00,'PEARLY BAY SWEET WHITE 750ML','NO','SS',0,0,'001240129411',0.00,0.00,0.00,0.00,'NO',1,0.00,0.00,0.00,NULL,'2024-01-29','2024-01-29'),(985,1,'411',5,'6253500781311','i',1.32,'2024-01-29','20:56:52',1.00,0.00,1.32,'Yoyo Banana Drink 125ML','NO','SS',0,0,'001240129511',0.00,0.00,0.00,0.00,'NO',1,0.00,0.00,0.00,NULL,'2024-01-29','2024-01-29'),(987,1,'411',5,'23098-mame','i',12.00,'2024-01-29','20:56:55',1.00,0.00,12.00,'Soda Water','NO','SS',0,0,'001240129511',0.00,0.00,0.00,0.00,'NO',1,0.00,0.00,0.00,NULL,'2024-01-29','2024-01-29'),(989,1,'411',6,'6253500771442','i',26.20,'2024-01-29','20:59:58',2.00,0.00,52.40,'Fruitelli Mango 1Ltr','NO','SS',0,0,'001240129611',0.00,0.00,0.00,0.00,'NO',1,0.00,0.00,0.00,NULL,'2024-01-29','2024-01-29'),(990,1,'411',7,'17264738','i',100.00,'2024-01-29','21:04:51',1.00,0.00,100.00,'Note Pad Small','YES','SS',0,0,'001240129711',2.05,2.05,0.82,13.04,'YES',1,0.00,0.00,0.00,NULL,'2024-01-29','2024-01-29'),(991,1,'2',7,'9000000001','D',NULL,'2024-01-29','21:05:57',1.00,0.00,0.00,'LOYALTY','NULL','L',NULL,0,'001240129711',0.00,0.00,0.00,0.00,NULL,1,-1800.00,-90.00,0.00,NULL,'2024-01-29','2024-01-29'),(992,1,'411',8,'17264738','i',100.00,'2024-01-29','21:10:39',1.00,0.00,100.00,'Note Pad Small','YES','SS',0,0,'001240129811',2.05,2.05,0.82,13.04,'YES',1,0.00,0.00,0.00,NULL,'2024-01-29','2024-01-29'),(993,1,'411',8,'DICOUNT','D',NULL,'2024-01-29','21:10:57',0.00,0.00,0.00,'DISCOUNT','NULL','D',NULL,0,'001240129811',0.00,0.00,0.00,0.00,NULL,1,0.00,0.00,3.00,NULL,'2024-01-29','2024-01-29'),(994,1,'411',9,'54646467564','i',7.00,'2024-01-29','21:11:34',1.00,0.00,7.00,'ORANGE','YES','SS',0,0,'001240129911',0.14,0.14,0.06,0.91,'YES',1,0.00,0.00,0.00,NULL,'2024-01-29','2024-01-29'),(995,1,'411',9,'DICOUNT','D',NULL,'2024-01-29','21:11:44',0.00,0.00,0.00,'DISCOUNT','NULL','D',NULL,0,'001240129911',0.00,0.00,0.00,0.00,NULL,1,0.00,0.00,5.00,NULL,'2024-01-29','2024-01-29'),(996,1,'411',10,'5411188110835','i',36.99,'2024-01-29','21:12:10',1.00,0.00,36.99,'Alpro Soya Almond Drink 1Ltr','NO','SS',0,0,'0012401291011',0.00,0.00,0.00,0.00,'NO',1,0.00,0.00,0.00,NULL,'2024-01-29','2024-01-29'),(997,1,'411',10,'5411188543381','i',45.40,'2024-01-29','21:12:13',1.00,0.00,45.40,'Alpro Soya Original Drink 1lt','NO','SS',0,0,'0012401291011',0.00,0.00,0.00,0.00,'NO',1,0.00,0.00,0.00,NULL,'2024-01-29','2024-01-29'),(998,1,'411',10,'6034000252026','i',4.25,'2024-01-29','21:12:15',1.00,0.00,4.25,'Bubble Up Soda 350ML','NO','SS',0,0,'0012401291011',0.00,0.00,0.00,0.00,'NO',1,0.00,0.00,0.00,NULL,'2024-01-29','2024-01-29'),(999,1,'411',10,'6001240100059','i',64.90,'2024-01-29','21:12:18',1.00,0.00,64.90,'Ceres Orange 1Ltr','NO','SS',0,0,'0012401291011',0.00,0.00,0.00,0.00,'NO',1,0.00,0.00,0.00,NULL,'2024-01-29','2024-01-29'),(1000,1,'411',10,'62905398','i',3.07,'2024-01-29','21:12:22',1.00,0.00,3.07,'Cool Sun A/S 200ml','NO','SS',0,0,'0012401291011',0.00,0.00,0.00,0.00,'NO',1,0.00,0.00,0.00,NULL,'2024-01-29','2024-01-29'),(1001,1,'411',11,'62905398','i',3.07,'2024-01-29','21:14:14',-1.00,0.00,-3.07,'Cool Sun A/S 200ml','NO','RR',0,0,'0012401291111',0.00,0.00,0.00,0.00,'NO',1,0.00,0.00,0.00,NULL,'2024-01-29','2024-01-29'),(1002,1,'411',12,'5411188543381','i',45.40,'2024-01-29','21:16:02',1.00,0.00,45.40,'Alpro Soya Original Drink 1lt','NO','SS',0,0,'0012401291211',0.00,0.00,0.00,0.00,'NO',1,0.00,0.00,0.00,NULL,'2024-01-29','2024-01-29'),(1003,1,'411',12,'5411188110835','i',36.99,'2024-01-29','21:16:04',1.00,0.00,36.99,'Alpro Soya Almond Drink 1Ltr','NO','SS',0,0,'0012401291211',0.00,0.00,0.00,0.00,'NO',1,0.00,0.00,0.00,NULL,'2024-01-29','2024-01-29'),(1004,1,'411',12,'5449000232755','i',4.10,'2024-01-29','21:16:06',1.00,0.00,4.10,'Club Soda Water 350Ml','NO','SS',0,0,'0012401291211',0.00,0.00,0.00,0.00,'NO',1,0.00,0.00,0.00,NULL,'2024-01-29','2024-01-29'),(1005,1,'2',7,'62905398','i',0.00,'2024-01-29','21:17:01',2.00,0.00,0.00,'Cool Sun A/S 200ml','NULL','SS',NULL,0,'001240129711',0.00,0.00,0.00,0.00,NULL,1,0.00,0.00,0.00,NULL,'2024-01-29','2024-01-29'),(1006,1,'411',13,'8364937486','i',10.00,'2024-01-29','06:30:35',1.00,1.30,10.00,'JOY COLA','YES','SS',0,0,'0012401291311',0.21,0.21,0.08,1.30,'YES',1,0.00,0.00,0.00,NULL,'2024-01-30','2024-01-30'),(1007,1,'411',13,'6033000340085','i',1.00,'2024-01-29','06:30:40',1.00,0.13,1.00,'STORM ENERGY LG','YES','SS',0,1,'0012401291311',0.02,0.02,0.01,0.13,'YES',1,0.00,0.00,0.00,NULL,'2024-01-30','2024-01-30'),(1008,1,'411',13,'6033000340085','i',1.00,'2024-01-29','06:35:20',3.00,0.13,3.00,'STORM ENERGY LG','YES','SS',0,0,'0012401291311',0.06,0.06,0.02,0.39,'YES',1,0.00,0.00,0.00,NULL,'2024-01-30','2024-01-30'),(1010,1,'411',14,'8364937486','i',10.00,'2024-01-29','03:46:18',1.00,1.30,10.00,'JOY COLA','YES','SS',0,0,'0012401291411',0.21,0.21,0.08,1.30,'YES',1,0.00,0.00,0.00,NULL,'2024-02-07','2024-02-07'),(1011,1,'411',14,'6033000340085','i',1.00,'2024-01-29','03:46:25',1.00,0.13,1.00,'STORM ENERGY LG','YES','SS',0,0,'0012401291411',0.02,0.02,0.01,0.13,'YES',1,0.00,0.00,0.00,NULL,'2024-02-07','2024-02-07'),(1012,1,'411',14,'6034000181036','i',500.00,'2024-01-29','03:46:28',1.00,65.22,500.00,'BEL-AQUA SMALL','YES','SS',0,0,'0012401291411',10.25,10.25,4.10,65.22,'YES',1,0.00,0.00,0.00,NULL,'2024-02-07','2024-02-07'),(1018,1,'411',15,'54646467564','i',7.00,'2024-01-29','03:58:33',1.00,0.00,7.00,'ORANGE','YES','SS',0,0,'0012401291511',0.14,0.14,0.06,0.91,'YES',1,0.00,0.00,0.00,NULL,'2024-02-07','2024-02-07'),(1019,1,'411',15,'54646467564','i',7.00,'2024-01-29','03:58:33',1.00,0.00,7.00,'ORANGE','YES','SS',0,0,'0012401291511',0.14,0.14,0.06,0.91,'YES',1,0.00,0.00,0.00,NULL,'2024-02-07','2024-02-07'),(1020,1,'411',15,'8364937486','i',10.00,'2024-01-29','03:58:33',1.00,1.30,10.00,'JOY COLA','YES','SS',0,0,'0012401291511',0.21,0.21,0.08,1.30,'YES',1,0.00,0.00,0.00,NULL,'2024-02-07','2024-02-07'),(1022,1,'411',16,'6034000181036','i',500.00,'2024-01-29','08:57:10',1.00,65.22,500.00,'BEL-AQUA SMALL','YES','SS',0,0,'0012401291611',10.25,10.25,4.10,65.22,'YES',1,0.00,0.00,0.00,NULL,'2024-02-11','2024-02-11'),(1023,1,'411',17,'6034000181036','i',500.00,'2024-01-29','09:09:00',1.00,65.22,500.00,'BEL-AQUA SMALL','YES','SS',0,0,'0012401291711',10.25,10.25,4.10,65.22,'YES',1,0.00,0.00,0.00,NULL,'2024-02-11','2024-02-11'),(1024,1,'411',18,'6034000181036','i',500.00,'2024-01-29','09:14:09',1.00,65.22,500.00,'BEL-AQUA SMALL','YES','SS',0,0,'0012401291811',10.25,10.25,4.10,65.22,'YES',1,0.00,0.00,0.00,NULL,'2024-02-11','2024-02-11'),(1025,1,'411',19,'6034000181036','i',500.00,'2024-01-29','09:15:39',1.00,65.22,500.00,'BEL-AQUA SMALL','YES','SS',0,0,'0012401291911',10.25,10.25,4.10,65.22,'YES',1,0.00,0.00,0.00,NULL,'2024-02-11','2024-02-11'),(1026,1,'411',20,'6034000181036','i',500.00,'2024-01-29','09:19:44',1.00,65.22,500.00,'BEL-AQUA SMALL','YES','SS',0,0,'0012401292011',10.25,10.25,4.10,65.22,'YES',1,0.00,0.00,0.00,NULL,'2024-02-11','2024-02-11'),(1027,1,'411',21,'6034000181036','i',500.00,'2024-01-29','09:21:48',1.00,65.22,500.00,'BEL-AQUA SMALL','YES','SS',0,0,'0012401292111',10.25,10.25,4.10,65.22,'YES',1,0.00,0.00,0.00,NULL,'2024-02-11','2024-02-11'),(1028,1,'411',22,'6034000181036','i',500.00,'2024-01-29','09:58:40',1.00,65.22,500.00,'BEL-AQUA SMALL','YES','SS',0,0,'0012401292211',10.25,10.25,4.10,65.22,'YES',1,0.00,0.00,0.00,NULL,'2024-02-11','2024-02-11'),(1029,1,'411',22,'6034000181036','i',500.00,'2024-01-29','09:58:43',1.00,65.22,500.00,'BEL-AQUA SMALL','YES','SS',0,0,'0012401292211',10.25,10.25,4.10,65.22,'YES',1,0.00,0.00,0.00,NULL,'2024-02-11','2024-02-11'),(1030,1,'411',23,'0987654321','i',100.00,'2024-01-29','11:12:53',1.00,0.00,100.00,'GAUVA JUICE','NO','SS',0,0,'0012401292311',0.00,0.00,0.00,0.00,'NO',1,0.00,0.00,0.00,NULL,'2024-02-13','2024-02-13'),(1031,1,'411',24,'0987654321','i',100.00,'2024-01-29','11:13:39',1.00,0.00,100.00,'GAUVA JUICE','NO','SS',0,0,'0012401292411',0.00,0.00,0.00,0.00,'NO',1,0.00,0.00,0.00,NULL,'2024-02-13','2024-02-13'),(1035,1,'411',25,'0987654321','i',100.00,'2024-01-29','11:16:22',1.00,0.00,100.00,'GAUVA JUICE','NO','SS',0,0,'0012401292511',0.00,0.00,0.00,0.00,'NO',1,0.00,0.00,0.00,NULL,'2024-02-13','2024-02-13'),(1036,1,'411',25,'DICOUNT','D',NULL,'2024-01-29','11:16:34',0.00,0.00,0.00,'DISCOUNT','NULL','D',NULL,0,'0012401292511',0.00,0.00,0.00,0.00,NULL,1,0.00,0.00,3.00,NULL,'2024-02-13','2024-02-13'),(1037,1,'411',26,'6034000181036','i',500.00,'2024-01-29','03:49:46',1.00,65.22,500.00,'BEL-AQUA SMALL','YES','SS',0,0,'0012401292611',10.25,10.25,4.10,65.22,'YES',1,0.00,0.00,0.00,NULL,'2024-02-14','2024-02-14'),(1038,1,'411',27,'6034000181036','i',500.00,'2024-01-29','18:32:02',1.00,65.22,500.00,'BEL-AQUA SMALL','YES','SS',0,0,'0012401292711',10.25,10.25,4.10,65.22,'YES',1,0.00,0.00,0.00,NULL,'2024-02-14','2024-02-14'),(1039,1,'411',28,'6034000181036','i',500.00,'2024-01-29','09:37:33',1.00,65.22,500.00,'BEL-AQUA SMALL','YES','SS',0,0,'0012401292811',10.25,10.25,4.10,65.22,'YES',1,0.00,0.00,0.00,NULL,'2024-02-15','2024-02-15'),(1041,1,'411',29,'6033000340085','i',1.00,'2024-01-29','00:34:55',1.00,0.13,1.00,'STORM ENERGY LG','YES','SS',0,0,'0012401292911',0.02,0.02,0.01,0.13,'YES',1,0.00,0.00,0.00,NULL,'2024-02-19','2024-02-19');
/*!40000 ALTER TABLE `history_trans` ENABLE KEYS */;
UNLOCK TABLES;

--
-- Table structure for table `invoice_hd`
--

DROP TABLE IF EXISTS `invoice_hd`;
/*!40101 SET @saved_cs_client     = @@character_set_client */;
/*!50503 SET character_set_client = utf8mb4 */;
CREATE TABLE `invoice_hd` (
  `id` int NOT NULL DEFAULT '0',
  `entry_no` char(10) NOT NULL,
  `loc_id` char(3) NOT NULL,
  `customer` int NOT NULL,
  `remarks` text,
  `taxable` int NOT NULL DEFAULT '0',
  `iss_date` date NOT NULL,
  `due_date` date NOT NULL,
  `net_amt` decimal(10,2) DEFAULT '0.00',
  `tax_amt` decimal(10,2) DEFAULT '0.00',
  `other_cost` decimal(10,2) DEFAULT '0.00',
  `gross_amt` decimal(10,2) DEFAULT '0.00',
  `date_created` date DEFAULT (curdate()),
  `time_created` time DEFAULT (curtime()),
  `created_by` int NOT NULL,
  `valid` int DEFAULT '1',
  `approved` int DEFAULT '0'
) ENGINE=InnoDB DEFAULT CHARSET=utf8mb4 COLLATE=utf8mb4_0900_ai_ci;
/*!40101 SET character_set_client = @saved_cs_client */;

--
-- Dumping data for table `invoice_hd`
--

LOCK TABLES `invoice_hd` WRITE;
/*!40000 ALTER TABLE `invoice_hd` DISABLE KEYS */;
/*!40000 ALTER TABLE `invoice_hd` ENABLE KEYS */;
UNLOCK TABLES;

--
-- Table structure for table `invoice_tran`
--

DROP TABLE IF EXISTS `invoice_tran`;
/*!40101 SET @saved_cs_client     = @@character_set_client */;
/*!50503 SET character_set_client = utf8mb4 */;
CREATE TABLE `invoice_tran` (
  `entry_no` char(10) NOT NULL,
  `line_no` int NOT NULL,
  `barcode` char(255) NOT NULL,
  `item_desc` text NOT NULL,
  `packing` char(10) NOT NULL,
  `pack_qty` decimal(10,2) NOT NULL,
  `tran_qty` decimal(10,2) DEFAULT '0.00',
  `unit_cost` decimal(10,2) NOT NULL,
  `net_cost` decimal(10,2) NOT NULL,
  `tax_amt` decimal(10,2) DEFAULT '0.00',
  `gross_amt` decimal(10,2) NOT NULL
) ENGINE=InnoDB DEFAULT CHARSET=utf8mb4 COLLATE=utf8mb4_0900_ai_ci;
/*!40101 SET character_set_client = @saved_cs_client */;

--
-- Dumping data for table `invoice_tran`
--

LOCK TABLES `invoice_tran` WRITE;
/*!40000 ALTER TABLE `invoice_tran` DISABLE KEYS */;
/*!40000 ALTER TABLE `invoice_tran` ENABLE KEYS */;
UNLOCK TABLES;

--
-- Table structure for table `item_buttons`
--

DROP TABLE IF EXISTS `item_buttons`;
/*!40101 SET @saved_cs_client     = @@character_set_client */;
/*!50503 SET character_set_client = utf8mb4 */;
CREATE TABLE `item_buttons` (
  `id` int NOT NULL AUTO_INCREMENT,
  `button_index` int DEFAULT NULL,
  `description` varchar(20) DEFAULT NULL,
  PRIMARY KEY (`id`)
) ENGINE=InnoDB AUTO_INCREMENT=194 DEFAULT CHARSET=utf8mb4 COLLATE=utf8mb4_0900_ai_ci;
/*!40101 SET character_set_client = @saved_cs_client */;

--
-- Dumping data for table `item_buttons`
--

LOCK TABLES `item_buttons` WRITE;
/*!40000 ALTER TABLE `item_buttons` DISABLE KEYS */;
INSERT INTO `item_buttons` VALUES (187,0,'Default'),(188,14,'DRINKS'),(189,15,'VEGETABLES'),(190,16,'Stationaries'),(191,17,'DISPOSABLES'),(192,19,'GRAINS'),(193,20,'SNACKS');
/*!40000 ALTER TABLE `item_buttons` ENABLE KEYS */;
UNLOCK TABLES;

--
-- Table structure for table `item_group`
--

DROP TABLE IF EXISTS `item_group`;
/*!40101 SET @saved_cs_client     = @@character_set_client */;
/*!50503 SET character_set_client = utf8mb4 */;
CREATE TABLE `item_group` (
  `id` int NOT NULL AUTO_INCREMENT COMMENT 'group id',
  `group_name` text NOT NULL COMMENT 'name of group',
  `date_created` date DEFAULT (curdate()),
  `time_added` time DEFAULT (curtime()),
  `owner` text NOT NULL COMMENT 'who created group',
  `grp_uni` char(255) DEFAULT NULL,
  `modified_by` text,
  `date_modified` date DEFAULT (curdate()),
  `time_modified` time DEFAULT (curtime()),
  `shrt_name` text,
  `tax_grp` int DEFAULT '0',
  `status` int DEFAULT (1),
  PRIMARY KEY (`id`),
  UNIQUE KEY `item_group_grp_uni_uindex` (`grp_uni`)
) ENGINE=InnoDB AUTO_INCREMENT=21 DEFAULT CHARSET=utf8mb4 COLLATE=utf8mb4_0900_ai_ci;
/*!40101 SET character_set_client = @saved_cs_client */;

--
-- Dumping data for table `item_group`
--

LOCK TABLES `item_group` WRITE;
/*!40000 ALTER TABLE `item_group` DISABLE KEYS */;
INSERT INTO `item_group` VALUES (0,'Default','2023-10-04','05:47:54','system','default','system','2023-10-04','05:47:54','Default',1,1),(14,'DRINKS','2022-10-15','07:47:17','Demo User','d7d0303efdbba948e08911baaf50e86e','Demo User','2022-10-15','07:47:17','DRINKS',7,1),(15,'VEGETABLES','2022-10-15','07:48:19','Demo User','e2e11f4600d2e668a96d22ca28c1c2f5','Demo User','2022-10-15','11:18:11','VEGETABLES',7,1),(16,'Stationaries','2022-12-06','08:30:34','Demo User','28a6c5e1ffc31d509bdd1fb4daaf0f1b','Demo User','2022-12-06','08:30:34','Stationaries',1,1),(17,'DISPOSABLES','2023-07-23','17:36:16','Demo User','e71fc249f89081fd878c6a15ec2e0f77','Demo User','2023-07-23','17:36:16','DISPOSABLES',9,1),(19,'GRAINS','2023-11-05','06:49:36','Demo User','231766d387849012c50fa8a9ef9def8f','Demo User','2023-11-05','06:49:36','GRAINS',1,1),(20,'SNACKS','2024-01-30','06:39:30','Demo User','20c8bcde3d5e1828fb978a53c19a19b8','Demo User','2024-01-30','06:39:30','SNACKS',1,1);
/*!40000 ALTER TABLE `item_group` ENABLE KEYS */;
UNLOCK TABLES;

--
-- Table structure for table `item_group_sub`
--

DROP TABLE IF EXISTS `item_group_sub`;
/*!40101 SET @saved_cs_client     = @@character_set_client */;
/*!50503 SET character_set_client = utf8mb4 */;
CREATE TABLE `item_group_sub` (
  `id` int NOT NULL AUTO_INCREMENT,
  `parent` int DEFAULT '0',
  `description` text,
  `date_created` timestamp NOT NULL DEFAULT CURRENT_TIMESTAMP,
  `owner` text,
  PRIMARY KEY (`id`),
  UNIQUE KEY `unique_index` (`id`,`parent`),
  KEY `route_with_parent` (`parent`),
  CONSTRAINT `route_with_parent` FOREIGN KEY (`parent`) REFERENCES `item_group` (`id`) ON DELETE SET NULL ON UPDATE CASCADE
) ENGINE=InnoDB AUTO_INCREMENT=12 DEFAULT CHARSET=utf8mb4 COLLATE=utf8mb4_0900_ai_ci;
/*!40101 SET character_set_client = @saved_cs_client */;

--
-- Dumping data for table `item_group_sub`
--

LOCK TABLES `item_group_sub` WRITE;
/*!40000 ALTER TABLE `item_group_sub` DISABLE KEYS */;
INSERT INTO `item_group_sub` VALUES (0,0,'Default','2023-10-04 05:49:27','system'),(1,15,'LOCAL','2022-10-15 07:49:32','2'),(2,15,'IMPORTED','2022-10-15 07:50:37','2'),(3,15,'SCALABLE','2022-10-15 07:51:38','2'),(4,14,'ENERGY','2022-10-15 07:57:28','2'),(5,14,'MINERALS','2022-10-17 02:21:43','2'),(6,16,'Books','2022-12-06 08:30:47','2'),(7,17,'RUBBER','2023-07-23 17:36:32','2'),(8,17,'METALS','2023-07-23 17:36:40','2'),(10,19,'RICE','2023-11-05 06:49:55','2'),(11,20,'BISCUITS','2024-01-30 06:39:48','2');
/*!40000 ALTER TABLE `item_group_sub` ENABLE KEYS */;
UNLOCK TABLES;

--
-- Table structure for table `items_master`
--

DROP TABLE IF EXISTS `items_master`;
/*!40101 SET @saved_cs_client     = @@character_set_client */;
/*!50503 SET character_set_client = utf8mb4 */;
CREATE TABLE `items_master` (
  `id` int NOT NULL AUTO_INCREMENT COMMENT 'unique id of each item',
  `barcode` text NOT NULL COMMENT 'barcode of item',
  `desc` text NOT NULL COMMENT 'item description',
  `cost` decimal(10,2) NOT NULL COMMENT 'cost price of the item from supplier',
  `retail` decimal(10,2) NOT NULL COMMENT 'how much is it sold for',
  `tax_grp` int NOT NULL DEFAULT '0' COMMENT 'id of tax this belongs oo',
  `item_grp` text NOT NULL,
  `item_uni` text,
  PRIMARY KEY (`id`)
) ENGINE=InnoDB AUTO_INCREMENT=7 DEFAULT CHARSET=utf8mb4 COLLATE=utf8mb4_0900_ai_ci;
/*!40101 SET character_set_client = @saved_cs_client */;

--
-- Dumping data for table `items_master`
--

LOCK TABLES `items_master` WRITE;
/*!40000 ALTER TABLE `items_master` DISABLE KEYS */;
/*!40000 ALTER TABLE `items_master` ENABLE KEYS */;
UNLOCK TABLES;

--
-- Table structure for table `loc`
--

DROP TABLE IF EXISTS `loc`;
/*!40101 SET @saved_cs_client     = @@character_set_client */;
/*!50503 SET character_set_client = utf8mb4 */;
CREATE TABLE `loc` (
  `id` int NOT NULL AUTO_INCREMENT,
  `loc_id` char(3) DEFAULT NULL,
  `loc_desc` text,
  `country` text COMMENT 'country',
  `city` text COMMENT 'city',
  `street` text COMMENT 'street',
  `post_box` text COMMENT 'post box',
  `email` text COMMENT 'email address',
  `phone` text COMMENT 'phone number',
  PRIMARY KEY (`id`)
) ENGINE=InnoDB AUTO_INCREMENT=10 DEFAULT CHARSET=utf8mb4 COLLATE=utf8mb4_0900_ai_ci;
/*!40101 SET character_set_client = @saved_cs_client */;

--
-- Dumping data for table `loc`
--

LOCK TABLES `loc` WRITE;
/*!40000 ALTER TABLE `loc` DISABLE KEYS */;
INSERT INTO `loc` VALUES (0,'999','WAREHOUSE','Ghana','OSU','Brains','PO Box 120','wh@store.com','0546310011'),(7,'001','MAIN LOCATION','Ghana','Accra','Oxford','PO Box 120','main@store.com','0201998184'),(9,'201','JAMES TOWN','Ghana','James Town','Cocoa','PO Box 120','jt@store.com','0201972648');
/*!40000 ALTER TABLE `loc` ENABLE KEYS */;
UNLOCK TABLES;

--
-- Table structure for table `logs`
--

DROP TABLE IF EXISTS `logs`;
/*!40101 SET @saved_cs_client     = @@character_set_client */;
/*!50503 SET character_set_client = utf8mb4 */;
CREATE TABLE `logs` (
  `id` int NOT NULL AUTO_INCREMENT,
  `message` text,
  `date_time` timestamp NULL DEFAULT CURRENT_TIMESTAMP,
  PRIMARY KEY (`id`)
) ENGINE=InnoDB DEFAULT CHARSET=utf8mb4 COLLATE=utf8mb4_0900_ai_ci;
/*!40101 SET character_set_client = @saved_cs_client */;

--
-- Dumping data for table `logs`
--

LOCK TABLES `logs` WRITE;
/*!40000 ALTER TABLE `logs` DISABLE KEYS */;
/*!40000 ALTER TABLE `logs` ENABLE KEYS */;
UNLOCK TABLES;

--
-- Table structure for table `loy_customer`
--

DROP TABLE IF EXISTS `loy_customer`;
/*!40101 SET @saved_cs_client     = @@character_set_client */;
/*!50503 SET character_set_client = utf8mb4 */;
CREATE TABLE `loy_customer` (
  `cust_code` int NOT NULL AUTO_INCREMENT,
  `name` text NOT NULL,
  `email` char(60) DEFAULT NULL,
  `mobile` char(30) NOT NULL COMMENT 'customer mobile number',
  PRIMARY KEY (`cust_code`),
  UNIQUE KEY `loy_customer_pk` (`mobile`),
  UNIQUE KEY `loy_customer_pk2` (`email`)
) ENGINE=InnoDB AUTO_INCREMENT=100033 DEFAULT CHARSET=utf8mb4 COLLATE=utf8mb4_0900_ai_ci COMMENT='Loyalty Customers';
/*!40101 SET character_set_client = @saved_cs_client */;

--
-- Dumping data for table `loy_customer`
--

LOCK TABLES `loy_customer` WRITE;
/*!40000 ALTER TABLE `loy_customer` DISABLE KEYS */;
INSERT INTO `loy_customer` VALUES (100031,'UYIN SOLOMON','uyin_@hotmail.com','0546310011'),(100032,'HENRY CHASE','chase@domain.com','0201998184');
/*!40000 ALTER TABLE `loy_customer` ENABLE KEYS */;
UNLOCK TABLES;

--
-- Table structure for table `loyalty_point_stmt`
--

DROP TABLE IF EXISTS `loyalty_point_stmt`;
/*!40101 SET @saved_cs_client     = @@character_set_client */;
/*!50503 SET character_set_client = utf8mb4 */;
CREATE TABLE `loyalty_point_stmt` (
  `cust_code` int NOT NULL,
  `value` decimal(10,2) DEFAULT '0.00',
  `billRef` char(20) NOT NULL,
  UNIQUE KEY `loyalty_point_stmt_pk` (`billRef`),
  KEY `loyalty_point_stmt_loy_customer_cust_code_fk` (`cust_code`),
  CONSTRAINT `loyalty_point_stmt_loy_customer_cust_code_fk` FOREIGN KEY (`cust_code`) REFERENCES `loy_customer` (`cust_code`)
) ENGINE=InnoDB DEFAULT CHARSET=utf8mb4 COLLATE=utf8mb4_0900_ai_ci COMMENT='Rable keeps loyalty points transactions for a customer';
/*!40101 SET character_set_client = @saved_cs_client */;

--
-- Dumping data for table `loyalty_point_stmt`
--

LOCK TABLES `loyalty_point_stmt` WRITE;
/*!40000 ALTER TABLE `loyalty_point_stmt` DISABLE KEYS */;
INSERT INTO `loyalty_point_stmt` VALUES (100032,8.00,'0012311042311'),(100032,7.70,'0012311042711');
/*!40000 ALTER TABLE `loyalty_point_stmt` ENABLE KEYS */;
UNLOCK TABLES;

--
-- Table structure for table `loyalty_tran`
--

DROP TABLE IF EXISTS `loyalty_tran`;
/*!40101 SET @saved_cs_client     = @@character_set_client */;
/*!50503 SET character_set_client = utf8mb4 */;
CREATE TABLE `loyalty_tran` (
  `cust_code` char(66) NOT NULL,
  `billRef` char(60) NOT NULL,
  `time_stamp` datetime DEFAULT CURRENT_TIMESTAMP,
  `cust_name` text,
  `points_before` decimal(10,2) DEFAULT (0.00),
  `points_earned` decimal(10,2) DEFAULT (0.00),
  `current_points` decimal(10,2) DEFAULT ((`points_before` + `points_earned`)),
  PRIMARY KEY (`billRef`)
) ENGINE=InnoDB DEFAULT CHARSET=utf8mb4 COLLATE=utf8mb4_0900_ai_ci;
/*!40101 SET character_set_client = @saved_cs_client */;

--
-- Dumping data for table `loyalty_tran`
--

LOCK TABLES `loyalty_tran` WRITE;
/*!40000 ALTER TABLE `loyalty_tran` DISABLE KEYS */;
INSERT INTO `loyalty_tran` VALUES ('9000000001','00123110410911','2023-11-29 19:55:10','REZA SADOON',4951.40,-36.99,4914.41),('9000000001','00123110411011','2023-11-30 05:35:32','REZA SADOON',4959.10,-739.80,4219.30),('9000000001','00123110411111','2023-11-30 05:55:04','REZA SADOON',4219.30,-851.00,3368.30),('9000000001','001231213611','2023-12-13 11:25:59','REZA SADOON',3368.30,-20.00,3348.30),('9000000001','0012401073521','2024-01-16 06:12:59','REZA SADOON',3348.30,500.00,3848.30),('9000000001','0012401073621','2024-01-16 06:18:10','REZA SADOON',3848.30,-2000.00,1848.30),('9000000001','0012401074221','2024-01-17 16:48:39','REZA SADOON',1848.30,0.00,1848.30),('9000000001','0012401074621','2024-01-17 16:49:15','REZA SADOON',1848.30,-20.00,1828.30),('9000000001','0012401291611','2024-02-11 08:57:00','REZA SADOON',180.70,500.00,680.70),('9000000001','0012401291711','2024-02-11 09:00:41','REZA SADOON',180.70,500.00,680.70),('9000000001','0012401291811','2024-02-11 09:13:14','REZA SADOON',180.70,500.00,680.70),('9000000001','0012401291911','2024-02-11 09:15:31','REZA SADOON',180.70,500.00,680.70),('9000000001','0012401292011','2024-02-11 09:19:33','REZA SADOON',180.70,500.00,680.70),('9000000001','0012401292111','2024-02-11 09:20:07','REZA SADOON',180.70,500.00,680.70),('9000000001','0012401292211','2024-02-11 10:00:00','REZA SADOON',680.70,1000.00,1680.70),('9000000001','001240129611','2024-01-29 21:03:52','REZA SADOON',1828.30,52.40,1880.70),('9000000001','001240129711','2024-01-29 21:05:02','REZA SADOON',1880.70,-1800.00,80.70);
/*!40000 ALTER TABLE `loyalty_tran` ENABLE KEYS */;
UNLOCK TABLES;

--
-- Table structure for table `mech_setup`
--

DROP TABLE IF EXISTS `mech_setup`;
/*!40101 SET @saved_cs_client     = @@character_set_client */;
/*!50503 SET character_set_client = utf8mb4 */;
CREATE TABLE `mech_setup` (
  `id` int NOT NULL AUTO_INCREMENT,
  `mech_no` int DEFAULT NULL,
  `descr` text,
  `mac_addr` text,
  PRIMARY KEY (`id`),
  UNIQUE KEY `id` (`id`)
) ENGINE=InnoDB AUTO_INCREMENT=17 DEFAULT CHARSET=utf8mb4 COLLATE=utf8mb4_0900_ai_ci;
/*!40101 SET character_set_client = @saved_cs_client */;

--
-- Dumping data for table `mech_setup`
--

LOCK TABLES `mech_setup` WRITE;
/*!40000 ALTER TABLE `mech_setup` DISABLE KEYS */;
INSERT INTO `mech_setup` VALUES (12,1,'TEST POS','C4-9D-ED-93-4B-BC'),(16,2,'UAT2','00:1A:2B:3C:4D:5E');
/*!40000 ALTER TABLE `mech_setup` ENABLE KEYS */;
UNLOCK TABLES;

--
-- Table structure for table `my_table`
--

DROP TABLE IF EXISTS `my_table`;
/*!40101 SET @saved_cs_client     = @@character_set_client */;
/*!50503 SET character_set_client = utf8mb4 */;
CREATE TABLE `my_table` (
  `id` int unsigned NOT NULL AUTO_INCREMENT,
  `my_column` decimal(10,2) NOT NULL,
  PRIMARY KEY (`id`)
) ENGINE=InnoDB AUTO_INCREMENT=3 DEFAULT CHARSET=utf8mb4 COLLATE=utf8mb4_0900_ai_ci;
/*!40101 SET character_set_client = @saved_cs_client */;

--
-- Dumping data for table `my_table`
--

LOCK TABLES `my_table` WRITE;
/*!40000 ALTER TABLE `my_table` DISABLE KEYS */;
INSERT INTO `my_table` VALUES (1,-123.45),(2,-8.00);
/*!40000 ALTER TABLE `my_table` ENABLE KEYS */;
UNLOCK TABLES;

--
-- Table structure for table `packaging`
--

DROP TABLE IF EXISTS `packaging`;
/*!40101 SET @saved_cs_client     = @@character_set_client */;
/*!50503 SET character_set_client = utf8mb4 */;
CREATE TABLE `packaging` (
  `id` int unsigned NOT NULL AUTO_INCREMENT,
  `created_at` timestamp NOT NULL DEFAULT CURRENT_TIMESTAMP,
  `desc` varchar(255) DEFAULT NULL,
  PRIMARY KEY (`id`)
) ENGINE=InnoDB AUTO_INCREMENT=8 DEFAULT CHARSET=utf8mb4 COLLATE=utf8mb4_0900_ai_ci;
/*!40101 SET character_set_client = @saved_cs_client */;

--
-- Dumping data for table `packaging`
--

LOCK TABLES `packaging` WRITE;
/*!40000 ALTER TABLE `packaging` DISABLE KEYS */;
INSERT INTO `packaging` VALUES (0,'2023-10-05 05:13:21','DEF'),(5,'2022-10-16 23:05:30','PCS'),(6,'2022-10-16 23:05:30','CTN');
/*!40000 ALTER TABLE `packaging` ENABLE KEYS */;
UNLOCK TABLES;

--
-- Table structure for table `po_hd`
--

DROP TABLE IF EXISTS `po_hd`;
/*!40101 SET @saved_cs_client     = @@character_set_client */;
/*!50503 SET character_set_client = utf8mb4 */;
CREATE TABLE `po_hd` (
  `id` int NOT NULL AUTO_INCREMENT,
  `doc_no` char(13) DEFAULT NULL,
  `status` int DEFAULT '0',
  `location` char(3) NOT NULL,
  `suppler` char(13) NOT NULL,
  `type` char(13) NOT NULL,
  `remarks` text,
  `total_amount` decimal(10,2) DEFAULT NULL,
  `owner` text,
  `created_on` timestamp NOT NULL DEFAULT CURRENT_TIMESTAMP,
  `edited_on` timestamp NOT NULL DEFAULT '0000-00-00 00:00:00',
  `edited_by` char(30) DEFAULT NULL,
  `approved_by` char(13) DEFAULT NULL,
  `approved_on` datetime DEFAULT NULL,
  `grn` int DEFAULT '0',
  PRIMARY KEY (`id`)
) ENGINE=InnoDB AUTO_INCREMENT=1000013 DEFAULT CHARSET=utf8mb4 COLLATE=utf8mb4_0900_ai_ci;
/*!40101 SET character_set_client = @saved_cs_client */;

--
-- Dumping data for table `po_hd`
--

LOCK TABLES `po_hd` WRITE;
/*!40000 ALTER TABLE `po_hd` DISABLE KEYS */;
INSERT INTO `po_hd` VALUES (1000001,'PO1000001',1,'001','EMD','direct','Purchase from EMADON and delivered to MAIN LOCATION',60.00,'Demo User','2022-10-17 00:04:55','0000-00-00 00:00:00',NULL,'Demo User','2022-10-17 00:15:06',1),(1000002,'PO1000002',1,'001','FEA','direct','Purchase from FAR-EAST and delivered to MAIN LOCATION',20.00,'Demo User','2023-01-19 11:41:58','0000-00-00 00:00:00',NULL,'Demo User','2023-01-19 13:18:28',1),(1000003,'PO1000003',1,'001','FEA','direct','Purchase from FAR-EAST and delivered to MAIN LOCATION',200.00,'Demo User','2023-05-24 09:22:24','0000-00-00 00:00:00',NULL,'Demo User','2023-05-24 10:05:00',1),(1000004,'PO1000004',1,'001','EMD','direct','Purchase from EMADON and delivered to MAIN LOCATION',10700.00,'Demo User','2023-05-25 21:48:08','0000-00-00 00:00:00',NULL,'Demo User','2023-05-25 21:48:11',1),(1000005,'PO1000005',1,'001','EMD','direct','Purchase from EMADON and delivered to MAIN LOCATION',50.00,'Demo User','2023-10-27 06:59:27','0000-00-00 00:00:00',NULL,'Demo User','2023-10-27 06:59:29',1),(1000006,'PO1000006',1,'999','DEF','direct','Purchase from DEFAULT and delivered to WAREHOUSE',250.00,'Demo User','2023-11-05 07:44:00','0000-00-00 00:00:00',NULL,'Demo User','2023-11-05 07:44:03',1),(1000007,'PO1000007',0,'001','EMD','direct','Purchase from EMADON and delivered to MAIN LOCATION',200.00,'Demo User','2023-11-06 06:58:35','0000-00-00 00:00:00',NULL,NULL,NULL,0),(1000008,'PO1000008',1,'001','EMD','direct','Purchase from EMADON and delivered to MAIN LOCATION',40.00,'Demo User','2023-11-06 07:22:21','0000-00-00 00:00:00',NULL,'Demo User','2023-11-06 20:24:59',1),(1000009,'PO1000009',1,'999','FEA','direct','Purchase from FAR-EAST and delivered to WAREHOUSE',250.00,'Demo User','2024-01-30 06:53:48','0000-00-00 00:00:00',NULL,'Demo User','2024-01-30 06:53:51',0),(1000010,'PO1000010',0,'001','DEF','direct','Purchase from DEFAULT and delivered to MAIN LOCATION',120.00,'Demo User','2024-02-08 06:14:18','0000-00-00 00:00:00',NULL,NULL,NULL,0),(1000011,'PO1000011',1,'999','DEF','direct','Purchase from DEFAULT and delivered to WAREHOUSE',470.00,'Demo User','2024-02-08 06:29:15','0000-00-00 00:00:00',NULL,'Demo User','2024-02-08 06:29:18',0),(1000012,'PO1000012',1,'001','DEF','direct','Purchase from DEFAULT and delivered to MAIN LOCATION',500.00,'Demo User','2024-03-06 09:37:24','0000-00-00 00:00:00',NULL,'Demo User','2024-03-06 09:37:25',0);
/*!40000 ALTER TABLE `po_hd` ENABLE KEYS */;
UNLOCK TABLES;

--
-- Table structure for table `po_trans`
--

DROP TABLE IF EXISTS `po_trans`;
/*!40101 SET @saved_cs_client     = @@character_set_client */;
/*!50503 SET character_set_client = utf8mb4 */;
CREATE TABLE `po_trans` (
  `prefix` varchar(2) NOT NULL DEFAULT 'PO',
  `id` int unsigned NOT NULL AUTO_INCREMENT,
  `parent` char(13) DEFAULT NULL,
  `line` int NOT NULL DEFAULT '0',
  `item_code` char(13) DEFAULT NULL,
  `barcode` char(13) DEFAULT NULL,
  `item_description` text NOT NULL,
  `packing` text,
  `pack_desc` text,
  `pack_um` decimal(10,2) DEFAULT '0.00',
  `qty` decimal(10,2) DEFAULT '0.00',
  `cost` decimal(10,2) DEFAULT '0.00',
  `total_cost` decimal(10,2) DEFAULT '0.00',
  `date_added` date DEFAULT (curdate()),
  `owner` char(13) DEFAULT NULL,
  `status` int DEFAULT '0',
  PRIMARY KEY (`id`),
  UNIQUE KEY `id` (`id`)
) ENGINE=InnoDB AUTO_INCREMENT=1000019 DEFAULT CHARSET=utf8mb4 COLLATE=utf8mb4_0900_ai_ci;
/*!40101 SET character_set_client = @saved_cs_client */;

--
-- Dumping data for table `po_trans`
--

LOCK TABLES `po_trans` WRITE;
/*!40000 ALTER TABLE `po_trans` DISABLE KEYS */;
INSERT INTO `po_trans` VALUES ('PO',1000001,'PO1000001',1,'1000000002','6033000340085','STORM ENERGY LG','PCS','PCS',0.00,2.00,30.00,60.00,'2022-10-17','Demo User',0),('PO',1000002,'PO1000002',1,'1000000003','6034000181036','BEL-AQUA SMALL','PCS','PCS',0.00,1.00,20.00,20.00,'2023-01-19','Demo User',0),('PO',1000003,'PO1000003',1,'1000000005','0987654321','GAUVA JUICE','12 * 1CTN','CTN',0.00,2.00,100.00,200.00,'2023-05-24','Demo User',0),('PO',1000004,'PO1000004',1,'1000000002','6033000340085','STORM ENERGY LG','PCS','PCS',0.00,200.00,6.00,10700.00,'2023-05-25','Demo User',0),('PO',1000005,'PO1000004',2,'1000000004','17264738','Note Pad Small',' PCS','PCS',0.00,100.00,95.00,10700.00,'2023-05-25','Demo User',0),('PO',1000006,'PO1000005',1,'1000000002','6033000340085','STORM ENERGY LG','8 * 1 CTN','CTN',0.00,1.00,50.00,50.00,'2023-10-27','Demo User',0),('PO',1000007,'PO1000006',1,'1000000214','6033000082985','Cerelac Wheat 400gm','20 * 1 CTN','CTN',20.00,1.00,250.00,250.00,'2023-11-05','Demo User',0),('PO',1000008,'PO1000007',1,'1000000004','17264738','Note Pad Small',' PCS','PCS',0.00,20.00,8.00,200.00,'2023-11-06','Demo User',0),('PO',1000009,'PO1000007',2,'1000000002','6033000340085','STORM ENERGY LG','8 * 1 CTN','CTN',0.00,1.00,40.00,200.00,'2023-11-06','Demo User',0),('PO',1000010,'PO1000008',1,'1000000002','6033000340085','STORM ENERGY LG','8 * 1 CTN','CTN',8.00,1.00,40.00,40.00,'2023-11-06','Demo User',0),('PO',1000011,'PO1000009',1,'1000000215','JAS-001','JASMIN RICE 1KG','10 * 1 CTN','CTN',10.00,5.00,10.00,250.00,'2024-01-30','Demo User',0),('PO',1000012,'PO1000009',2,'1000000003','6034000181036','BEL-AQUA SMALL',' PCS','PCS',1.00,100.00,2.00,250.00,'2024-01-30','Demo User',0),('PO',1000013,'PO1000010',1,'1000000152','6034000163339','HAPPY DELIGHT PINEAPPLE COCONUT 1L','PCS','PCS',1.00,1.00,20.00,20.00,'2024-02-08','Demo User',0),('PO',1000014,'PO1000010',2,'1000000186','3218930298009','Even Milk Half 1Ltr','PCS','PCS',1.00,2.00,50.00,100.00,'2024-02-08','Demo User',0),('PO',1000015,'PO1000011',1,'1000000123','5449000232755','Club Soda Water 350Ml','PCS','PCS',1.00,100.00,2.00,200.00,'2024-02-08','Demo User',0),('PO',1000016,'PO1000011',2,'1000000134','095188990342','TAMPICO CITRUS 1Ltr','PCS','PCS',1.00,50.00,3.00,150.00,'2024-02-08','Demo User',0),('PO',1000017,'PO1000011',3,'1000000137','8690558010037','Dimes Apple Juice 1L','PCS','PCS',1.00,80.00,1.50,120.00,'2024-02-08','Demo User',0),('PO',1000018,'PO1000012',1,'1000000214','6033000082985','Cerelac Wheat 400gm',' 20 * 1 CTN','DEF',10.00,10.00,50.00,500.00,'2024-03-06','Demo User',0);
/*!40000 ALTER TABLE `po_trans` ENABLE KEYS */;
UNLOCK TABLES;

--
-- Table structure for table `price_change`
--

DROP TABLE IF EXISTS `price_change`;
/*!40101 SET @saved_cs_client     = @@character_set_client */;
/*!50503 SET character_set_client = utf8mb4 */;
CREATE TABLE `price_change` (
  `id` int NOT NULL AUTO_INCREMENT,
  `item_code` int NOT NULL,
  `price_type` text,
  `previous` decimal(10,2) NOT NULL,
  `current` decimal(10,2) NOT NULL,
  PRIMARY KEY (`id`),
  KEY `price_change_with_product` (`item_code`),
  CONSTRAINT `price_change_with_product` FOREIGN KEY (`item_code`) REFERENCES `prod_master` (`item_code`) ON DELETE CASCADE ON UPDATE CASCADE
) ENGINE=InnoDB AUTO_INCREMENT=34 DEFAULT CHARSET=utf8mb4 COLLATE=utf8mb4_0900_ai_ci;
/*!40101 SET character_set_client = @saved_cs_client */;

--
-- Dumping data for table `price_change`
--

LOCK TABLES `price_change` WRITE;
/*!40000 ALTER TABLE `price_change` DISABLE KEYS */;
INSERT INTO `price_change` VALUES (2,1000000002,'r',1.00,1.00),(3,1000000002,'c',1.00,1.00),(4,1000000002,'r',1.00,1.00),(5,1000000003,'r',2.00,500.00),(6,1000000004,'r',5.00,5.00),(7,1000000003,'c',20.00,500.00),(8,1000000003,'r',500.00,500.00),(9,1000000005,'r',100.00,100.00),(10,1000000005,'c',100.00,100.00),(11,1000000005,'r',100.00,100.00),(12,1000000002,'c',1.00,1.00),(13,1000000002,'r',1.00,1.00),(14,1000000004,'c',2.00,95.00),(15,1000000004,'r',5.00,100.00),(16,1000000006,'r',7.00,7.00),(17,1000000002,'c',6.25,1.00),(18,1000000002,'r',8.00,1.00),(19,1000000215,'r',50.00,50.00),(20,1000000214,'c',21.03,21.03),(21,1000000214,'r',21.03,21.03),(22,1000000002,'c',5.00,1.00),(23,1000000002,'r',8.00,1.00),(24,1000000216,'r',10.00,10.00),(25,1000000217,'r',10.00,10.00),(26,1000000123,'c',1.54,0.00),(27,1000000123,'r',4.10,0.00),(28,1000000134,'c',4.50,0.00),(29,1000000134,'r',9.22,0.00),(30,1000000137,'c',24.28,0.00),(31,1000000137,'r',36.30,0.00),(32,1000000214,'c',12.50,0.00),(33,1000000214,'r',21.03,0.00);
/*!40000 ALTER TABLE `price_change` ENABLE KEYS */;
UNLOCK TABLES;

--
-- Table structure for table `prod_disc`
--

DROP TABLE IF EXISTS `prod_disc`;
/*!40101 SET @saved_cs_client     = @@character_set_client */;
/*!50503 SET character_set_client = utf8mb4 */;
CREATE TABLE `prod_disc` (
  `id` int NOT NULL AUTO_INCREMENT,
  `prod_code` text NOT NULL,
  `rate` decimal(10,0) NOT NULL DEFAULT '0',
  PRIMARY KEY (`id`)
) ENGINE=InnoDB DEFAULT CHARSET=utf8mb4 COLLATE=utf8mb4_0900_ai_ci;
/*!40101 SET character_set_client = @saved_cs_client */;

--
-- Dumping data for table `prod_disc`
--

LOCK TABLES `prod_disc` WRITE;
/*!40000 ALTER TABLE `prod_disc` DISABLE KEYS */;
/*!40000 ALTER TABLE `prod_disc` ENABLE KEYS */;
UNLOCK TABLES;

--
-- Table structure for table `prod_expiry`
--

DROP TABLE IF EXISTS `prod_expiry`;
/*!40101 SET @saved_cs_client     = @@character_set_client */;
/*!50503 SET character_set_client = utf8mb4 */;
CREATE TABLE `prod_expiry` (
  `id` int NOT NULL AUTO_INCREMENT,
  `item_code` char(10) NOT NULL,
  `expiry_date` date DEFAULT NULL,
  PRIMARY KEY (`id`)
) ENGINE=InnoDB AUTO_INCREMENT=10 DEFAULT CHARSET=utf8mb4 COLLATE=utf8mb4_0900_ai_ci;
/*!40101 SET character_set_client = @saved_cs_client */;

--
-- Dumping data for table `prod_expiry`
--

LOCK TABLES `prod_expiry` WRITE;
/*!40000 ALTER TABLE `prod_expiry` DISABLE KEYS */;
INSERT INTO `prod_expiry` VALUES (1,'1000000001','2022-11-04'),(2,'1000000002','2022-11-04'),(3,'1000000003','2022-11-04'),(4,'1000000004','2022-12-31'),(5,'1000000005','2023-06-08'),(6,'1000000006','2023-10-07'),(7,'1000000215','2023-11-23'),(8,'1000000216','2023-11-28'),(9,'1000000217','2024-02-06');
/*!40000 ALTER TABLE `prod_expiry` ENABLE KEYS */;
UNLOCK TABLES;

--
-- Table structure for table `prod_mast`
--

DROP TABLE IF EXISTS `prod_mast`;
/*!40101 SET @saved_cs_client     = @@character_set_client */;
/*!50503 SET character_set_client = utf8mb4 */;
CREATE TABLE `prod_mast` (
  `id` int NOT NULL AUTO_INCREMENT,
  `item_grp` int NOT NULL,
  `item_uni` text DEFAULT (md5(`desc`)),
  `barcode` char(255) NOT NULL COMMENT 'barcode of item',
  `desc` text NOT NULL COMMENT 'item description',
  `cost` decimal(10,2) NOT NULL COMMENT 'cost price of the item from supplier',
  `retail` decimal(10,2) NOT NULL COMMENT 'how much is it sold for',
  `tax_grp` char(3) NOT NULL DEFAULT '0' COMMENT 'id of tax this belongs oo',
  `discount` int DEFAULT '0',
  `discount_rate` decimal(10,2) DEFAULT '0.00',
  `stock_type` int NOT NULL DEFAULT '1',
  `prev_retail` decimal(10,2) DEFAULT '0.00',
  `sub_grp` int DEFAULT NULL,
  `tax_amt` decimal(10,2) DEFAULT '0.00',
  `retail_wo_tax` decimal(10,2) DEFAULT '0.00',
  PRIMARY KEY (`id`),
  UNIQUE KEY `barcode` (`barcode`),
  KEY `stock_typ` (`stock_type`)
) ENGINE=InnoDB AUTO_INCREMENT=1000000218 DEFAULT CHARSET=utf8mb4 COLLATE=utf8mb4_0900_ai_ci;
/*!40101 SET character_set_client = @saved_cs_client */;

--
-- Dumping data for table `prod_mast`
--

LOCK TABLES `prod_mast` WRITE;
/*!40000 ALTER TABLE `prod_mast` DISABLE KEYS */;
INSERT INTO `prod_mast` VALUES (1000000002,14,'c6a3d4170f794b2891d1c767f2979fc4','6033000340085','STORM ENERGY LG',0.50,1.00,'YES',0,0.00,1,0.00,4,0.13,0.87),(1000000003,14,'dfe908449482ecfab5745dec91e4c884','6034000181036','BEL-AQUA SMALL',20.00,500.00,'YES',0,0.00,1,0.00,5,65.22,434.78),(1000000004,16,'d0f56d04eb5460e3e7a59d7dfdea2207','17264738','Note Pad Small',95.00,100.00,'YES',0,0.00,1,0.00,6,0.00,0.00),(1000000005,17,'ca58e662336b142a17a1c2a4e664a4c8','0987654321','GAUVA JUICE',8.33,100.00,'NO',0,0.00,1,0.00,7,0.00,0.00),(1000000006,15,'80b20f1c3eec4b182653e83d947f468d','54646467564','ORANGE',5.00,7.00,'YES',0,0.00,2,0.00,1,0.00,0.00),(1000000114,0,'74b8ff4ceaea5f2009f464c3df5735c2','23098-mame','Soda Water',8.00,12.00,'NO',0,0.00,0,0.00,0,0.00,0.00),(1000000115,0,'980d12bc57d53a1a3b60110ecd427d4d','54491069','Sprite zero 0.5Ltr',2.90,4.00,'YES',0,0.00,1,0.00,0,0.52,3.48),(1000000116,0,'a0e15770c7dd458876b354a5cd045d0d','5449000234292','Pet F Orange 0.5Ltr',5.54,7.00,'NO',0,0.00,0,0.00,0,0.00,0.00),(1000000117,0,'d43ac8291e90d48f790c99cf9580cbcb','54491472','Pet Coke 0.5Ltr',6.38,8.00,'NO',0,0.00,0,0.00,0,0.00,0.00),(1000000118,0,'8bde9b42c9890df72be90375d7bb65a8','42094562','FANTA ORANGE.350ml',3.01,4.00,'NO',0,0.00,0,0.00,0,0.00,0.00),(1000000119,0,'a26a134c6497dd4d8dad24f01e6c8222','0100000013','COCA-COLA  CAN 33CL',3.49,7.98,'NO',0,0.00,0,0.00,0,0.00,0.00),(1000000120,0,'98689cbdad549caa09cdaa5e1ba67543','5449000014535','Sprite Can 330ML',6.85,8.50,'NO',0,0.00,0,0.00,0,0.00,0.00),(1000000121,0,'4765a36b0d17e235c22401afa0fad381','6034000005134','Mirinda Can 330ML',1.87,3.86,'YES',0,0.00,1,0.00,0,0.50,3.36),(1000000122,0,'c3dc3216cbd2feaf6bb1cbd88566909c','6130003015146','Fanta Can 330ML',6.85,8.50,'NO',0,0.00,0,0.00,0,0.00,0.00),(1000000123,0,'4337e11a5ba504a54ba9b6a6197e4ba2','5449000232755','Club Soda Water 350Ml',1.54,4.10,'NO',0,0.00,0,0.00,0,0.00,0.00),(1000000124,0,'2673c3cd6aa3868d133aec4ed51cbdfb','6034000106893','Malta Can 330ML',5.65,8.50,'NO',0,0.00,0,0.00,0,0.00,0.00),(1000000125,0,'f5866b76f4b90ee54d14cd607f143b42','6034000083040','Royal Orange Drink 500ML',2.55,3.40,'NO',0,0.00,0,0.00,0,0.00,0.00),(1000000126,0,'4c18358142d72610f431c193b6d84ffb','6034000351187','Big Boss Energy Drink 350ML',2.32,3.00,'NO',0,0.00,0,0.00,0,0.00,0.00),(1000000127,0,'0133f35f1fb5118356ee31f9a7276972','5060211461583','Giant Malt-330ML',2.71,5.13,'NO',0,0.00,0,0.00,0,0.00,0.00),(1000000128,0,'ece58ed97a86b2be54e9b77de2465e31','6034000180107','Beta Malt-330ML',2.08,4.10,'NO',0,0.00,0,0.00,0,0.00,0.00),(1000000129,0,'e52878f6dea6ff141fe41d600335c590','90162602','Redbull 250ML',11.78,15.99,'NO',0,0.00,0,0.00,0,0.00,0.00),(1000000130,0,'32120cea5457f8b6cd4b71ddb4b3ad6e','9556001204356','MILO ENERGY DRINK 235ML',9.93,13.00,'NO',0,0.00,0,0.00,0,0.00,0.00),(1000000131,0,'1f5df333769f2f1027e07090d2a7b92e','8690558020357','Dimes Can Juice-330ML',3.43,6.74,'NO',0,0.00,0,0.00,0,0.00,0.00),(1000000132,0,'919c1288b8a62ba1151ea2169b124256','6034000252026','Bubble Up Soda 350ML',2.19,4.25,'NO',0,0.00,0,0.00,0,0.00,0.00),(1000000133,0,'8eaa79eff7aaa9a4f68ac0caad9e04a2','5010438006425','Vimto Drink 350ML',1.67,2.93,'NO',0,0.00,0,0.00,0,0.00,0.00),(1000000134,0,'a925265d8da57ba6005ee28fb7c8e932','095188990342','TAMPICO CITRUS 1Ltr',4.50,9.22,'NO',0,0.00,0,0.00,0,0.00,0.00),(1000000135,0,'961d5333f01613d76644d293e6150954','90357053','Sprite Zero Sugar 300ml',1.67,3.66,'NO',0,0.00,0,0.00,0,0.00,0.00),(1000000136,0,'c34043a25300fccf41d11d1ab57b4c49','6253500771442','Fruitelli Mango 1Ltr',18.66,26.20,'NO',0,0.00,0,0.00,0,0.00,0.00),(1000000137,0,'51e00f04882750cc858d91093a364ecf','8690558010037','Dimes Apple Juice 1L',24.28,36.30,'NO',0,0.00,0,0.00,0,0.00,0.00),(1000000138,0,'b003c319f5cd459e09d53f79fe59b544','6221024992742','VITRAC RED GRAPE 1L',12.76,16.60,'NO',0,0.00,0,0.00,0,0.00,0.00),(1000000139,0,'f26e0275fc7f79077847747c689c7353','8690558023907','Dimes Fruit Mix 1Ltr',8.33,16.40,'NO',0,0.00,0,0.00,0,0.00,0.00),(1000000140,0,'f791b4256ef6a9235017f99580d5759a','8412318009132','Interjus Pineapple1Ltr',5.42,11.13,'NO',0,0.00,0,0.00,0,0.00,0.00),(1000000141,0,'ab06c49dd55c2bb90d715eafd207dfc0','8412318009095','Interjus Apple Jiuce 1Ltr',5.42,11.13,'NO',0,0.00,0,0.00,0,0.00,0.00),(1000000142,0,'88c566a36c5299f2aeeda9a85f79ddef','8690558029848','Dimes Pre Cloudy Apple 1Ltr',8.15,16.10,'NO',0,0.00,0,0.00,0,0.00,0.00),(1000000143,0,'9af4c8ee68978a8a07817b9f3d562308','5411188543381','Alpro Soya Original Drink 1lt',34.96,45.40,'NO',0,0.00,0,0.00,0,0.00,0.00),(1000000144,0,'dfea26f0a79b953c5bf66fa28fc36108','8412318010770','Interjus P/C Jiuce1L',5.42,11.13,'NO',0,0.00,0,0.00,0,0.00,0.00),(1000000145,0,'4e96e45b6eb7ce962647ed8ad6a3f386','5411188110835','Alpro Soya Almond Drink 1Ltr',31.00,36.99,'NO',0,0.00,0,0.00,0,0.00,0.00),(1000000146,0,'26f5611350544ee4a9ed35242987c570','5411188543398','Alpro Soya Drink(Unsweetened) 1ltr',17.10,34.85,'NO',0,0.00,0,0.00,0,0.00,0.00),(1000000147,0,'987ff194309ac4a6669960693249914b','8412318011081','Interjus Multifruits1Ltr',5.42,11.13,'NO',0,0.00,0,0.00,0,0.00,0.00),(1000000148,0,'5347048b3781956a7e01255f97fb00f0','6253500771428','Fruite Cocktail 1 Ltr',16.23,26.00,'NO',0,0.00,0,0.00,0,0.00,0.00),(1000000149,0,'3dff85d17f1bd7e14df2e2bb8905c908','6221024240195','VITRAC MIXED FRUIT NECTAR 1L',12.76,16.60,'NO',0,0.00,0,0.00,0,0.00,0.00),(1000000150,0,'b26e0df243b3068106bc5620713bb7f8','6001240100059','Ceres Orange 1Ltr',26.21,64.90,'NO',0,0.00,0,0.00,0,0.00,0.00),(1000000151,0,'8731219fa37f74e3c087d0c2a874ae65','6002323007463','PEARLY BAY SWEET WHITE 750ML',33.77,48.00,'NO',0,0.00,0,0.00,0,0.00,0.00),(1000000152,0,'67782f2280f28698c8d8faf132daa8bd','6034000163339','HAPPY DELIGHT PINEAPPLE COCONUT 1L',10.00,22.89,'NO',0,0.00,0,0.00,0,0.00,0.00),(1000000153,0,'b6deebc9609547f847e92f94a231d993','5292853000046','ZOI NECTAR Grape 1Ltr',17.39,24.00,'NO',0,0.00,0,0.00,0,0.00,0.00),(1000000154,0,'108585ec19db8cf9be3e6bca47e46519','5292853000015','ZOI  APPLE JUICE 1L',18.26,26.00,'NO',0,0.00,0,0.00,0,0.00,0.00),(1000000155,0,'cfd4bc581d564c0cda018530691f1e79','6253500771404','Fruitelli Orange 1Ltr',16.23,21.50,'NO',0,0.00,0,0.00,0,0.00,0.00),(1000000156,0,'4b94cef76de8e8dfb1d6eea5b4c06600','6253500771466','Frutelli Multifruit/tropical 1Ltr',16.23,26.20,'NO',0,0.00,0,0.00,0,0.00,0.00),(1000000157,0,'3bdc2023d9fc6f7fd87b89949774b0f9','6253500771411','Fruitel Pineapple1Ltr',16.23,21.20,'NO',0,0.00,0,0.00,0,0.00,0.00),(1000000158,0,'47584bb281e86cd727d4603b507483ec','6253500771527','Jui.Cocktail 200ML',2.15,3.20,'NO',0,0.00,0,0.00,0,0.00,0.00),(1000000159,0,'3fce065e169e91da939e519cf175c797','6253500771312','Fruity Tangerine Mix 125ML',0.63,1.32,'NO',0,0.00,0,0.00,0,0.00,0.00),(1000000160,0,'a9dcc7095750f17549e84a34143d855c','6253500771213','Fruity Pine Apple 125ML',1.78,2.50,'NO',0,0.00,0,0.00,0,0.00,0.00),(1000000161,0,'f8295d4f2c92aaa4d02b5dce0011c17b','9501053210497','Kalyppo Juice Fruitimix 250ML',2.47,3.50,'NO',0,0.00,0,0.00,0,0.00,0.00),(1000000162,0,'0b663d74d217ea4c92de7b5434f35d7d','9501053210480','K. Apple 250ML',2.47,3.50,'NO',0,0.00,0,0.00,0,0.00,0.00),(1000000163,0,'6c80fb09fcdfa50fb3f991397f19d065','9501053210428','K.Pineapple 250ML',2.24,3.20,'NO',0,0.00,0,0.00,0,0.00,0.00),(1000000164,0,'563ddf20253168e33fbd87ff9bd1f9f7','9501053210534','K.Multifruit 250ML',2.47,3.50,'NO',0,0.00,0,0.00,0,0.00,0.00),(1000000165,0,'60df59ec2978ef2b582324a23a971678','9501053210510','Kalyppo Juice OrangeAnanas 250ML',2.47,3.50,'NO',0,0.00,0,0.00,0,0.00,0.00),(1000000166,0,'102867ba0f03edec6e2167ef6d518ff4','9501053210466','Kalyppo Juice Orange 250ML',2.63,4.20,'NO',0,0.00,0,0.00,0,0.00,0.00),(1000000167,0,'9c7d46e38f0ed06d38b6772c2b666b3c','9501053210565','K.Tangerine 250ML',1.11,2.20,'NO',0,0.00,0,0.00,0,0.00,0.00),(1000000168,0,'a132e7ea7e6e3e9b93912b1904e74187','6253500771299','Fruity Mango 125ML',1.67,2.50,'NO',0,0.00,0,0.00,0,0.00,0.00),(1000000169,0,'f6891f55d4c7d5978b232f3404dea95e','6253500781311','Yoyo Banana Drink 125ML',0.35,1.32,'NO',0,0.00,0,0.00,0,0.00,0.00),(1000000170,0,'d0fd94e5ffc2c41abd3e9ca23891e2a9','6253500781304','Yoyo Apple Drink 125ML',0.35,1.32,'NO',0,0.00,0,0.00,0,0.00,0.00),(1000000171,0,'9bd5c8f0ca9928a4193eb5ac5a2f3581','6253500771237','Fru.Cocktail 125ML',1.78,2.50,'NO',0,0.00,0,0.00,0,0.00,0.00),(1000000172,0,'4e48708528f374d7211bd7066677dd53','62905398','Cool Sun A/S 200ml',1.49,3.07,'NO',0,0.00,0,0.00,0,0.00,0.00),(1000000173,0,'5e9818bd249600a62f8a5fe1d7c859c4','6253500771510','Juicee Pineapple 200ML',2.15,3.20,'NO',0,0.00,0,0.00,0,0.00,0.00),(1000000174,0,'aad7975bf9dfa6e985022304039d1fed','6034000130690','FANICE VANILLA&STRAWBERRY 1L',27.38,38.00,'NO',0,0.00,0,0.00,0,0.00,0.00),(1000000175,0,'c16b741d42d7b008f8885087fe9b6989','6034000130553','Fanmaxx Vanilla 330ML',3.29,6.60,'NO',0,0.00,0,0.00,0,0.00,0.00),(1000000176,0,'68732ba29a05392ab75a2c385edd25d8','6034000163735','Namio Original 300ML',2.38,5.42,'NO',0,0.00,0,0.00,0,0.00,0.00),(1000000177,0,'c99fba45f9a2bb5d11bb5a4977284739','5413721000894','Incolac Banana',20.00,28.00,'NO',0,0.00,0,0.00,0,0.00,0.00),(1000000178,0,'55426825414ce38bd276662c8fa92661','5413721000900','Incolac Chocolate',17.39,26.00,'NO',0,0.00,0,0.00,0,0.00,0.00),(1000000179,0,'55c8ab949a5a3469e8df242c755b68c7','5413721000887','Incolac Strawberry',17.39,26.00,'NO',0,0.00,0,0.00,0,0.00,0.00),(1000000180,0,'2832de79aff8a22ce9432e3faaaa2ce6','8410128112936','Pasual Fruit Salad/macedonia Yogurt  125',2.58,5.13,'NO',0,0.00,0,0.00,0,0.00,0.00),(1000000181,0,'b17121f9bfd90f2ee454cef89e110110','8410128113100','Pascual Creamy Strawberry 125gm',8.08,11.00,'NO',0,0.00,0,0.00,0,0.00,0.00),(1000000182,0,'0dc128e708de5c3803d0b6286c8b6829','8410128112905','Pascual VANILLA 125gm',2.83,5.71,'NO',0,0.00,0,0.00,0,0.00,0.00),(1000000183,0,'2366cf9800d976bebac747655ace5df0','5901062002702','INCOLAC Semi Skimmed 1ltr',5.42,10.68,'NO',0,0.00,0,0.00,0,0.00,0.00),(1000000184,0,'ac53eb2d29c080aa24be4b3958842c60','3412290032239','Even Cooking Cream 1Ltr',30.72,70.86,'NO',0,0.00,0,0.00,0,0.00,0.00),(1000000185,0,'23783c9c31c68933aa9b0e00bd879e3a','8859349202086','ABEVIA EVAPORATED MILK 170G',4.75,7.70,'NO',0,0.00,0,0.00,0,0.00,0.00),(1000000186,0,'97381b444e13aa946164be73ff291f6b','3218930298009','Even Milk Half 1Ltr',120.00,19.03,'NO',0,0.00,0,0.00,0,0.00,0.00),(1000000187,0,'7d99f0f5e34e81c16bc1171110d7afb9','5704025017405','Emborg Milk Lowfat 1Ltr',110.40,17.57,'NO',0,0.00,0,0.00,0,0.00,0.00),(1000000188,0,'d4d133d7b0dd5fd1cc70b318e6183854','8413479322252','Ken Presto Sweetened 1lt',50.72,62.80,'NO',0,0.00,0,0.00,0,0.00,0.00),(1000000189,0,'2bf0f4ab725240a4b51f60c928315ebd','5900512990262','Mlekovita Full Cream 1lt',5.83,11.57,'NO',0,0.00,0,0.00,0,0.00,0.00),(1000000190,0,'ad19467095fd97b35013b2ef909158fc','5413721501117','Incolac Semi Skimmed milk 1 liter',17.41,28.80,'NO',0,0.00,0,0.00,0,0.00,0.00),(1000000191,0,'c8c37c158a83dcf9b532fdfbaf284a2a','5704025012325','Emborg Milk Skimmed 1Ltr',110.40,17.57,'NO',0,0.00,0,0.00,0,0.00,0.00),(1000000192,0,'bb1563e6337cbe87080c850954116bcc','5413721501124','Incolac Skimmed Milk 1Ltr',9.78,18.70,'NO',0,0.00,0,0.00,0,0.00,0.00),(1000000193,0,'d94d9f0248125774231ce22f556154a2','5413721501100','Incolac Full Crea 1Ltr',12.93,18.00,'NO',0,0.00,0,0.00,0,0.00,0.00),(1000000194,0,'6a1f19d9a9974cf95d666e4298bcd3f5','3218930297002','E Milk No Cream 1Ltr',120.00,19.61,'NO',0,0.00,0,0.00,0,0.00,0.00),(1000000195,0,'90e5a6555c109872330a84e002096ee5','3218930294001','E Milk Full Crea 1Ltr',120.00,19.61,'NO',0,0.00,0,0.00,0,0.00,0.00),(1000000196,0,'1a8043a6796372ab216f1d79ede42c4d','6033000084927','IDEAL MILK-Original -390g',8.49,13.92,'NO',0,0.00,0,0.00,0,0.00,0.00),(1000000197,0,'93a712ff445ec1cb9d333f6e186974b3','8850227053691','M Coconut Milk 400ML',2.50,9.81,'NO',0,0.00,0,0.00,0,0.00,0.00),(1000000198,0,'c670bf2fb611b82be8a22396629c924b','9555394503404','Lele Evaporated Milk 400g',3.85,7.33,'NO',0,0.00,0,0.00,0,0.00,0.00),(1000000199,0,'eab802255dad4da1efc9f01efefd592e','6033000084941','Nestle Creamer 390g',5.90,11.72,'NO',0,0.00,0,0.00,0,0.00,0.00),(1000000200,0,'07d15e840bc982d096bc9fb8fdd8ca97','6033000084415','CARNATION TEA CREAMER 160g',5.80,7.50,'NO',0,0.00,0,0.00,0,0.00,0.00),(1000000201,0,'2a6c3407cbd9d51f422114f9e3adccff','6033000082862','IDEAL B EVP Milk 170G',2.63,4.83,'NO',0,0.00,0,0.00,0,0.00,0.00),(1000000202,0,'af49a1264cf657294992e191c008397f','9555394503176','Lele Eva Milk 170Gm',1.98,3.82,'NO',0,0.00,0,0.00,0,0.00,0.00),(1000000203,0,'9b1afbdf8534e2449174e8904bcbf6d3','5711953075858','DANO CHOCOLATE FLAV MILK POWDER 40Gm',0.72,1.76,'NO',0,0.00,0,0.00,0,0.00,0.00),(1000000204,0,'63ee67c26abb98c8af76a549198d5140','6008155000528','Miksi Powder 400g',22.67,32.00,'NO',0,0.00,0,0.00,0,0.00,0.00),(1000000205,0,'ce464762962171c1debf69e986024e2a','6008155000108','COWBELL PREMIUM SACHET 360G',53.58,69.70,'NO',0,0.00,0,0.00,0,0.00,0.00),(1000000206,0,'7ec2ac8507cdb17b010c2ee0a55bf06b','6033000083708','Nido Essential Pouch 365g',36.43,51.00,'NO',0,0.00,0,0.00,0,0.00,0.00),(1000000207,0,'b4ec6432d3788a3e8afb8672f5879ce0','6008155000368','COWBELL VITARICH 400G',64.16,83.50,'NO',0,0.00,0,0.00,0,0.00,0.00),(1000000208,0,'8c831390a2d45215c0697d3f0d9bb1d4','5760466959254','Arl.Milk Powder 400Gm',14.99,29.28,'NO',0,0.00,0,0.00,0,0.00,0.00),(1000000209,0,'7a4f312a37380e72ae8c79dc00aa772d','8934673181167','LELE POWDER MILK TIN 400G',13.33,27.82,'NO',0,0.00,0,0.00,0,0.00,0.00),(1000000210,0,'a383798d80e017a764334df7a81cff40','6009188002084','NESTLE NIDO 1+400G',26.38,53.74,'NO',0,0.00,0,0.00,0,0.00,0.00),(1000000211,0,'44e4db97218fe329f637fd6c0280b46f','7501058625915','N. Lactogen 1 400gm',21.88,39.40,'NO',0,0.00,0,0.00,0,0.00,0.00),(1000000212,0,'4e0060d80e7acfbe697a022a46480df2','7613031808328','Nestle Nan 3-400gm',31.43,51.78,'NO',0,0.00,0,0.00,0,0.00,0.00),(1000000213,0,'dbf47c1937baf4d7e815f607db2f2b74','7501058625939','Nestle Nan 2-400gm',31.11,53.24,'NO',0,0.00,0,0.00,0,0.00,0.00),(1000000214,0,'bebfa08327c2b0ecec73355db5432dba','6033000082985','Cerelac Wheat 400gm',12.50,21.03,'NO',0,0.00,1,0.00,0,0.00,0.00),(1000000215,19,'1d3671d5915261dc2db33ffdc017d98e','JAS-001','JASMIN RICE 1KG',45.00,50.00,'YES',0,0.00,1,0.00,10,0.00,0.00),(1000000216,14,'72fe37fb064a84c251492b1a3d076380','8364937486','JOY COLA',5.00,10.00,'YES',0,0.00,1,0.00,4,1.30,8.70),(1000000217,20,'fcccc0ca7f90294aa3ab3d556424af6c','875432434','PAW PAW',7.00,10.00,'YES',0,0.00,1,0.00,11,0.00,8.70);
/*!40000 ALTER TABLE `prod_mast` ENABLE KEYS */;
UNLOCK TABLES;

--
-- Table structure for table `prod_master`
--

DROP TABLE IF EXISTS `prod_master`;
/*!40101 SET @saved_cs_client     = @@character_set_client */;
/*!50503 SET character_set_client = utf8mb4 */;
CREATE TABLE `prod_master` (
  `item_code` int NOT NULL AUTO_INCREMENT,
  `item_uni` text DEFAULT (md5(`item_desc`)),
  `group` int NOT NULL,
  `sub_group` int NOT NULL,
  `supplier` text,
  `barcode` char(255) NOT NULL COMMENT 'barcode of item',
  `item_desc` text NOT NULL COMMENT 'item description',
  `item_desc1` text NOT NULL COMMENT 'item description',
  `cost` decimal(10,2) NOT NULL COMMENT 'cost price of the item from supplier',
  `retail` decimal(10,2) NOT NULL COMMENT 'how much is it sold for',
  `tax` char(3) NOT NULL DEFAULT '0' COMMENT 'tax status',
  `packing` int NOT NULL DEFAULT '0' COMMENT 'Packaging',
  `stock_type` int NOT NULL DEFAULT '0' COMMENT 'Stock Type',
  `special_price` int NOT NULL DEFAULT '0' COMMENT 'Special Price',
  `discount` int DEFAULT '0',
  `discount_rate` decimal(10,2) DEFAULT '0.00',
  `prev_retail` decimal(10,2) DEFAULT '0.00',
  `owner` varchar(200) DEFAULT 'master',
  `created_at` date DEFAULT (curdate()),
  `edited_at` date DEFAULT (curdate()),
  `edited_by` varchar(200) DEFAULT NULL,
  `download_flag` int DEFAULT (1),
  `tax_amt` decimal(10,2) DEFAULT '0.00',
  `retail_wo_tax` decimal(10,2) DEFAULT '0.00',
  `expiry_date` date DEFAULT (curdate()) COMMENT 'Expiry date of product',
  PRIMARY KEY (`item_code`),
  UNIQUE KEY `barcode` (`barcode`)
) ENGINE=InnoDB AUTO_INCREMENT=1000000218 DEFAULT CHARSET=utf8mb4 COLLATE=utf8mb4_0900_ai_ci;
/*!40101 SET character_set_client = @saved_cs_client */;

--
-- Dumping data for table `prod_master`
--

LOCK TABLES `prod_master` WRITE;
/*!40000 ALTER TABLE `prod_master` DISABLE KEYS */;
INSERT INTO `prod_master` VALUES (1000000002,'c6a3d4170f794b2891d1c767f2979fc4',14,4,'EMD','6033000340085','STORM ENERGY LG','STORM ENERGY LG',0.50,1.00,'YES',5,1,0,0,0.00,8.00,'Demo User','2022-10-16','2023-11-04','Demo User',0,0.13,0.87,'2024-10-05'),(1000000003,'dfe908449482ecfab5745dec91e4c884',14,5,'FEA','6034000181036','BEL-AQUA SMALL','BEL-AQUA SMALL',20.00,500.00,'YES',5,1,0,0,0.00,2.00,'Demo User','2022-10-17','2023-11-04','Demo User',0,65.22,434.78,'2024-05-21'),(1000000004,'d0f56d04eb5460e3e7a59d7dfdea2207',16,6,'EMD','17264738','Note Pad Small','Note Pad Small',95.00,100.00,'YES',5,1,0,0,0.00,5.00,'Demo User','2022-12-06','2022-12-25','Demo User',0,0.00,0.00,'2024-08-24'),(1000000005,'ca58e662336b142a17a1c2a4e664a4c8',17,7,'FEA','0987654321','GAUVA JUICE','GAUVA JUICE',8.33,100.00,'NO',5,1,0,0,0.00,100.00,'Demo User','2023-05-24','2023-01-29','Demo User',0,0.00,0.00,'2024-01-28'),(1000000006,'80b20f1c3eec4b182653e83d947f468d',15,1,'FEA','54646467564','ORANGE','ORANGE',5.00,7.00,'YES',5,2,0,0,0.00,7.00,'Demo User','2023-09-18','2023-09-18',NULL,0,0.00,0.00,'2024-06-07'),(1000000114,'74b8ff4ceaea5f2009f464c3df5735c2',0,0,'DEF','23098-mame','Soda Water','Soda Water',8.00,12.00,'NO',0,0,0,0,0.00,0.00,'opening stock','2023-10-09','2023-10-09',NULL,0,0.00,0.00,'2024-12-12'),(1000000115,'980d12bc57d53a1a3b60110ecd427d4d',0,0,'DEF','54491069','Sprite zero 0.5Ltr','Sprite zero 0.5Ltr',2.90,4.00,'YES',0,1,0,0,0.00,0.00,'opening stock','2023-10-09','2023-11-04','Demo User',0,0.52,3.48,'2024-06-11'),(1000000116,'a0e15770c7dd458876b354a5cd045d0d',0,0,'DEF','5449000234292','Pet F Orange 0.5Ltr','Pet F Orange 0.5Ltr',5.54,7.00,'NO',0,0,0,0,0.00,0.00,'opening stock','2023-10-09','2023-10-09',NULL,0,0.00,0.00,'2024-05-15'),(1000000117,'d43ac8291e90d48f790c99cf9580cbcb',0,0,'DEF','54491472','Pet Coke 0.5Ltr','Pet Coke 0.5Ltr',6.38,8.00,'NO',0,0,0,0,0.00,0.00,'opening stock','2023-10-09','2023-10-09',NULL,0,0.00,0.00,'2024-07-09'),(1000000118,'8bde9b42c9890df72be90375d7bb65a8',0,0,'DEF','42094562','FANTA ORANGE.350ml','FANTA ORANGE.350ml',3.01,4.00,'NO',0,0,0,0,0.00,0.00,'opening stock','2023-10-09','2023-10-09',NULL,0,0.00,0.00,'2024-06-30'),(1000000119,'a26a134c6497dd4d8dad24f01e6c8222',0,0,'DEF','0100000013','COCA-COLA  CAN 33CL','COCA-COLA  CAN 33CL',3.49,7.98,'NO',0,0,0,0,0.00,0.00,'opening stock','2023-10-09','2023-10-09',NULL,0,0.00,0.00,'2024-11-29'),(1000000120,'98689cbdad549caa09cdaa5e1ba67543',0,0,'DEF','5449000014535','Sprite Can 330ML','Sprite Can 330ML',6.85,8.50,'NO',0,0,0,0,0.00,0.00,'opening stock','2023-10-09','2023-10-09',NULL,0,0.00,0.00,'2024-01-31'),(1000000121,'4765a36b0d17e235c22401afa0fad381',0,0,'DEF','6034000005134','Mirinda Can 330ML','Mirinda Can 330ML',1.87,3.86,'YES',0,1,0,0,0.00,0.00,'opening stock','2023-10-09','2023-11-04','Demo User',0,0.50,3.36,'2024-09-05'),(1000000122,'c3dc3216cbd2feaf6bb1cbd88566909c',0,0,'DEF','6130003015146','Fanta Can 330ML','Fanta Can 330ML',6.85,8.50,'NO',0,0,0,0,0.00,0.00,'opening stock','2023-10-09','2023-10-09',NULL,0,0.00,0.00,'2024-02-24'),(1000000123,'4337e11a5ba504a54ba9b6a6197e4ba2',0,0,'DEF','5449000232755','Club Soda Water 350Ml','Club Soda Water 350Ml',0.00,0.00,'NO',0,0,0,0,0.00,4.10,'opening stock','2023-10-09','2023-10-09',NULL,0,0.00,0.00,'2024-09-14'),(1000000124,'2673c3cd6aa3868d133aec4ed51cbdfb',0,0,'DEF','6034000106893','Malta Can 330ML','Malta Can 330ML',5.65,8.50,'NO',0,0,0,0,0.00,0.00,'opening stock','2023-10-09','2023-10-09',NULL,0,0.00,0.00,'2024-01-28'),(1000000125,'f5866b76f4b90ee54d14cd607f143b42',0,0,'DEF','6034000083040','Royal Orange Drink 500ML','Royal Orange Drink 500ML',2.55,3.40,'NO',0,0,0,0,0.00,0.00,'opening stock','2023-10-09','2023-10-09',NULL,0,0.00,0.00,'2024-04-04'),(1000000126,'4c18358142d72610f431c193b6d84ffb',0,0,'DEF','6034000351187','Big Boss Energy Drink 350ML','Big Boss Energy Drink 350ML',2.32,3.00,'NO',0,0,0,0,0.00,0.00,'opening stock','2023-10-09','2023-10-09',NULL,0,0.00,0.00,'2024-01-25'),(1000000127,'0133f35f1fb5118356ee31f9a7276972',0,0,'DEF','5060211461583','Giant Malt-330ML','Giant Malt-330ML',2.71,5.13,'NO',0,0,0,0,0.00,0.00,'opening stock','2023-10-09','2023-10-09',NULL,0,0.00,0.00,'2024-07-21'),(1000000128,'ece58ed97a86b2be54e9b77de2465e31',0,0,'DEF','6034000180107','Beta Malt-330ML','Beta Malt-330ML',2.08,4.10,'NO',0,0,0,0,0.00,0.00,'opening stock','2023-10-09','2023-10-09',NULL,0,0.00,0.00,'2024-07-31'),(1000000129,'e52878f6dea6ff141fe41d600335c590',0,0,'DEF','90162602','Redbull 250ML','Redbull 250ML',11.78,15.99,'NO',0,0,0,0,0.00,0.00,'opening stock','2023-10-09','2023-10-09',NULL,0,0.00,0.00,'2024-03-29'),(1000000130,'32120cea5457f8b6cd4b71ddb4b3ad6e',0,0,'DEF','9556001204356','MILO ENERGY DRINK 235ML','MILO ENERGY DRINK 235ML',9.93,13.00,'NO',0,0,0,0,0.00,0.00,'opening stock','2023-10-09','2023-10-09',NULL,0,0.00,0.00,'2024-06-17'),(1000000131,'1f5df333769f2f1027e07090d2a7b92e',0,0,'DEF','8690558020357','Dimes Can Juice-330ML','Dimes Can Juice-330ML',3.43,6.74,'NO',0,0,0,0,0.00,0.00,'opening stock','2023-10-09','2023-10-09',NULL,0,0.00,0.00,'2024-07-31'),(1000000132,'919c1288b8a62ba1151ea2169b124256',0,0,'DEF','6034000252026','Bubble Up Soda 350ML','Bubble Up Soda 350ML',2.19,4.25,'NO',0,0,0,0,0.00,0.00,'opening stock','2023-10-09','2023-10-09',NULL,0,0.00,0.00,'2024-07-09'),(1000000133,'8eaa79eff7aaa9a4f68ac0caad9e04a2',0,0,'DEF','5010438006425','Vimto Drink 350ML','Vimto Drink 350ML',1.67,2.93,'NO',0,0,0,0,0.00,0.00,'opening stock','2023-10-09','2023-10-09',NULL,0,0.00,0.00,'2024-11-13'),(1000000134,'a925265d8da57ba6005ee28fb7c8e932',0,0,'DEF','095188990342','TAMPICO CITRUS 1Ltr','TAMPICO CITRUS 1Ltr',0.00,0.00,'NO',0,0,0,0,0.00,9.22,'opening stock','2023-10-09','2023-10-09',NULL,0,0.00,0.00,'2024-10-11'),(1000000135,'961d5333f01613d76644d293e6150954',0,0,'DEF','90357053','Sprite Zero Sugar 300ml','Sprite Zero Sugar 300ml',1.67,3.66,'NO',0,0,0,0,0.00,0.00,'opening stock','2023-10-09','2023-10-09',NULL,0,0.00,0.00,'2024-04-15'),(1000000136,'c34043a25300fccf41d11d1ab57b4c49',0,0,'DEF','6253500771442','Fruitelli Mango 1Ltr','Fruitelli Mango 1Ltr',18.66,26.20,'NO',0,0,0,0,0.00,0.00,'opening stock','2023-10-09','2023-10-09',NULL,0,0.00,0.00,'2024-02-10'),(1000000137,'51e00f04882750cc858d91093a364ecf',0,0,'DEF','8690558010037','Dimes Apple Juice 1L','Dimes Apple Juice 1L',0.00,0.00,'NO',0,0,0,0,0.00,36.30,'opening stock','2023-10-09','2023-10-09',NULL,0,0.00,0.00,'2024-09-08'),(1000000138,'b003c319f5cd459e09d53f79fe59b544',0,0,'DEF','6221024992742','VITRAC RED GRAPE 1L','VITRAC RED GRAPE 1L',12.76,16.60,'NO',0,0,0,0,0.00,0.00,'opening stock','2023-10-09','2023-10-09',NULL,0,0.00,0.00,'2024-02-11'),(1000000139,'f26e0275fc7f79077847747c689c7353',0,0,'DEF','8690558023907','Dimes Fruit Mix 1Ltr','Dimes Fruit Mix 1Ltr',8.33,16.40,'NO',0,0,0,0,0.00,0.00,'opening stock','2023-10-09','2023-10-09',NULL,0,0.00,0.00,'2024-07-01'),(1000000140,'f791b4256ef6a9235017f99580d5759a',0,0,'DEF','8412318009132','Interjus Pineapple1Ltr','Interjus Pineapple1Ltr',5.42,11.13,'NO',0,0,0,0,0.00,0.00,'opening stock','2023-10-09','2023-10-09',NULL,0,0.00,0.00,'2024-02-27'),(1000000141,'ab06c49dd55c2bb90d715eafd207dfc0',0,0,'DEF','8412318009095','Interjus Apple Jiuce 1Ltr','Interjus Apple Jiuce 1Ltr',5.42,11.13,'NO',0,0,0,0,0.00,0.00,'opening stock','2023-10-09','2023-10-09',NULL,0,0.00,0.00,'2024-04-16'),(1000000142,'88c566a36c5299f2aeeda9a85f79ddef',0,0,'DEF','8690558029848','Dimes Pre Cloudy Apple 1Ltr','Dimes Pre Cloudy Apple 1Ltr',8.15,16.10,'NO',0,0,0,0,0.00,0.00,'opening stock','2023-10-09','2023-10-09',NULL,0,0.00,0.00,'2024-12-24'),(1000000143,'9af4c8ee68978a8a07817b9f3d562308',0,0,'DEF','5411188543381','Alpro Soya Original Drink 1lt','Alpro Soya Original Drink 1lt',34.96,45.40,'NO',0,0,0,0,0.00,0.00,'opening stock','2023-10-09','2023-10-09',NULL,0,0.00,0.00,'2024-01-13'),(1000000144,'dfea26f0a79b953c5bf66fa28fc36108',0,0,'DEF','8412318010770','Interjus P/C Jiuce1L','Interjus P/C Jiuce1L',5.42,11.13,'NO',0,0,0,0,0.00,0.00,'opening stock','2023-10-09','2023-10-09',NULL,0,0.00,0.00,'2024-03-25'),(1000000145,'4e96e45b6eb7ce962647ed8ad6a3f386',0,0,'DEF','5411188110835','Alpro Soya Almond Drink 1Ltr','Alpro Soya Almond Drink 1Ltr',31.00,36.99,'NO',0,0,0,0,0.00,0.00,'opening stock','2023-10-09','2023-10-09',NULL,0,0.00,0.00,'2024-01-17'),(1000000146,'26f5611350544ee4a9ed35242987c570',0,0,'DEF','5411188543398','Alpro Soya Drink(Unsweetened) 1ltr','Alpro Soya Drink(Unsweetened) 1ltr',17.10,34.85,'NO',0,0,0,0,0.00,0.00,'opening stock','2023-10-09','2023-10-09',NULL,0,0.00,0.00,'2024-07-15'),(1000000147,'987ff194309ac4a6669960693249914b',0,0,'DEF','8412318011081','Interjus Multifruits1Ltr','Interjus Multifruits1Ltr',5.42,11.13,'NO',0,0,0,0,0.00,0.00,'opening stock','2023-10-09','2023-10-09',NULL,0,0.00,0.00,'2024-07-19'),(1000000148,'5347048b3781956a7e01255f97fb00f0',0,0,'DEF','6253500771428','Fruite Cocktail 1 Ltr','Fruite Cocktail 1 Ltr',16.23,26.00,'NO',0,0,0,0,0.00,0.00,'opening stock','2023-10-09','2023-10-09',NULL,0,0.00,0.00,'2024-02-19'),(1000000149,'3dff85d17f1bd7e14df2e2bb8905c908',0,0,'DEF','6221024240195','VITRAC MIXED FRUIT NECTAR 1L','VITRAC MIXED FRUIT NECTAR 1L',12.76,16.60,'NO',0,0,0,0,0.00,0.00,'opening stock','2023-10-09','2023-10-09',NULL,0,0.00,0.00,'2024-01-13'),(1000000150,'b26e0df243b3068106bc5620713bb7f8',0,0,'DEF','6001240100059','Ceres Orange 1Ltr','Ceres Orange 1Ltr',26.21,64.90,'NO',0,0,0,0,0.00,0.00,'opening stock','2023-10-09','2023-10-09',NULL,0,0.00,0.00,'2024-10-03'),(1000000151,'8731219fa37f74e3c087d0c2a874ae65',0,0,'DEF','6002323007463','PEARLY BAY SWEET WHITE 750ML','PEARLY BAY SWEET WHITE 750ML',33.77,48.00,'NO',0,0,0,0,0.00,0.00,'opening stock','2023-10-09','2023-10-09',NULL,0,0.00,0.00,'2024-09-07'),(1000000152,'67782f2280f28698c8d8faf132daa8bd',0,0,'DEF','6034000163339','HAPPY DELIGHT PINEAPPLE COCONUT 1L','HAPPY DELIGHT PINEAPPLE COCONUT 1L',10.00,22.89,'NO',0,0,0,0,0.00,0.00,'opening stock','2023-10-09','2023-10-09',NULL,0,0.00,0.00,'2024-02-27'),(1000000153,'b6deebc9609547f847e92f94a231d993',0,0,'DEF','5292853000046','ZOI NECTAR Grape 1Ltr','ZOI NECTAR Grape 1Ltr',17.39,24.00,'NO',0,0,0,0,0.00,0.00,'opening stock','2023-10-09','2023-10-09',NULL,0,0.00,0.00,'2024-09-22'),(1000000154,'108585ec19db8cf9be3e6bca47e46519',0,0,'DEF','5292853000015','ZOI  APPLE JUICE 1L','ZOI  APPLE JUICE 1L',18.26,26.00,'NO',0,0,0,0,0.00,0.00,'opening stock','2023-10-09','2023-10-09',NULL,0,0.00,0.00,'2024-03-03'),(1000000155,'cfd4bc581d564c0cda018530691f1e79',0,0,'DEF','6253500771404','Fruitelli Orange 1Ltr','Fruitelli Orange 1Ltr',16.23,21.50,'NO',0,0,0,0,0.00,0.00,'opening stock','2023-10-09','2023-10-09',NULL,0,0.00,0.00,'2024-09-01'),(1000000156,'4b94cef76de8e8dfb1d6eea5b4c06600',0,0,'DEF','6253500771466','Frutelli Multifruit/tropical 1Ltr','Frutelli Multifruit/tropical 1Ltr',16.23,26.20,'NO',0,0,0,0,0.00,0.00,'opening stock','2023-10-09','2023-10-09',NULL,0,0.00,0.00,'2024-11-01'),(1000000157,'3bdc2023d9fc6f7fd87b89949774b0f9',0,0,'DEF','6253500771411','Fruitel Pineapple1Ltr','Fruitel Pineapple1Ltr',16.23,21.20,'NO',0,0,0,0,0.00,0.00,'opening stock','2023-10-09','2023-10-09',NULL,0,0.00,0.00,'2024-03-04'),(1000000158,'47584bb281e86cd727d4603b507483ec',0,0,'DEF','6253500771527','Jui.Cocktail 200ML','Jui.Cocktail 200ML',2.15,3.20,'NO',0,0,0,0,0.00,0.00,'opening stock','2023-10-09','2023-10-09',NULL,0,0.00,0.00,'2024-05-12'),(1000000159,'3fce065e169e91da939e519cf175c797',0,0,'DEF','6253500771312','Fruity Tangerine Mix 125ML','Fruity Tangerine Mix 125ML',0.63,1.32,'NO',0,0,0,0,0.00,0.00,'opening stock','2023-10-09','2023-10-09',NULL,0,0.00,0.00,'2024-04-14'),(1000000160,'a9dcc7095750f17549e84a34143d855c',0,0,'DEF','6253500771213','Fruity Pine Apple 125ML','Fruity Pine Apple 125ML',1.78,2.50,'NO',0,0,0,0,0.00,0.00,'opening stock','2023-10-09','2023-10-09',NULL,0,0.00,0.00,'2024-05-05'),(1000000161,'f8295d4f2c92aaa4d02b5dce0011c17b',0,0,'DEF','9501053210497','Kalyppo Juice Fruitimix 250ML','Kalyppo Juice Fruitimix 250ML',2.47,3.50,'NO',0,0,0,0,0.00,0.00,'opening stock','2023-10-09','2023-10-09',NULL,0,0.00,0.00,'2024-11-09'),(1000000162,'0b663d74d217ea4c92de7b5434f35d7d',0,0,'DEF','9501053210480','K. Apple 250ML','K. Apple 250ML',2.47,3.50,'NO',0,0,0,0,0.00,0.00,'opening stock','2023-10-09','2023-10-09',NULL,0,0.00,0.00,'2024-04-08'),(1000000163,'6c80fb09fcdfa50fb3f991397f19d065',0,0,'DEF','9501053210428','K.Pineapple 250ML','K.Pineapple 250ML',2.24,3.20,'NO',0,0,0,0,0.00,0.00,'opening stock','2023-10-09','2023-10-09',NULL,0,0.00,0.00,'2024-10-07'),(1000000164,'563ddf20253168e33fbd87ff9bd1f9f7',0,0,'DEF','9501053210534','K.Multifruit 250ML','K.Multifruit 250ML',2.47,3.50,'NO',0,0,0,0,0.00,0.00,'opening stock','2023-10-09','2023-10-09',NULL,0,0.00,0.00,'2024-01-14'),(1000000165,'60df59ec2978ef2b582324a23a971678',0,0,'DEF','9501053210510','Kalyppo Juice OrangeAnanas 250ML','Kalyppo Juice OrangeAnanas 250ML',2.47,3.50,'NO',0,0,0,0,0.00,0.00,'opening stock','2023-10-09','2023-10-09',NULL,0,0.00,0.00,'2024-11-16'),(1000000166,'102867ba0f03edec6e2167ef6d518ff4',0,0,'DEF','9501053210466','Kalyppo Juice Orange 250ML','Kalyppo Juice Orange 250ML',2.63,4.20,'NO',0,0,0,0,0.00,0.00,'opening stock','2023-10-09','2023-10-09',NULL,0,0.00,0.00,'2024-04-11'),(1000000167,'9c7d46e38f0ed06d38b6772c2b666b3c',0,0,'DEF','9501053210565','K.Tangerine 250ML','K.Tangerine 250ML',1.11,2.20,'NO',0,0,0,0,0.00,0.00,'opening stock','2023-10-09','2023-10-09',NULL,0,0.00,0.00,'2024-10-02'),(1000000168,'a132e7ea7e6e3e9b93912b1904e74187',0,0,'DEF','6253500771299','Fruity Mango 125ML','Fruity Mango 125ML',1.67,2.50,'NO',0,0,0,0,0.00,0.00,'opening stock','2023-10-09','2023-10-09',NULL,0,0.00,0.00,'2024-12-09'),(1000000169,'f6891f55d4c7d5978b232f3404dea95e',0,0,'DEF','6253500781311','Yoyo Banana Drink 125ML','Yoyo Banana Drink 125ML',0.35,1.32,'NO',0,0,0,0,0.00,0.00,'opening stock','2023-10-09','2023-10-09',NULL,0,0.00,0.00,'2024-06-11'),(1000000170,'d0fd94e5ffc2c41abd3e9ca23891e2a9',0,0,'DEF','6253500781304','Yoyo Apple Drink 125ML','Yoyo Apple Drink 125ML',0.35,1.32,'NO',0,0,0,0,0.00,0.00,'opening stock','2023-10-09','2023-10-09',NULL,0,0.00,0.00,'2024-05-28'),(1000000171,'9bd5c8f0ca9928a4193eb5ac5a2f3581',0,0,'DEF','6253500771237','Fru.Cocktail 125ML','Fru.Cocktail 125ML',1.78,2.50,'NO',0,0,0,0,0.00,0.00,'opening stock','2023-10-09','2023-10-09',NULL,0,0.00,0.00,'2024-09-08'),(1000000172,'4e48708528f374d7211bd7066677dd53',0,0,'DEF','62905398','Cool Sun A/S 200ml','Cool Sun A/S 200ml',1.49,3.07,'NO',0,0,0,0,0.00,0.00,'opening stock','2023-10-09','2023-10-09',NULL,0,0.00,0.00,'2024-03-22'),(1000000173,'5e9818bd249600a62f8a5fe1d7c859c4',0,0,'DEF','6253500771510','Juicee Pineapple 200ML','Juicee Pineapple 200ML',2.15,3.20,'NO',0,0,0,0,0.00,0.00,'opening stock','2023-10-09','2023-10-09',NULL,0,0.00,0.00,'2024-01-21'),(1000000174,'aad7975bf9dfa6e985022304039d1fed',0,0,'DEF','6034000130690','FANICE VANILLA&STRAWBERRY 1L','FANICE VANILLA&STRAWBERRY 1L',27.38,38.00,'NO',0,0,0,0,0.00,0.00,'opening stock','2023-10-09','2023-10-09',NULL,0,0.00,0.00,'2024-08-08'),(1000000175,'c16b741d42d7b008f8885087fe9b6989',0,0,'DEF','6034000130553','Fanmaxx Vanilla 330ML','Fanmaxx Vanilla 330ML',3.29,6.60,'NO',0,0,0,0,0.00,0.00,'opening stock','2023-10-09','2023-10-09',NULL,0,0.00,0.00,'2024-11-09'),(1000000176,'68732ba29a05392ab75a2c385edd25d8',0,0,'DEF','6034000163735','Namio Original 300ML','Namio Original 300ML',2.38,5.42,'NO',0,0,0,0,0.00,0.00,'opening stock','2023-10-09','2023-10-09',NULL,0,0.00,0.00,'2024-06-24'),(1000000177,'c99fba45f9a2bb5d11bb5a4977284739',0,0,'DEF','5413721000894','Incolac Banana','Incolac Banana',20.00,28.00,'NO',0,0,0,0,0.00,0.00,'opening stock','2023-10-09','2023-10-09',NULL,0,0.00,0.00,'2024-10-28'),(1000000178,'55426825414ce38bd276662c8fa92661',0,0,'DEF','5413721000900','Incolac Chocolate','Incolac Chocolate',17.39,26.00,'NO',0,0,0,0,0.00,0.00,'opening stock','2023-10-09','2023-10-09',NULL,0,0.00,0.00,'2024-09-07'),(1000000179,'55c8ab949a5a3469e8df242c755b68c7',0,0,'DEF','5413721000887','Incolac Strawberry','Incolac Strawberry',17.39,26.00,'NO',0,0,0,0,0.00,0.00,'opening stock','2023-10-09','2023-10-09',NULL,0,0.00,0.00,'2024-12-15'),(1000000180,'2832de79aff8a22ce9432e3faaaa2ce6',0,0,'DEF','8410128112936','Pasual Fruit Salad/macedonia Yogurt  125','Pasual Fruit Salad/macedonia Yogurt  125',2.58,5.13,'NO',0,0,0,0,0.00,0.00,'opening stock','2023-10-09','2023-10-09',NULL,0,0.00,0.00,'2024-09-24'),(1000000181,'b17121f9bfd90f2ee454cef89e110110',0,0,'DEF','8410128113100','Pascual Creamy Strawberry 125gm','Pascual Creamy Strawberry 125gm',8.08,11.00,'NO',0,0,0,0,0.00,0.00,'opening stock','2023-10-09','2023-10-09',NULL,0,0.00,0.00,'2024-10-13'),(1000000182,'0dc128e708de5c3803d0b6286c8b6829',0,0,'DEF','8410128112905','Pascual VANILLA 125gm','Pascual VANILLA 125gm',2.83,5.71,'NO',0,0,0,0,0.00,0.00,'opening stock','2023-10-09','2023-10-09',NULL,0,0.00,0.00,'2024-09-24'),(1000000183,'2366cf9800d976bebac747655ace5df0',0,0,'DEF','5901062002702','INCOLAC Semi Skimmed 1ltr','INCOLAC Semi Skimmed 1ltr',5.42,10.68,'NO',0,0,0,0,0.00,0.00,'opening stock','2023-10-09','2023-10-09',NULL,0,0.00,0.00,'2024-04-21'),(1000000184,'ac53eb2d29c080aa24be4b3958842c60',0,0,'DEF','3412290032239','Even Cooking Cream 1Ltr','Even Cooking Cream 1Ltr',30.72,70.86,'NO',0,0,0,0,0.00,0.00,'opening stock','2023-10-09','2023-10-09',NULL,0,0.00,0.00,'2024-04-28'),(1000000185,'23783c9c31c68933aa9b0e00bd879e3a',0,0,'DEF','8859349202086','ABEVIA EVAPORATED MILK 170G','ABEVIA EVAPORATED MILK 170G',4.75,7.70,'NO',0,0,0,0,0.00,0.00,'opening stock','2023-10-09','2023-10-09',NULL,0,0.00,0.00,'2024-09-15'),(1000000186,'97381b444e13aa946164be73ff291f6b',0,0,'DEF','3218930298009','Even Milk Half 1Ltr','Even Milk Half 1Ltr',120.00,19.03,'NO',0,0,0,0,0.00,0.00,'opening stock','2023-10-09','2023-10-09',NULL,0,0.00,0.00,'2024-07-28'),(1000000187,'7d99f0f5e34e81c16bc1171110d7afb9',0,0,'DEF','5704025017405','Emborg Milk Lowfat 1Ltr','Emborg Milk Lowfat 1Ltr',110.40,17.57,'NO',0,0,0,0,0.00,0.00,'opening stock','2023-10-09','2023-10-09',NULL,0,0.00,0.00,'2024-09-26'),(1000000188,'d4d133d7b0dd5fd1cc70b318e6183854',0,0,'DEF','8413479322252','Ken Presto Sweetened 1lt','Ken Presto Sweetened 1lt',50.72,62.80,'NO',0,0,0,0,0.00,0.00,'opening stock','2023-10-09','2023-10-09',NULL,0,0.00,0.00,'2024-12-18'),(1000000189,'2bf0f4ab725240a4b51f60c928315ebd',0,0,'DEF','5900512990262','Mlekovita Full Cream 1lt','Mlekovita Full Cream 1lt',5.83,11.57,'NO',0,0,0,0,0.00,0.00,'opening stock','2023-10-09','2023-10-09',NULL,0,0.00,0.00,'2024-08-14'),(1000000190,'ad19467095fd97b35013b2ef909158fc',0,0,'DEF','5413721501117','Incolac Semi Skimmed milk 1 liter','Incolac Semi Skimmed milk 1 liter',17.41,28.80,'NO',0,0,0,0,0.00,0.00,'opening stock','2023-10-09','2023-10-09',NULL,0,0.00,0.00,'2024-03-15'),(1000000191,'c8c37c158a83dcf9b532fdfbaf284a2a',0,0,'DEF','5704025012325','Emborg Milk Skimmed 1Ltr','Emborg Milk Skimmed 1Ltr',110.40,17.57,'NO',0,0,0,0,0.00,0.00,'opening stock','2023-10-09','2023-10-09',NULL,0,0.00,0.00,'2024-02-26'),(1000000192,'bb1563e6337cbe87080c850954116bcc',0,0,'DEF','5413721501124','Incolac Skimmed Milk 1Ltr','Incolac Skimmed Milk 1Ltr',9.78,18.70,'NO',0,0,0,0,0.00,0.00,'opening stock','2023-10-09','2023-10-09',NULL,0,0.00,0.00,'2024-03-02'),(1000000193,'d94d9f0248125774231ce22f556154a2',0,0,'DEF','5413721501100','Incolac Full Crea 1Ltr','Incolac Full Crea 1Ltr',12.93,18.00,'NO',0,0,0,0,0.00,0.00,'opening stock','2023-10-09','2023-10-09',NULL,0,0.00,0.00,'2024-05-18'),(1000000194,'6a1f19d9a9974cf95d666e4298bcd3f5',0,0,'DEF','3218930297002','E Milk No Cream 1Ltr','E Milk No Cream 1Ltr',120.00,19.61,'NO',0,0,0,0,0.00,0.00,'opening stock','2023-10-09','2023-10-09',NULL,0,0.00,0.00,'2024-05-19'),(1000000195,'90e5a6555c109872330a84e002096ee5',0,0,'DEF','3218930294001','E Milk Full Crea 1Ltr','E Milk Full Crea 1Ltr',120.00,19.61,'NO',0,0,0,0,0.00,0.00,'opening stock','2023-10-09','2023-10-09',NULL,0,0.00,0.00,'2024-10-11'),(1000000196,'1a8043a6796372ab216f1d79ede42c4d',0,0,'DEF','6033000084927','IDEAL MILK-Original -390g','IDEAL MILK-Original -390g',8.49,13.92,'NO',0,0,0,0,0.00,0.00,'opening stock','2023-10-09','2023-10-09',NULL,0,0.00,0.00,'2024-10-01'),(1000000197,'93a712ff445ec1cb9d333f6e186974b3',0,0,'DEF','8850227053691','M Coconut Milk 400ML','M Coconut Milk 400ML',2.50,9.81,'NO',0,0,0,0,0.00,0.00,'opening stock','2023-10-09','2023-10-09',NULL,0,0.00,0.00,'2024-06-03'),(1000000198,'c670bf2fb611b82be8a22396629c924b',0,0,'DEF','9555394503404','Lele Evaporated Milk 400g','Lele Evaporated Milk 400g',3.85,7.33,'NO',0,0,0,0,0.00,0.00,'opening stock','2023-10-09','2023-10-09',NULL,0,0.00,0.00,'2024-11-07'),(1000000199,'eab802255dad4da1efc9f01efefd592e',0,0,'DEF','6033000084941','Nestle Creamer 390g','Nestle Creamer 390g',5.90,11.72,'NO',0,0,0,0,0.00,0.00,'opening stock','2023-10-09','2023-10-09',NULL,0,0.00,0.00,'2024-12-29'),(1000000200,'07d15e840bc982d096bc9fb8fdd8ca97',0,0,'DEF','6033000084415','CARNATION TEA CREAMER 160g','CARNATION TEA CREAMER 160g',5.80,7.50,'NO',0,0,0,0,0.00,0.00,'opening stock','2023-10-09','2023-10-09',NULL,0,0.00,0.00,'2024-06-01'),(1000000201,'2a6c3407cbd9d51f422114f9e3adccff',0,0,'DEF','6033000082862','IDEAL B EVP Milk 170G','IDEAL B EVP Milk 170G',2.63,4.83,'NO',0,0,0,0,0.00,0.00,'opening stock','2023-10-09','2023-10-09',NULL,0,0.00,0.00,'2024-02-06'),(1000000202,'af49a1264cf657294992e191c008397f',0,0,'DEF','9555394503176','Lele Eva Milk 170Gm','Lele Eva Milk 170Gm',1.98,3.82,'NO',0,0,0,0,0.00,0.00,'opening stock','2023-10-09','2023-10-09',NULL,0,0.00,0.00,'2024-04-02'),(1000000203,'9b1afbdf8534e2449174e8904bcbf6d3',0,0,'DEF','5711953075858','DANO CHOCOLATE FLAV MILK POWDER 40Gm','DANO CHOCOLATE FLAV MILK POWDER 40Gm',0.72,1.76,'NO',0,0,0,0,0.00,0.00,'opening stock','2023-10-09','2023-10-09',NULL,0,0.00,0.00,'2024-12-17'),(1000000204,'63ee67c26abb98c8af76a549198d5140',0,0,'DEF','6008155000528','Miksi Powder 400g','Miksi Powder 400g',22.67,32.00,'NO',0,0,0,0,0.00,0.00,'opening stock','2023-10-09','2023-10-09',NULL,0,0.00,0.00,'2024-01-21'),(1000000205,'ce464762962171c1debf69e986024e2a',0,0,'DEF','6008155000108','COWBELL PREMIUM SACHET 360G','COWBELL PREMIUM SACHET 360G',53.58,69.70,'NO',0,0,0,0,0.00,0.00,'opening stock','2023-10-09','2023-10-09',NULL,0,0.00,0.00,'2024-05-23'),(1000000206,'7ec2ac8507cdb17b010c2ee0a55bf06b',0,0,'DEF','6033000083708','Nido Essential Pouch 365g','Nido Essential Pouch 365g',36.43,51.00,'NO',0,0,0,0,0.00,0.00,'opening stock','2023-10-09','2023-10-09',NULL,0,0.00,0.00,'2024-10-18'),(1000000207,'b4ec6432d3788a3e8afb8672f5879ce0',0,0,'DEF','6008155000368','COWBELL VITARICH 400G','COWBELL VITARICH 400G',64.16,83.50,'NO',0,0,0,0,0.00,0.00,'opening stock','2023-10-09','2023-10-09',NULL,0,0.00,0.00,'2024-10-22'),(1000000208,'8c831390a2d45215c0697d3f0d9bb1d4',0,0,'DEF','5760466959254','Arl.Milk Powder 400Gm','Arl.Milk Powder 400Gm',14.99,29.28,'NO',0,0,0,0,0.00,0.00,'opening stock','2023-10-09','2023-10-09',NULL,0,0.00,0.00,'2024-08-25'),(1000000209,'7a4f312a37380e72ae8c79dc00aa772d',0,0,'DEF','8934673181167','LELE POWDER MILK TIN 400G','LELE POWDER MILK TIN 400G',13.33,27.82,'NO',0,0,0,0,0.00,0.00,'opening stock','2023-10-09','2023-10-09',NULL,0,0.00,0.00,'2024-10-29'),(1000000210,'a383798d80e017a764334df7a81cff40',0,0,'DEF','6009188002084','NESTLE NIDO 1+400G','NESTLE NIDO 1+400G',26.38,53.74,'NO',0,0,0,0,0.00,0.00,'opening stock','2023-10-09','2023-10-09',NULL,0,0.00,0.00,'2024-03-12'),(1000000211,'44e4db97218fe329f637fd6c0280b46f',0,0,'DEF','7501058625915','N. Lactogen 1 400gm','N. Lactogen 1 400gm',21.88,39.40,'NO',0,0,0,0,0.00,0.00,'opening stock','2023-10-09','2023-10-09',NULL,0,0.00,0.00,'2024-06-25'),(1000000212,'4e0060d80e7acfbe697a022a46480df2',0,0,'DEF','7613031808328','Nestle Nan 3-400gm','Nestle Nan 3-400gm',31.43,51.78,'NO',0,0,0,0,0.00,0.00,'opening stock','2023-10-09','2023-10-09',NULL,0,0.00,0.00,'2024-11-01'),(1000000213,'dbf47c1937baf4d7e815f607db2f2b74',0,0,'DEF','7501058625939','Nestle Nan 2-400gm','Nestle Nan 2-400gm',31.11,53.24,'NO',0,0,0,0,0.00,0.00,'opening stock','2023-10-09','2023-10-09',NULL,0,0.00,0.00,'2024-09-24'),(1000000214,'bebfa08327c2b0ecec73355db5432dba',0,0,'DEF','6033000082985','Cerelac Wheat 400gm','Cerelac Wheat 400gm',0.00,0.00,'NO',0,1,0,0,0.00,21.03,'opening stock','2023-10-09','2024-01-29','Demo User',1,0.00,0.00,'2024-02-24'),(1000000215,'1d3671d5915261dc2db33ffdc017d98e',19,10,'FEA','JAS-001','JASMIN RICE 1KG','JASMIN RICE 1KG',45.00,50.00,'YES',5,1,0,0,0.00,50.00,'Demo User','2023-11-05','2023-11-04','Demo User',0,0.00,0.00,'2024-07-20'),(1000000216,'72fe37fb064a84c251492b1a3d076380',14,4,'AK7','8364937486','JOY COLA','JOY COLA',5.00,10.00,'YES',5,1,0,0,0.00,10.00,'Demo User','2023-11-20','2023-11-20',NULL,0,1.30,8.70,'2024-04-24'),(1000000217,'fcccc0ca7f90294aa3ab3d556424af6c',20,11,'FEA','875432434','PAW PAW','PAW PAW',7.00,10.00,'YES',5,1,0,0,0.00,10.00,'Demo User','2024-01-30','2024-01-29','Demo User',0,0.00,8.70,'2024-11-28');
/*!40000 ALTER TABLE `prod_master` ENABLE KEYS */;
UNLOCK TABLES;

--
-- Table structure for table `prod_packing`
--

DROP TABLE IF EXISTS `prod_packing`;
/*!40101 SET @saved_cs_client     = @@character_set_client */;
/*!50503 SET character_set_client = utf8mb4 */;
CREATE TABLE `prod_packing` (
  `id` int NOT NULL AUTO_INCREMENT,
  `item_code` char(10) NOT NULL,
  `pack_id` char(3) NOT NULL,
  `qty` decimal(10,2) NOT NULL,
  `purpose` int DEFAULT '1',
  `pack_desc` text NOT NULL,
  PRIMARY KEY (`id`)
) ENGINE=InnoDB AUTO_INCREMENT=37 DEFAULT CHARSET=utf8mb4 COLLATE=utf8mb4_0900_ai_ci;
/*!40101 SET character_set_client = @saved_cs_client */;

--
-- Dumping data for table `prod_packing`
--

LOCK TABLES `prod_packing` WRITE;
/*!40000 ALTER TABLE `prod_packing` DISABLE KEYS */;
INSERT INTO `prod_packing` VALUES (7,'1000000004','5',1.00,1,' PCS'),(8,'1000000004','5',1.00,2,' PCS'),(9,'1000000005','5',1.00,1,'    PCS'),(10,'1000000005','5',12.00,2,'   12 * 1CTN'),(11,'1000000006','5',1.00,1,'PCS'),(12,'1000000006','5',1.00,2,'PCS'),(17,'1000000215','5',1.00,1,' PCS'),(18,'1000000215','6',10.00,2,'10 * 1 CTN'),(19,'1000000216','5',1.00,1,'PCS'),(20,'1000000216','5',1.00,2,'PCS'),(21,'1000000115','0',1.00,1,'1 * 1'),(22,'1000000115','0',1.00,2,'1 * 1'),(23,'1000000121','0',1.00,1,'1 * 1'),(24,'1000000121','0',1.00,2,'1 * 1'),(25,'1000000003','5',1.00,1,' PCS'),(26,'1000000003','5',1.00,2,' PCS'),(27,'1000000002','5',1.00,1,' PCS'),(28,'1000000002','5',8.00,2,' 8 * 1 CTN'),(31,'1000000217','5',1.00,1,' PCS'),(32,'1000000217','6',10.00,2,' CTN'),(35,'1000000214','0',1.00,1,' PCS'),(36,'1000000214','0',10.00,2,' 20 * 1 CTN');
/*!40000 ALTER TABLE `prod_packing` ENABLE KEYS */;
UNLOCK TABLES;

--
-- Table structure for table `prod_supplier`
--

DROP TABLE IF EXISTS `prod_supplier`;
/*!40101 SET @saved_cs_client     = @@character_set_client */;
/*!50503 SET character_set_client = utf8mb4 */;
CREATE TABLE `prod_supplier` (
  `sp_id` int NOT NULL AUTO_INCREMENT,
  `item_code` int DEFAULT NULL,
  `supplier_code` text,
  `level` int DEFAULT '0',
  PRIMARY KEY (`sp_id`),
  KEY `prod_supplier_prod` (`item_code`),
  CONSTRAINT `prod_supplier_prod` FOREIGN KEY (`item_code`) REFERENCES `prod_master` (`item_code`) ON UPDATE CASCADE
) ENGINE=InnoDB DEFAULT CHARSET=utf8mb4 COLLATE=utf8mb4_0900_ai_ci COMMENT='Suppliers for each product';
/*!40101 SET character_set_client = @saved_cs_client */;

--
-- Dumping data for table `prod_supplier`
--

LOCK TABLES `prod_supplier` WRITE;
/*!40000 ALTER TABLE `prod_supplier` DISABLE KEYS */;
/*!40000 ALTER TABLE `prod_supplier` ENABLE KEYS */;
UNLOCK TABLES;

--
-- Table structure for table `prof_hd`
--

DROP TABLE IF EXISTS `prof_hd`;
/*!40101 SET @saved_cs_client     = @@character_set_client */;
/*!50503 SET character_set_client = utf8mb4 */;
CREATE TABLE `prof_hd` (
  `id` int NOT NULL AUTO_INCREMENT,
  `entry_no` char(10) NOT NULL,
  `loc_id` char(3) NOT NULL,
  `customer` int NOT NULL,
  `remarks` text,
  `taxable` int NOT NULL DEFAULT '0',
  `iss_date` date NOT NULL,
  `due_date` date NOT NULL,
  `net_amt` decimal(10,2) DEFAULT '0.00',
  `tax_amt` decimal(10,2) DEFAULT '0.00',
  `other_cost` decimal(10,2) DEFAULT '0.00',
  `gross_amt` decimal(10,2) DEFAULT '0.00',
  `date_created` date DEFAULT (curdate()),
  `time_created` time DEFAULT (curtime()),
  `created_by` int NOT NULL,
  `valid` int DEFAULT '1',
  `approved` int DEFAULT '0',
  PRIMARY KEY (`id`),
  KEY `prof_hd_customers_customer_id_fk` (`customer`),
  KEY `prof_hd_clerk_id_fk` (`created_by`),
  CONSTRAINT `prof_hd_clerk_id_fk` FOREIGN KEY (`created_by`) REFERENCES `clerk` (`id`),
  CONSTRAINT `prof_hd_customers_customer_id_fk` FOREIGN KEY (`customer`) REFERENCES `customers` (`customer_id`)
) ENGINE=InnoDB AUTO_INCREMENT=10003 DEFAULT CHARSET=utf8mb4 COLLATE=utf8mb4_0900_ai_ci;
/*!40101 SET character_set_client = @saved_cs_client */;

--
-- Dumping data for table `prof_hd`
--

LOCK TABLES `prof_hd` WRITE;
/*!40000 ALTER TABLE `prof_hd` DISABLE KEYS */;
INSERT INTO `prof_hd` VALUES (10000,'PF10000','0',10000,'Hosana',1,'2024-03-10','2024-03-16',86.96,13.04,0.00,100.00,'2024-03-10','09:35:29',2,0,0),(10001,'PF10001','0',10000,'Enjoyment For Heaven',1,'2024-03-10','2024-03-16',12700.88,1563.12,0.00,14264.00,'2024-03-10','10:23:46',2,1,1),(10002,'PF10002','0',10000,'Man of the year',0,'2024-03-10','2024-03-23',86.96,13.04,0.00,100.00,'2024-03-10','14:59:11',2,1,0);
/*!40000 ALTER TABLE `prof_hd` ENABLE KEYS */;
UNLOCK TABLES;

--
-- Table structure for table `prof_tran`
--

DROP TABLE IF EXISTS `prof_tran`;
/*!40101 SET @saved_cs_client     = @@character_set_client */;
/*!50503 SET character_set_client = utf8mb4 */;
CREATE TABLE `prof_tran` (
  `entry_no` char(10) NOT NULL,
  `line_no` int NOT NULL,
  `barcode` char(255) NOT NULL,
  `item_desc` text NOT NULL,
  `packing` char(10) NOT NULL,
  `pack_qty` decimal(10,2) NOT NULL,
  `tran_qty` decimal(10,2) DEFAULT '0.00',
  `unit_cost` decimal(10,2) NOT NULL,
  `net_cost` decimal(10,2) NOT NULL,
  `tax_amt` decimal(10,2) DEFAULT '0.00',
  `gross_amt` decimal(10,2) NOT NULL
) ENGINE=InnoDB DEFAULT CHARSET=utf8mb4 COLLATE=utf8mb4_0900_ai_ci;
/*!40101 SET character_set_client = @saved_cs_client */;

--
-- Dumping data for table `prof_tran`
--

LOCK TABLES `prof_tran` WRITE;
/*!40000 ALTER TABLE `prof_tran` DISABLE KEYS */;
INSERT INTO `prof_tran` VALUES ('PF10000',1,'6033000340085','STORM ENERGY LG',' PCS',1.00,10.00,10.00,86.96,13.04,100.00),('PF10001',1,'6033000340085','STORM ENERGY LG',' PCS',1.00,10.00,120.00,1043.48,156.52,1200.00),('PF10001',2,'6034000181036','BEL-AQUA SMALL',' PCS',1.00,19.00,15.00,247.83,37.17,285.00),('PF10001',3,'17264738','Note Pad Small',' PCS',1.00,7.00,57.00,346.96,52.04,399.00),('PF10001',4,'0987654321','GAUVA JUICE','PCS',1.00,19.00,120.00,2280.00,0.00,2280.00),('PF10001',5,'54646467564','ORANGE','PCS',1.00,100.00,100.00,8695.65,1304.35,10000.00),('PF10001',6,'54491069','Sprite zero 0.5Ltr','1 * 1',1.00,10.00,10.00,86.96,13.04,100.00),('PF10002',1,'6034000181036','BEL-AQUA SMALL',' PCS',1.00,10.00,10.00,86.96,13.04,100.00);
/*!40000 ALTER TABLE `prof_tran` ENABLE KEYS */;
UNLOCK TABLES;

--
-- Table structure for table `refund`
--

DROP TABLE IF EXISTS `refund`;
/*!40101 SET @saved_cs_client     = @@character_set_client */;
/*!50503 SET character_set_client = utf8mb4 */;
CREATE TABLE `refund` (
  `id` int NOT NULL AUTO_INCREMENT,
  `bill_number` int DEFAULT NULL,
  `amount_refund` decimal(50,2) DEFAULT NULL,
  `receptionist` text,
  `date` date DEFAULT (curdate()),
  `reason` text,
  `customer` text,
  PRIMARY KEY (`id`)
) ENGINE=InnoDB AUTO_INCREMENT=2 DEFAULT CHARSET=utf8mb4 COLLATE=utf8mb4_0900_ai_ci;
/*!40101 SET character_set_client = @saved_cs_client */;

--
-- Dumping data for table `refund`
--

LOCK TABLES `refund` WRITE;
/*!40000 ALTER TABLE `refund` DISABLE KEYS */;
/*!40000 ALTER TABLE `refund` ENABLE KEYS */;
UNLOCK TABLES;

--
-- Table structure for table `sales`
--

DROP TABLE IF EXISTS `sales`;
/*!40101 SET @saved_cs_client     = @@character_set_client */;
/*!50503 SET character_set_client = utf8mb4 */;
CREATE TABLE `sales` (
  `id` int NOT NULL AUTO_INCREMENT,
  `value` double(6,2) DEFAULT NULL,
  `stage` text,
  `day` text,
  `month` text,
  `year` text,
  UNIQUE KEY `id` (`id`)
) ENGINE=InnoDB DEFAULT CHARSET=utf8mb4 COLLATE=utf8mb4_0900_ai_ci;
/*!40101 SET character_set_client = @saved_cs_client */;

--
-- Dumping data for table `sales`
--

LOCK TABLES `sales` WRITE;
/*!40000 ALTER TABLE `sales` DISABLE KEYS */;
/*!40000 ALTER TABLE `sales` ENABLE KEYS */;
UNLOCK TABLES;

--
-- Table structure for table `sales_hd`
--

DROP TABLE IF EXISTS `sales_hd`;
/*!40101 SET @saved_cs_client     = @@character_set_client */;
/*!50503 SET character_set_client = utf8mb4 */;
CREATE TABLE `sales_hd` (
  `sales_date` date NOT NULL,
  `gross` decimal(10,0) DEFAULT (0.00),
  `tax` decimal(10,0) DEFAULT (0.00),
  `net` decimal(10,0) DEFAULT (0.00),
  `posted` int DEFAULT (0),
  `check_customer` int DEFAULT '0',
  `shitf` int NOT NULL,
  UNIQUE KEY `sales_date` (`sales_date`,`shitf`)
) ENGINE=InnoDB DEFAULT CHARSET=utf8mb4 COLLATE=utf8mb4_0900_ai_ci;
/*!40101 SET character_set_client = @saved_cs_client */;

--
-- Dumping data for table `sales_hd`
--

LOCK TABLES `sales_hd` WRITE;
/*!40000 ALTER TABLE `sales_hd` DISABLE KEYS */;
INSERT INTO `sales_hd` VALUES ('2023-10-17',NULL,NULL,NULL,1,0,1),('2023-10-19',1778,202,1575,1,0,1),('2023-10-20',594,90,504,1,0,1),('2023-10-27',64,11,53,1,0,1),('2023-11-04',45607,7584,38023,1,0,1),('2023-12-13',17,3,14,1,0,1),('2023-12-14',1,0,1,1,0,1),('2023-12-21',70,0,70,1,0,1),('2023-12-23',500,90,410,1,0,1),('2024-01-07',46,0,46,1,0,1),('2024-01-29',7333,1151,6182,0,0,1);
/*!40000 ALTER TABLE `sales_hd` ENABLE KEYS */;
UNLOCK TABLES;

--
-- Table structure for table `sales_tran`
--

DROP TABLE IF EXISTS `sales_tran`;
/*!40101 SET @saved_cs_client     = @@character_set_client */;
/*!50503 SET character_set_client = utf8mb4 */;
CREATE TABLE `sales_tran` (
  `id` int NOT NULL AUTO_INCREMENT,
  `mach` int NOT NULL,
  `shift` int NOT NULL,
  `barcode` char(30) NOT NULL,
  `item_desc` text NOT NULL,
  `un_cost` decimal(10,2) DEFAULT (0.00),
  `un_retail` decimal(10,2) DEFAULT (0.00),
  `sold_qty` decimal(10,2) DEFAULT (0.00),
  `total_cost` decimal(10,2) DEFAULT (0.00),
  `total_sold` decimal(10,2) DEFAULT (0.00),
  `total_tax` decimal(10,2) DEFAULT (0.00),
  `bill_date` date DEFAULT (curdate()),
  `bill_no` int DEFAULT (0),
  `check_customer` int DEFAULT '0',
  `shitf` int NOT NULL,
  PRIMARY KEY (`id`)
) ENGINE=InnoDB AUTO_INCREMENT=317 DEFAULT CHARSET=utf8mb4 COLLATE=utf8mb4_0900_ai_ci;
/*!40101 SET character_set_client = @saved_cs_client */;

--
-- Dumping data for table `sales_tran`
--

LOCK TABLES `sales_tran` WRITE;
/*!40000 ALTER TABLE `sales_tran` DISABLE KEYS */;
INSERT INTO `sales_tran` VALUES (7,1,1,'6033000340085','STORM ENERGY LG',6.00,1.00,13.00,78.00,13.00,1.70,'2023-10-19',0,0,0),(8,1,1,'6034000181036','BEL-AQUA SMALL',20.00,500.00,2.00,40.00,1000.00,130.44,'2023-10-19',0,0,0),(9,1,1,'17264738','Note Pad Small',95.00,100.00,1.00,95.00,100.00,13.04,'2023-10-19',0,0,0),(10,1,1,'0987654321','GAUVA JUICE',8.33,100.00,1.00,8.33,100.00,0.00,'2023-10-19',0,0,0),(11,1,1,'54646467564','ORANGE',5.00,7.00,2.00,10.00,14.00,1.82,'2023-10-19',0,0,0),(12,1,1,'54491069','Sprite zero 0.5Ltr',2.90,4.00,1.00,2.90,4.00,0.00,'2023-10-19',0,0,0),(13,1,1,'0100000013','COCA-COLA  CAN 33CL',3.49,7.98,1.00,3.49,7.98,0.00,'2023-10-19',0,0,0),(14,1,1,'90162602','Redbull 250ML',11.78,15.99,1.00,11.78,15.99,0.00,'2023-10-19',0,0,0),(15,1,1,'5411188110835','Alpro Soya Almond Drink 1Ltr',31.00,36.99,1.00,31.00,36.99,0.00,'2023-10-19',0,0,0),(16,1,1,'6001240100059','Ceres Orange 1Ltr',26.21,64.90,1.00,26.21,64.90,0.00,'2023-10-19',0,0,0),(17,1,1,'5292853000046','ZOI NECTAR Grape 1Ltr',17.39,24.00,2.00,34.78,48.00,0.00,'2023-10-19',0,0,0),(18,1,1,'5292853000015','ZOI  APPLE JUICE 1L',18.26,26.00,10.00,182.60,260.00,0.00,'2023-10-19',0,0,0),(19,1,1,'8859349202086','ABEVIA EVAPORATED MILK 170G',4.75,7.70,1.00,4.75,7.70,0.00,'2023-10-19',0,0,0),(20,1,1,'3218930298009','Even Milk Half 1Ltr',120.00,19.03,1.00,120.00,19.03,0.00,'2023-10-19',0,0,0),(21,1,1,'6033000084941','Nestle Creamer 390g',5.90,11.72,1.00,5.90,11.72,0.00,'2023-10-19',0,0,0),(22,1,1,'6033000082862','IDEAL B EVP Milk 170G',2.63,4.83,1.00,2.63,4.83,0.00,'2023-10-19',0,0,0),(23,1,1,'6008155000108','COWBELL PREMIUM SACHET 360G',53.58,69.70,1.00,53.58,69.70,0.00,'2023-10-19',0,0,0),(38,1,1,'6034000181036','BEL-AQUA SMALL',20.00,500.00,1.00,20.00,500.00,65.22,'2023-10-20',0,0,0),(39,1,1,'0100000013','COCA-COLA  CAN 33CL',3.49,7.98,1.00,3.49,7.98,0.00,'2023-10-20',0,0,0),(40,1,1,'5449000232755','Club Soda Water 350Ml',1.54,4.10,1.00,1.54,4.10,0.00,'2023-10-20',0,0,0),(41,1,2,'5411188110835','Alpro Soya Almond Drink 1Ltr',31.00,36.99,1.00,31.00,36.99,0.00,'2023-10-20',0,0,0),(42,1,2,'8859349202086','ABEVIA EVAPORATED MILK 170G',4.75,7.70,1.00,4.75,7.70,0.00,'2023-10-20',0,0,0),(43,1,1,'8859349202086','ABEVIA EVAPORATED MILK 170G',4.75,7.70,1.00,4.75,7.70,0.00,'2023-10-20',0,0,0),(44,1,2,'5760466959254','Arl.Milk Powder 400Gm',14.99,29.28,1.00,14.99,29.28,0.00,'2023-10-20',0,0,0),(45,1,1,'6033000340085','STORM ENERGY LG',6.25,8.00,8.00,50.00,64.00,8.34,'2023-10-27',0,0,0),(46,1,1,'6033000340085','STORM ENERGY LG',0.50,1.00,8.00,4.00,8.00,1.04,'2023-11-04',0,0,0),(47,1,1,'6033000340085','STORM ENERGY LG',0.50,8.00,56.00,28.00,448.00,42.64,'2023-11-04',0,0,0),(48,1,1,'6034000181036','BEL-AQUA SMALL',20.00,500.00,47.00,940.00,23500.00,2934.84,'2023-11-04',0,0,0),(49,1,1,'17264738','Note Pad Small',95.00,100.00,5.00,475.00,500.00,65.20,'2023-11-04',0,0,0),(50,1,1,'17264738','Note Pad Small',95.00,78.10,1.00,95.00,78.10,10.19,'2023-11-04',0,0,0),(51,1,1,'0987654321','GAUVA JUICE',8.33,100.00,4.00,33.32,400.00,0.00,'2023-11-04',0,0,0),(52,1,1,'54646467564','ORANGE',5.00,7.00,5.00,25.00,35.00,3.64,'2023-11-04',0,0,0),(53,1,1,'5449000232755','Club Soda Water 350Ml',1.54,4.10,2.00,3.08,8.20,0.00,'2023-11-04',0,0,0),(54,1,1,'6034000351187','Big Boss Energy Drink 350ML',2.32,3.00,1.00,2.32,3.00,0.00,'2023-11-04',0,0,0),(55,1,1,'6034000180107','Beta Malt-330ML',2.08,4.10,4.00,8.32,16.40,0.00,'2023-11-04',0,0,0),(56,1,1,'6034000252026','Bubble Up Soda 350ML',2.19,4.25,2.00,4.38,8.50,0.00,'2023-11-04',0,0,0),(57,1,1,'6253500771442','Fruitelli Mango 1Ltr',18.66,26.20,1.00,18.66,26.20,0.00,'2023-11-04',0,0,0),(58,1,1,'5411188543381','Alpro Soya Original Drink 1lt',34.96,45.40,4.00,139.84,181.60,0.00,'2023-11-04',0,0,0),(59,1,1,'8412318010770','Interjus P/C Jiuce1L',5.42,11.13,1.00,5.42,11.13,0.00,'2023-11-04',0,0,0),(60,1,1,'5411188110835','Alpro Soya Almond Drink 1Ltr',31.00,36.99,10.00,310.00,369.90,0.00,'2023-11-04',0,0,0),(61,1,1,'5411188543398','Alpro Soya Drink(Unsweetened) 1ltr',17.10,34.85,9.00,153.90,313.65,0.00,'2023-11-04',0,0,0),(62,1,1,'5411188543398','Alpro Soya Drink(Unsweetened) 1ltr',17.10,0.00,1.00,17.10,0.00,0.00,'2023-11-04',0,0,0),(63,1,1,'6001240100059','Ceres Orange 1Ltr',26.21,64.90,3.00,78.63,194.70,0.00,'2023-11-04',0,0,0),(64,1,1,'9501053210428','K.Pineapple 250ML',2.24,3.20,1.00,2.24,3.20,0.00,'2023-11-04',0,0,0),(65,1,1,'8859349202086','ABEVIA EVAPORATED MILK 170G',4.75,7.70,39.00,185.25,300.30,0.00,'2023-11-04',0,0,0),(66,1,1,'6033000084927','IDEAL MILK-Original -390g',8.49,13.92,1.00,8.49,13.92,0.00,'2023-11-04',0,0,0),(67,1,1,'6033000084415','CARNATION TEA CREAMER 160g',5.80,7.50,2.00,11.60,15.00,0.00,'2023-11-04',0,0,0),(68,1,1,'5711953075858','DANO CHOCOLATE FLAV MILK POWDER 40Gm',0.72,1.76,1.00,0.72,1.76,0.00,'2023-11-04',0,0,0),(69,1,1,'6008155000368','COWBELL VITARICH 400G',64.16,83.50,1.00,64.16,83.50,0.00,'2023-11-04',0,0,0),(70,1,1,'5760466959254','Arl.Milk Powder 400Gm',14.99,29.28,3.00,44.97,87.84,0.00,'2023-11-04',0,0,0),(71,1,1,'6033000082985','Cerelac Wheat 400gm',12.50,21.03,1.00,12.50,21.03,0.00,'2023-11-04',0,0,0),(72,1,1,'8364937486','JOY COLA',5.00,10.00,5.00,25.00,50.00,5.20,'2023-11-04',0,0,0),(73,1,1,'6033000340085','STORM ENERGY LG',0.50,1.00,8.00,4.00,8.00,1.04,'2023-11-04',0,0,0),(74,1,1,'6033000340085','STORM ENERGY LG',0.50,8.00,56.00,28.00,448.00,42.64,'2023-11-04',0,0,0),(75,1,1,'6034000181036','BEL-AQUA SMALL',20.00,500.00,47.00,940.00,23500.00,2934.84,'2023-11-04',0,0,0),(76,1,1,'17264738','Note Pad Small',95.00,100.00,5.00,475.00,500.00,65.20,'2023-11-04',0,0,0),(77,1,1,'17264738','Note Pad Small',95.00,78.10,1.00,95.00,78.10,10.19,'2023-11-04',0,0,0),(78,1,1,'0987654321','GAUVA JUICE',8.33,100.00,4.00,33.32,400.00,0.00,'2023-11-04',0,0,0),(79,1,1,'54646467564','ORANGE',5.00,7.00,5.00,25.00,35.00,3.64,'2023-11-04',0,0,0),(80,1,1,'5449000232755','Club Soda Water 350Ml',1.54,4.10,2.00,3.08,8.20,0.00,'2023-11-04',0,0,0),(81,1,1,'6034000351187','Big Boss Energy Drink 350ML',2.32,3.00,1.00,2.32,3.00,0.00,'2023-11-04',0,0,0),(82,1,1,'6034000180107','Beta Malt-330ML',2.08,4.10,4.00,8.32,16.40,0.00,'2023-11-04',0,0,0),(83,1,1,'6034000252026','Bubble Up Soda 350ML',2.19,4.25,2.00,4.38,8.50,0.00,'2023-11-04',0,0,0),(84,1,1,'6253500771442','Fruitelli Mango 1Ltr',18.66,26.20,1.00,18.66,26.20,0.00,'2023-11-04',0,0,0),(85,1,1,'5411188543381','Alpro Soya Original Drink 1lt',34.96,45.40,4.00,139.84,181.60,0.00,'2023-11-04',0,0,0),(86,1,1,'8412318010770','Interjus P/C Jiuce1L',5.42,11.13,1.00,5.42,11.13,0.00,'2023-11-04',0,0,0),(87,1,1,'5411188110835','Alpro Soya Almond Drink 1Ltr',31.00,36.99,10.00,310.00,369.90,0.00,'2023-11-04',0,0,0),(88,1,1,'5411188543398','Alpro Soya Drink(Unsweetened) 1ltr',17.10,34.85,9.00,153.90,313.65,0.00,'2023-11-04',0,0,0),(89,1,1,'5411188543398','Alpro Soya Drink(Unsweetened) 1ltr',17.10,0.00,1.00,17.10,0.00,0.00,'2023-11-04',0,0,0),(90,1,1,'6001240100059','Ceres Orange 1Ltr',26.21,64.90,3.00,78.63,194.70,0.00,'2023-11-04',0,0,0),(91,1,1,'9501053210428','K.Pineapple 250ML',2.24,3.20,1.00,2.24,3.20,0.00,'2023-11-04',0,0,0),(92,1,1,'8859349202086','ABEVIA EVAPORATED MILK 170G',4.75,7.70,39.00,185.25,300.30,0.00,'2023-11-04',0,0,0),(93,1,1,'6033000084927','IDEAL MILK-Original -390g',8.49,13.92,1.00,8.49,13.92,0.00,'2023-11-04',0,0,0),(94,1,1,'6033000084415','CARNATION TEA CREAMER 160g',5.80,7.50,2.00,11.60,15.00,0.00,'2023-11-04',0,0,0),(95,1,1,'5711953075858','DANO CHOCOLATE FLAV MILK POWDER 40Gm',0.72,1.76,1.00,0.72,1.76,0.00,'2023-11-04',0,0,0),(96,1,1,'6008155000368','COWBELL VITARICH 400G',64.16,83.50,1.00,64.16,83.50,0.00,'2023-11-04',0,0,0),(97,1,1,'5760466959254','Arl.Milk Powder 400Gm',14.99,29.28,3.00,44.97,87.84,0.00,'2023-11-04',0,0,0),(98,1,1,'6033000082985','Cerelac Wheat 400gm',12.50,21.03,1.00,12.50,21.03,0.00,'2023-11-04',0,0,0),(99,1,1,'8364937486','JOY COLA',5.00,10.00,5.00,25.00,50.00,5.20,'2023-11-04',0,0,0),(104,1,1,'6033000340085','STORM ENERGY LG',0.50,1.00,8.00,4.00,8.00,1.04,'2023-11-04',0,0,0),(105,1,1,'6033000340085','STORM ENERGY LG',0.50,8.00,56.00,28.00,448.00,42.64,'2023-11-04',0,0,0),(106,1,1,'6034000181036','BEL-AQUA SMALL',20.00,500.00,47.00,940.00,23500.00,2934.84,'2023-11-04',0,0,0),(107,1,1,'17264738','Note Pad Small',95.00,100.00,5.00,475.00,500.00,65.20,'2023-11-04',0,0,0),(108,1,1,'17264738','Note Pad Small',95.00,78.10,1.00,95.00,78.10,10.19,'2023-11-04',0,0,0),(109,1,1,'0987654321','GAUVA JUICE',8.33,100.00,4.00,33.32,400.00,0.00,'2023-11-04',0,0,0),(110,1,1,'54646467564','ORANGE',5.00,7.00,5.00,25.00,35.00,3.64,'2023-11-04',0,0,0),(111,1,1,'5449000232755','Club Soda Water 350Ml',1.54,4.10,2.00,3.08,8.20,0.00,'2023-11-04',0,0,0),(112,1,1,'6034000351187','Big Boss Energy Drink 350ML',2.32,3.00,1.00,2.32,3.00,0.00,'2023-11-04',0,0,0),(113,1,1,'6034000180107','Beta Malt-330ML',2.08,4.10,4.00,8.32,16.40,0.00,'2023-11-04',0,0,0),(114,1,1,'6034000252026','Bubble Up Soda 350ML',2.19,4.25,2.00,4.38,8.50,0.00,'2023-11-04',0,0,0),(115,1,1,'6253500771442','Fruitelli Mango 1Ltr',18.66,26.20,1.00,18.66,26.20,0.00,'2023-11-04',0,0,0),(116,1,1,'5411188543381','Alpro Soya Original Drink 1lt',34.96,45.40,4.00,139.84,181.60,0.00,'2023-11-04',0,0,0),(117,1,1,'8412318010770','Interjus P/C Jiuce1L',5.42,11.13,1.00,5.42,11.13,0.00,'2023-11-04',0,0,0),(118,1,1,'5411188110835','Alpro Soya Almond Drink 1Ltr',31.00,36.99,10.00,310.00,369.90,0.00,'2023-11-04',0,0,0),(119,1,1,'5411188543398','Alpro Soya Drink(Unsweetened) 1ltr',17.10,34.85,9.00,153.90,313.65,0.00,'2023-11-04',0,0,0),(120,1,1,'5411188543398','Alpro Soya Drink(Unsweetened) 1ltr',17.10,0.00,1.00,17.10,0.00,0.00,'2023-11-04',0,0,0),(121,1,1,'6001240100059','Ceres Orange 1Ltr',26.21,64.90,3.00,78.63,194.70,0.00,'2023-11-04',0,0,0),(122,1,1,'9501053210428','K.Pineapple 250ML',2.24,3.20,1.00,2.24,3.20,0.00,'2023-11-04',0,0,0),(123,1,1,'8859349202086','ABEVIA EVAPORATED MILK 170G',4.75,7.70,39.00,185.25,300.30,0.00,'2023-11-04',0,0,0),(124,1,1,'6033000084927','IDEAL MILK-Original -390g',8.49,13.92,1.00,8.49,13.92,0.00,'2023-11-04',0,0,0),(125,1,1,'6033000084415','CARNATION TEA CREAMER 160g',5.80,7.50,2.00,11.60,15.00,0.00,'2023-11-04',0,0,0),(126,1,1,'5711953075858','DANO CHOCOLATE FLAV MILK POWDER 40Gm',0.72,1.76,1.00,0.72,1.76,0.00,'2023-11-04',0,0,0),(127,1,1,'6008155000368','COWBELL VITARICH 400G',64.16,83.50,1.00,64.16,83.50,0.00,'2023-11-04',0,0,0),(128,1,1,'5760466959254','Arl.Milk Powder 400Gm',14.99,29.28,3.00,44.97,87.84,0.00,'2023-11-04',0,0,0),(129,1,1,'6033000082985','Cerelac Wheat 400gm',12.50,21.03,1.00,12.50,21.03,0.00,'2023-11-04',0,0,0),(130,1,1,'8364937486','JOY COLA',5.00,10.00,5.00,25.00,50.00,5.20,'2023-11-04',0,0,0),(135,1,1,'6033000340085','STORM ENERGY LG',0.50,1.00,8.00,4.00,8.00,1.04,'2023-11-04',0,0,0),(136,1,1,'6033000340085','STORM ENERGY LG',0.50,8.00,56.00,28.00,448.00,42.64,'2023-11-04',0,0,0),(137,1,1,'6034000181036','BEL-AQUA SMALL',20.00,500.00,47.00,940.00,23500.00,2934.84,'2023-11-04',0,0,0),(138,1,1,'17264738','Note Pad Small',95.00,100.00,5.00,475.00,500.00,65.20,'2023-11-04',0,0,0),(139,1,1,'17264738','Note Pad Small',95.00,78.10,1.00,95.00,78.10,10.19,'2023-11-04',0,0,0),(140,1,1,'0987654321','GAUVA JUICE',8.33,100.00,4.00,33.32,400.00,0.00,'2023-11-04',0,0,0),(141,1,1,'54646467564','ORANGE',5.00,7.00,5.00,25.00,35.00,3.64,'2023-11-04',0,0,0),(142,1,1,'5449000232755','Club Soda Water 350Ml',1.54,4.10,2.00,3.08,8.20,0.00,'2023-11-04',0,0,0),(143,1,1,'6034000351187','Big Boss Energy Drink 350ML',2.32,3.00,1.00,2.32,3.00,0.00,'2023-11-04',0,0,0),(144,1,1,'6034000180107','Beta Malt-330ML',2.08,4.10,4.00,8.32,16.40,0.00,'2023-11-04',0,0,0),(145,1,1,'6034000252026','Bubble Up Soda 350ML',2.19,4.25,2.00,4.38,8.50,0.00,'2023-11-04',0,0,0),(146,1,1,'6253500771442','Fruitelli Mango 1Ltr',18.66,26.20,1.00,18.66,26.20,0.00,'2023-11-04',0,0,0),(147,1,1,'5411188543381','Alpro Soya Original Drink 1lt',34.96,45.40,4.00,139.84,181.60,0.00,'2023-11-04',0,0,0),(148,1,1,'8412318010770','Interjus P/C Jiuce1L',5.42,11.13,1.00,5.42,11.13,0.00,'2023-11-04',0,0,0),(149,1,1,'5411188110835','Alpro Soya Almond Drink 1Ltr',31.00,36.99,10.00,310.00,369.90,0.00,'2023-11-04',0,0,0),(150,1,1,'5411188543398','Alpro Soya Drink(Unsweetened) 1ltr',17.10,34.85,9.00,153.90,313.65,0.00,'2023-11-04',0,0,0),(151,1,1,'5411188543398','Alpro Soya Drink(Unsweetened) 1ltr',17.10,0.00,1.00,17.10,0.00,0.00,'2023-11-04',0,0,0),(152,1,1,'6001240100059','Ceres Orange 1Ltr',26.21,64.90,3.00,78.63,194.70,0.00,'2023-11-04',0,0,0),(153,1,1,'9501053210428','K.Pineapple 250ML',2.24,3.20,1.00,2.24,3.20,0.00,'2023-11-04',0,0,0),(154,1,1,'8859349202086','ABEVIA EVAPORATED MILK 170G',4.75,7.70,39.00,185.25,300.30,0.00,'2023-11-04',0,0,0),(155,1,1,'6033000084927','IDEAL MILK-Original -390g',8.49,13.92,1.00,8.49,13.92,0.00,'2023-11-04',0,0,0),(156,1,1,'6033000084415','CARNATION TEA CREAMER 160g',5.80,7.50,2.00,11.60,15.00,0.00,'2023-11-04',0,0,0),(157,1,1,'5711953075858','DANO CHOCOLATE FLAV MILK POWDER 40Gm',0.72,1.76,1.00,0.72,1.76,0.00,'2023-11-04',0,0,0),(158,1,1,'6008155000368','COWBELL VITARICH 400G',64.16,83.50,1.00,64.16,83.50,0.00,'2023-11-04',0,0,0),(159,1,1,'5760466959254','Arl.Milk Powder 400Gm',14.99,29.28,3.00,44.97,87.84,0.00,'2023-11-04',0,0,0),(160,1,1,'6033000082985','Cerelac Wheat 400gm',12.50,21.03,1.00,12.50,21.03,0.00,'2023-11-04',0,0,0),(161,1,1,'8364937486','JOY COLA',5.00,10.00,5.00,25.00,50.00,5.20,'2023-11-04',0,0,0),(166,1,1,'6033000340085','STORM ENERGY LG',0.50,1.00,8.00,4.00,8.00,1.04,'2023-11-04',0,0,0),(167,1,1,'6033000340085','STORM ENERGY LG',0.50,8.00,56.00,28.00,448.00,42.64,'2023-11-04',0,0,0),(168,1,1,'6034000181036','BEL-AQUA SMALL',20.00,500.00,47.00,940.00,23500.00,2934.84,'2023-11-04',0,0,0),(169,1,1,'17264738','Note Pad Small',95.00,100.00,5.00,475.00,500.00,65.20,'2023-11-04',0,0,0),(170,1,1,'17264738','Note Pad Small',95.00,78.10,1.00,95.00,78.10,10.19,'2023-11-04',0,0,0),(171,1,1,'0987654321','GAUVA JUICE',8.33,100.00,4.00,33.32,400.00,0.00,'2023-11-04',0,0,0),(172,1,1,'54646467564','ORANGE',5.00,7.00,5.00,25.00,35.00,3.64,'2023-11-04',0,0,0),(173,1,1,'5449000232755','Club Soda Water 350Ml',1.54,4.10,2.00,3.08,8.20,0.00,'2023-11-04',0,0,0),(174,1,1,'6034000351187','Big Boss Energy Drink 350ML',2.32,3.00,1.00,2.32,3.00,0.00,'2023-11-04',0,0,0),(175,1,1,'6034000180107','Beta Malt-330ML',2.08,4.10,4.00,8.32,16.40,0.00,'2023-11-04',0,0,0),(176,1,1,'6034000252026','Bubble Up Soda 350ML',2.19,4.25,2.00,4.38,8.50,0.00,'2023-11-04',0,0,0),(177,1,1,'6253500771442','Fruitelli Mango 1Ltr',18.66,26.20,1.00,18.66,26.20,0.00,'2023-11-04',0,0,0),(178,1,1,'5411188543381','Alpro Soya Original Drink 1lt',34.96,45.40,4.00,139.84,181.60,0.00,'2023-11-04',0,0,0),(179,1,1,'8412318010770','Interjus P/C Jiuce1L',5.42,11.13,1.00,5.42,11.13,0.00,'2023-11-04',0,0,0),(180,1,1,'5411188110835','Alpro Soya Almond Drink 1Ltr',31.00,36.99,10.00,310.00,369.90,0.00,'2023-11-04',0,0,0),(181,1,1,'5411188543398','Alpro Soya Drink(Unsweetened) 1ltr',17.10,34.85,9.00,153.90,313.65,0.00,'2023-11-04',0,0,0),(182,1,1,'5411188543398','Alpro Soya Drink(Unsweetened) 1ltr',17.10,0.00,1.00,17.10,0.00,0.00,'2023-11-04',0,0,0),(183,1,1,'6001240100059','Ceres Orange 1Ltr',26.21,64.90,3.00,78.63,194.70,0.00,'2023-11-04',0,0,0),(184,1,1,'9501053210428','K.Pineapple 250ML',2.24,3.20,1.00,2.24,3.20,0.00,'2023-11-04',0,0,0),(185,1,1,'8859349202086','ABEVIA EVAPORATED MILK 170G',4.75,7.70,39.00,185.25,300.30,0.00,'2023-11-04',0,0,0),(186,1,1,'6033000084927','IDEAL MILK-Original -390g',8.49,13.92,1.00,8.49,13.92,0.00,'2023-11-04',0,0,0),(187,1,1,'6033000084415','CARNATION TEA CREAMER 160g',5.80,7.50,2.00,11.60,15.00,0.00,'2023-11-04',0,0,0),(188,1,1,'5711953075858','DANO CHOCOLATE FLAV MILK POWDER 40Gm',0.72,1.76,1.00,0.72,1.76,0.00,'2023-11-04',0,0,0),(189,1,1,'6008155000368','COWBELL VITARICH 400G',64.16,83.50,1.00,64.16,83.50,0.00,'2023-11-04',0,0,0),(190,1,1,'5760466959254','Arl.Milk Powder 400Gm',14.99,29.28,3.00,44.97,87.84,0.00,'2023-11-04',0,0,0),(191,1,1,'6033000082985','Cerelac Wheat 400gm',12.50,21.03,1.00,12.50,21.03,0.00,'2023-11-04',0,0,0),(192,1,1,'8364937486','JOY COLA',5.00,10.00,5.00,25.00,50.00,5.20,'2023-11-04',0,0,0),(197,1,1,'6033000340085','STORM ENERGY LG',0.50,1.00,8.00,4.00,8.00,1.04,'2023-11-04',0,0,0),(198,1,1,'6033000340085','STORM ENERGY LG',0.50,8.00,56.00,28.00,448.00,42.64,'2023-11-04',0,0,0),(199,1,1,'6034000181036','BEL-AQUA SMALL',20.00,500.00,47.00,940.00,23500.00,2934.84,'2023-11-04',0,0,0),(200,1,1,'17264738','Note Pad Small',95.00,100.00,5.00,475.00,500.00,65.20,'2023-11-04',0,0,0),(201,1,1,'17264738','Note Pad Small',95.00,78.10,1.00,95.00,78.10,10.19,'2023-11-04',0,0,0),(202,1,1,'0987654321','GAUVA JUICE',8.33,100.00,4.00,33.32,400.00,0.00,'2023-11-04',0,0,0),(203,1,1,'54646467564','ORANGE',5.00,7.00,5.00,25.00,35.00,3.64,'2023-11-04',0,0,0),(204,1,1,'5449000232755','Club Soda Water 350Ml',1.54,4.10,2.00,3.08,8.20,0.00,'2023-11-04',0,0,0),(205,1,1,'6034000351187','Big Boss Energy Drink 350ML',2.32,3.00,1.00,2.32,3.00,0.00,'2023-11-04',0,0,0),(206,1,1,'6034000180107','Beta Malt-330ML',2.08,4.10,4.00,8.32,16.40,0.00,'2023-11-04',0,0,0),(207,1,1,'6034000252026','Bubble Up Soda 350ML',2.19,4.25,2.00,4.38,8.50,0.00,'2023-11-04',0,0,0),(208,1,1,'6253500771442','Fruitelli Mango 1Ltr',18.66,26.20,1.00,18.66,26.20,0.00,'2023-11-04',0,0,0),(209,1,1,'5411188543381','Alpro Soya Original Drink 1lt',34.96,45.40,4.00,139.84,181.60,0.00,'2023-11-04',0,0,0),(210,1,1,'8412318010770','Interjus P/C Jiuce1L',5.42,11.13,1.00,5.42,11.13,0.00,'2023-11-04',0,0,0),(211,1,1,'5411188110835','Alpro Soya Almond Drink 1Ltr',31.00,36.99,10.00,310.00,369.90,0.00,'2023-11-04',0,0,0),(212,1,1,'5411188543398','Alpro Soya Drink(Unsweetened) 1ltr',17.10,34.85,9.00,153.90,313.65,0.00,'2023-11-04',0,0,0),(213,1,1,'5411188543398','Alpro Soya Drink(Unsweetened) 1ltr',17.10,0.00,1.00,17.10,0.00,0.00,'2023-11-04',0,0,0),(214,1,1,'6001240100059','Ceres Orange 1Ltr',26.21,64.90,3.00,78.63,194.70,0.00,'2023-11-04',0,0,0),(215,1,1,'9501053210428','K.Pineapple 250ML',2.24,3.20,1.00,2.24,3.20,0.00,'2023-11-04',0,0,0),(216,1,1,'8859349202086','ABEVIA EVAPORATED MILK 170G',4.75,7.70,39.00,185.25,300.30,0.00,'2023-11-04',0,0,0),(217,1,1,'6033000084927','IDEAL MILK-Original -390g',8.49,13.92,1.00,8.49,13.92,0.00,'2023-11-04',0,0,0),(218,1,1,'6033000084415','CARNATION TEA CREAMER 160g',5.80,7.50,2.00,11.60,15.00,0.00,'2023-11-04',0,0,0),(219,1,1,'5711953075858','DANO CHOCOLATE FLAV MILK POWDER 40Gm',0.72,1.76,1.00,0.72,1.76,0.00,'2023-11-04',0,0,0),(220,1,1,'6008155000368','COWBELL VITARICH 400G',64.16,83.50,1.00,64.16,83.50,0.00,'2023-11-04',0,0,0),(221,1,1,'5760466959254','Arl.Milk Powder 400Gm',14.99,29.28,3.00,44.97,87.84,0.00,'2023-11-04',0,0,0),(222,1,1,'6033000082985','Cerelac Wheat 400gm',12.50,21.03,1.00,12.50,21.03,0.00,'2023-11-04',0,0,0),(223,1,1,'8364937486','JOY COLA',5.00,10.00,5.00,25.00,50.00,5.20,'2023-11-04',0,0,0),(228,1,1,'6033000340085','STORM ENERGY LG',0.50,1.00,8.00,4.00,8.00,1.04,'2023-11-04',0,0,0),(229,1,1,'6033000340085','STORM ENERGY LG',0.50,8.00,56.00,28.00,448.00,42.64,'2023-11-04',0,0,0),(230,1,1,'6034000181036','BEL-AQUA SMALL',20.00,500.00,47.00,940.00,23500.00,2934.84,'2023-11-04',0,0,0),(231,1,1,'17264738','Note Pad Small',95.00,100.00,5.00,475.00,500.00,65.20,'2023-11-04',0,0,0),(232,1,1,'17264738','Note Pad Small',95.00,78.10,1.00,95.00,78.10,10.19,'2023-11-04',0,0,0),(233,1,1,'0987654321','GAUVA JUICE',8.33,100.00,4.00,33.32,400.00,0.00,'2023-11-04',0,0,0),(234,1,1,'54646467564','ORANGE',5.00,7.00,5.00,25.00,35.00,3.64,'2023-11-04',0,0,0),(235,1,1,'5449000232755','Club Soda Water 350Ml',1.54,4.10,2.00,3.08,8.20,0.00,'2023-11-04',0,0,0),(236,1,1,'6034000351187','Big Boss Energy Drink 350ML',2.32,3.00,1.00,2.32,3.00,0.00,'2023-11-04',0,0,0),(237,1,1,'6034000180107','Beta Malt-330ML',2.08,4.10,4.00,8.32,16.40,0.00,'2023-11-04',0,0,0),(238,1,1,'6034000252026','Bubble Up Soda 350ML',2.19,4.25,2.00,4.38,8.50,0.00,'2023-11-04',0,0,0),(239,1,1,'6253500771442','Fruitelli Mango 1Ltr',18.66,26.20,1.00,18.66,26.20,0.00,'2023-11-04',0,0,0),(240,1,1,'5411188543381','Alpro Soya Original Drink 1lt',34.96,45.40,4.00,139.84,181.60,0.00,'2023-11-04',0,0,0),(241,1,1,'8412318010770','Interjus P/C Jiuce1L',5.42,11.13,1.00,5.42,11.13,0.00,'2023-11-04',0,0,0),(242,1,1,'5411188110835','Alpro Soya Almond Drink 1Ltr',31.00,36.99,10.00,310.00,369.90,0.00,'2023-11-04',0,0,0),(243,1,1,'5411188543398','Alpro Soya Drink(Unsweetened) 1ltr',17.10,34.85,9.00,153.90,313.65,0.00,'2023-11-04',0,0,0),(244,1,1,'5411188543398','Alpro Soya Drink(Unsweetened) 1ltr',17.10,0.00,1.00,17.10,0.00,0.00,'2023-11-04',0,0,0),(245,1,1,'6001240100059','Ceres Orange 1Ltr',26.21,64.90,3.00,78.63,194.70,0.00,'2023-11-04',0,0,0),(246,1,1,'9501053210428','K.Pineapple 250ML',2.24,3.20,1.00,2.24,3.20,0.00,'2023-11-04',0,0,0),(247,1,1,'8859349202086','ABEVIA EVAPORATED MILK 170G',4.75,7.70,39.00,185.25,300.30,0.00,'2023-11-04',0,0,0),(248,1,1,'6033000084927','IDEAL MILK-Original -390g',8.49,13.92,1.00,8.49,13.92,0.00,'2023-11-04',0,0,0),(249,1,1,'6033000084415','CARNATION TEA CREAMER 160g',5.80,7.50,2.00,11.60,15.00,0.00,'2023-11-04',0,0,0),(250,1,1,'5711953075858','DANO CHOCOLATE FLAV MILK POWDER 40Gm',0.72,1.76,1.00,0.72,1.76,0.00,'2023-11-04',0,0,0),(251,1,1,'6008155000368','COWBELL VITARICH 400G',64.16,83.50,1.00,64.16,83.50,0.00,'2023-11-04',0,0,0),(252,1,1,'5760466959254','Arl.Milk Powder 400Gm',14.99,29.28,3.00,44.97,87.84,0.00,'2023-11-04',0,0,0),(253,1,1,'6033000082985','Cerelac Wheat 400gm',12.50,21.03,1.00,12.50,21.03,0.00,'2023-11-04',0,0,0),(254,1,1,'8364937486','JOY COLA',5.00,10.00,5.00,25.00,50.00,5.20,'2023-11-04',0,0,0),(259,1,1,'6033000340085','STORM ENERGY LG',0.50,1.00,8.00,4.00,8.00,1.04,'2023-11-04',0,0,0),(260,1,1,'6033000340085','STORM ENERGY LG',0.50,8.00,56.00,28.00,448.00,42.64,'2023-11-04',0,0,0),(261,1,1,'6034000181036','BEL-AQUA SMALL',20.00,500.00,47.00,940.00,23500.00,2934.84,'2023-11-04',0,0,0),(262,1,1,'17264738','Note Pad Small',95.00,100.00,5.00,475.00,500.00,65.20,'2023-11-04',0,0,0),(263,1,1,'17264738','Note Pad Small',95.00,78.10,1.00,95.00,78.10,10.19,'2023-11-04',0,0,0),(264,1,1,'0987654321','GAUVA JUICE',8.33,100.00,4.00,33.32,400.00,0.00,'2023-11-04',0,0,0),(265,1,1,'54646467564','ORANGE',5.00,7.00,5.00,25.00,35.00,3.64,'2023-11-04',0,0,0),(266,1,1,'5449000232755','Club Soda Water 350Ml',1.54,4.10,2.00,3.08,8.20,0.00,'2023-11-04',0,0,0),(267,1,1,'6034000351187','Big Boss Energy Drink 350ML',2.32,3.00,1.00,2.32,3.00,0.00,'2023-11-04',0,0,0),(268,1,1,'6034000180107','Beta Malt-330ML',2.08,4.10,4.00,8.32,16.40,0.00,'2023-11-04',0,0,0),(269,1,1,'6034000252026','Bubble Up Soda 350ML',2.19,4.25,2.00,4.38,8.50,0.00,'2023-11-04',0,0,0),(270,1,1,'6253500771442','Fruitelli Mango 1Ltr',18.66,26.20,1.00,18.66,26.20,0.00,'2023-11-04',0,0,0),(271,1,1,'5411188543381','Alpro Soya Original Drink 1lt',34.96,45.40,4.00,139.84,181.60,0.00,'2023-11-04',0,0,0),(272,1,1,'8412318010770','Interjus P/C Jiuce1L',5.42,11.13,1.00,5.42,11.13,0.00,'2023-11-04',0,0,0),(273,1,1,'5411188110835','Alpro Soya Almond Drink 1Ltr',31.00,36.99,10.00,310.00,369.90,0.00,'2023-11-04',0,0,0),(274,1,1,'5411188543398','Alpro Soya Drink(Unsweetened) 1ltr',17.10,34.85,9.00,153.90,313.65,0.00,'2023-11-04',0,0,0),(275,1,1,'5411188543398','Alpro Soya Drink(Unsweetened) 1ltr',17.10,0.00,1.00,17.10,0.00,0.00,'2023-11-04',0,0,0),(276,1,1,'6001240100059','Ceres Orange 1Ltr',26.21,64.90,3.00,78.63,194.70,0.00,'2023-11-04',0,0,0),(277,1,1,'9501053210428','K.Pineapple 250ML',2.24,3.20,1.00,2.24,3.20,0.00,'2023-11-04',0,0,0),(278,1,1,'8859349202086','ABEVIA EVAPORATED MILK 170G',4.75,7.70,39.00,185.25,300.30,0.00,'2023-11-04',0,0,0),(279,1,1,'6033000084927','IDEAL MILK-Original -390g',8.49,13.92,1.00,8.49,13.92,0.00,'2023-11-04',0,0,0),(280,1,1,'6033000084415','CARNATION TEA CREAMER 160g',5.80,7.50,2.00,11.60,15.00,0.00,'2023-11-04',0,0,0),(281,1,1,'5711953075858','DANO CHOCOLATE FLAV MILK POWDER 40Gm',0.72,1.76,1.00,0.72,1.76,0.00,'2023-11-04',0,0,0),(282,1,1,'6008155000368','COWBELL VITARICH 400G',64.16,83.50,1.00,64.16,83.50,0.00,'2023-11-04',0,0,0),(283,1,1,'5760466959254','Arl.Milk Powder 400Gm',14.99,29.28,3.00,44.97,87.84,0.00,'2023-11-04',0,0,0),(284,1,1,'6033000082985','Cerelac Wheat 400gm',12.50,21.03,1.00,12.50,21.03,0.00,'2023-11-04',0,0,0),(285,1,1,'8364937486','JOY COLA',5.00,10.00,5.00,25.00,50.00,5.20,'2023-11-04',0,0,0),(286,1,1,'6033000340085','STORM ENERGY LG',0.50,1.00,7.00,3.50,7.00,0.91,'2023-12-13',0,0,0),(287,1,1,'8364937486','JOY COLA',5.00,10.00,1.00,5.00,10.00,1.30,'2023-12-13',0,0,0),(289,1,1,'6033000340085','STORM ENERGY LG',0.50,1.00,1.00,0.50,1.00,0.13,'2023-12-14',0,0,1),(290,1,1,'6034000180107','Beta Malt-330ML',2.08,4.10,1.00,2.08,4.10,0.00,'2023-12-21',0,0,1),(291,1,1,'5411188110835','Alpro Soya Almond Drink 1Ltr',31.00,36.99,1.00,31.00,36.99,0.00,'2023-12-21',0,0,1),(292,1,1,'5760466959254','Arl.Milk Powder 400Gm',14.99,29.28,1.00,14.99,29.28,0.00,'2023-12-21',0,0,1),(293,1,1,'6034000181036','BEL-AQUA SMALL',20.00,500.00,1.00,20.00,500.00,65.22,'2023-12-23',0,0,1),(294,2,1,'6033000340085','STORM ENERGY LG',0.50,1.00,1.00,0.50,1.00,0.13,'2024-01-07',0,0,1),(295,1,1,'5411188110835','Alpro Soya Almond Drink 1Ltr',31.00,36.99,1.00,31.00,36.99,0.00,'2024-01-07',0,0,1),(296,2,1,'8859349202086','ABEVIA EVAPORATED MILK 170G',4.75,7.70,1.00,4.75,7.70,0.00,'2024-01-07',0,0,1),(297,1,1,'6033000340085','STORM ENERGY LG',0.50,1.00,6.00,3.00,6.00,0.78,'2024-01-29',0,0,1),(298,1,1,'6034000181036','BEL-AQUA SMALL',20.00,500.00,12.00,240.00,6000.00,782.64,'2024-01-29',0,0,1),(299,1,1,'17264738','Note Pad Small',95.00,100.00,3.00,285.00,300.00,39.12,'2024-01-29',0,0,1),(300,1,1,'0987654321','GAUVA JUICE',8.33,100.00,3.00,24.99,300.00,0.00,'2024-01-29',0,0,1),(301,1,1,'54646467564','ORANGE',5.00,7.00,3.00,15.00,21.00,2.73,'2024-01-29',0,0,1),(302,1,1,'23098-mame','Soda Water',8.00,12.00,21.00,168.00,252.00,0.00,'2024-01-29',0,0,1),(303,1,1,'5449000014535','Sprite Can 330ML',6.85,8.50,2.00,13.70,17.00,0.00,'2024-01-29',0,0,1),(304,1,1,'5449000232755','Club Soda Water 350Ml',1.54,4.10,1.00,1.54,4.10,0.00,'2024-01-29',0,0,1),(305,1,1,'6034000252026','Bubble Up Soda 350ML',2.19,4.25,1.00,2.19,4.25,0.00,'2024-01-29',0,0,1),(306,1,1,'6253500771442','Fruitelli Mango 1Ltr',18.66,26.20,2.00,37.32,52.40,0.00,'2024-01-29',0,0,1),(307,1,1,'5411188543381','Alpro Soya Original Drink 1lt',34.96,45.40,2.00,69.92,90.80,0.00,'2024-01-29',0,0,1),(308,1,1,'5411188110835','Alpro Soya Almond Drink 1Ltr',31.00,36.99,2.00,62.00,73.98,0.00,'2024-01-29',0,0,1),(309,1,1,'6001240100059','Ceres Orange 1Ltr',26.21,64.90,1.00,26.21,64.90,0.00,'2024-01-29',0,0,1),(310,1,1,'6002323007463','PEARLY BAY SWEET WHITE 750ML',33.77,48.00,1.00,33.77,48.00,0.00,'2024-01-29',0,0,1),(311,1,1,'6253500781311','Yoyo Banana Drink 125ML',0.35,1.32,1.00,0.35,1.32,0.00,'2024-01-29',0,0,1),(312,1,1,'62905398','Cool Sun A/S 200ml',1.49,0.00,2.00,2.98,0.00,0.00,'2024-01-29',0,0,1),(313,1,1,'62905398','Cool Sun A/S 200ml',1.49,3.07,0.00,0.00,0.00,0.00,'2024-01-29',0,0,1),(314,1,1,'5413721501100','Incolac Full Crea 1Ltr',12.93,18.00,1.00,12.93,18.00,0.00,'2024-01-29',0,0,1),(315,1,1,'JAS-001','JASMIN RICE 1KG',45.00,50.00,1.00,45.00,50.00,6.52,'2024-01-29',0,0,1),(316,1,1,'8364937486','JOY COLA',5.00,10.00,3.00,15.00,30.00,3.90,'2024-01-29',0,0,1);
/*!40000 ALTER TABLE `sales_tran` ENABLE KEYS */;
UNLOCK TABLES;

--
-- Table structure for table `screens`
--

DROP TABLE IF EXISTS `screens`;
/*!40101 SET @saved_cs_client     = @@character_set_client */;
/*!50503 SET character_set_client = utf8mb4 */;
CREATE TABLE `screens` (
  `id` int unsigned NOT NULL AUTO_INCREMENT,
  `module` varchar(45) DEFAULT NULL,
  `sub_module` varchar(45) DEFAULT NULL,
  `created_on` date DEFAULT (curdate()),
  `scr_uni` varchar(50) DEFAULT (md5(concat(`created_on`,`module`))),
  PRIMARY KEY (`id`)
) ENGINE=InnoDB AUTO_INCREMENT=3 DEFAULT CHARSET=utf8mb4 COLLATE=utf8mb4_0900_ai_ci;
/*!40101 SET character_set_client = @saved_cs_client */;

--
-- Dumping data for table `screens`
--

LOCK TABLES `screens` WRITE;
/*!40000 ALTER TABLE `screens` DISABLE KEYS */;
INSERT INTO `screens` VALUES (1,'system','system','2022-10-07','68163190628fc15bd74abb07fb5f649e'),(2,'home','home','2022-10-12','01945175308d9f6b35959990b19ef879');
/*!40000 ALTER TABLE `screens` ENABLE KEYS */;
UNLOCK TABLES;

--
-- Table structure for table `shifts`
--

DROP TABLE IF EXISTS `shifts`;
/*!40101 SET @saved_cs_client     = @@character_set_client */;
/*!50503 SET character_set_client = utf8mb4 */;
CREATE TABLE `shifts` (
  `recId` int NOT NULL AUTO_INCREMENT,
  `shift_no` int NOT NULL,
  `clerk` text,
  `mech_no` int NOT NULL,
  `shift_date` date DEFAULT (curdate()),
  `endate` date DEFAULT NULL,
  `start_time` time DEFAULT (curtime()),
  `end_time` time DEFAULT (NULL),
  `enc` char(255) NOT NULL,
  `pending_eod` int DEFAULT '0',
  PRIMARY KEY (`recId`),
  UNIQUE KEY `recId` (`recId`),
  UNIQUE KEY `enc` (`enc`)
) ENGINE=InnoDB AUTO_INCREMENT=59 DEFAULT CHARSET=utf8mb4 COLLATE=utf8mb4_0900_ai_ci;
/*!40101 SET character_set_client = @saved_cs_client */;

--
-- Dumping data for table `shifts`
--

LOCK TABLES `shifts` WRITE;
/*!40000 ALTER TABLE `shifts` DISABLE KEYS */;
INSERT INTO `shifts` VALUES (55,1,'411',1,'2024-01-07','2024-01-07','08:19:56','12:37:48','7f2e16c409ddf16ae4a19cdc222b9cb0',0),(56,1,'411',2,'2024-01-07','2024-01-07','12:20:09','12:51:26','1cb4840b6280b06c0ffa6b69bab970f0',0),(57,2,'411',1,'2024-01-07','2024-01-29','18:06:05','20:43:29','a2167134f3d614ba57992ec8fa80e8f0',0),(58,1,'411',1,'2024-01-29','2024-03-09','20:45:06','09:14:05','3a59b6d6d9246ccd8977733148a0776b',0);
/*!40000 ALTER TABLE `shifts` ENABLE KEYS */;
UNLOCK TABLES;

--
-- Table structure for table `stk_tran`
--

DROP TABLE IF EXISTS `stk_tran`;
/*!40101 SET @saved_cs_client     = @@character_set_client */;
/*!50503 SET character_set_client = utf8mb4 */;
CREATE TABLE `stk_tran` (
  `entry_no` char(12) NOT NULL,
  `doc` char(2) NOT NULL,
  `item_code` int NOT NULL,
  `loc_fro` char(3) NOT NULL,
  `loc_to` char(3) NOT NULL,
  `pack_desc` text NOT NULL,
  `pack_un` decimal(10,2) NOT NULL,
  `tran_qty` decimal(10,2) NOT NULL DEFAULT '0.00',
  `date_created` date NOT NULL DEFAULT (curdate()),
  `time_created` time NOT NULL DEFAULT (curtime()),
  PRIMARY KEY (`doc`,`entry_no`,`item_code`),
  KEY `stk_check_prod_mast_id_fk` (`item_code`),
  CONSTRAINT `stk_check_prod_mast_id_fk` FOREIGN KEY (`item_code`) REFERENCES `prod_master` (`item_code`)
) ENGINE=InnoDB DEFAULT CHARSET=utf8mb4 COLLATE=utf8mb4_0900_ai_ci;
/*!40101 SET character_set_client = @saved_cs_client */;

--
-- Dumping data for table `stk_tran`
--

LOCK TABLES `stk_tran` WRITE;
/*!40000 ALTER TABLE `stk_tran` DISABLE KEYS */;
INSERT INTO `stk_tran` VALUES ('GR1000011','GR',1000000002,'','001','PCS',1.00,200.00,'2023-05-26','05:16:59'),('GR1000011','GR',1000000004,'','001',' PCS',1.00,100.00,'2023-05-26','05:16:59'),('GR1000012','GR',1000000002,'','001','8 * 1 CTN',8.00,1.00,'2023-10-27','07:02:20'),('GR1000013','GR',1000000214,'','999','20 * 1 CTN',20.00,1.00,'2023-11-06','06:41:29'),('GR1000014','GR',1000000002,'','001','8 * 1 CTN',8.00,1.00,'2023-11-06','20:28:54'),('GR1000016','GR',1000000123,'','999','null',0.00,100.00,'2024-02-15','06:49:10'),('GR1000016','GR',1000000134,'','999','null',0.00,50.00,'2024-02-15','06:49:11'),('GR1000016','GR',1000000137,'','999','null',0.00,80.00,'2024-02-15','06:49:13'),('GR1000039','GR',1000000214,'','001','null',0.00,10.00,'2024-03-06','09:38:31'),('SS2023-10-19','SS',1000000002,'001','001','PCS',1.00,0.00,'2023-10-27','06:45:04'),('SS2023-10-19','SS',1000000003,'001','001','PCS',1.00,0.00,'2023-10-27','06:45:04'),('SS2023-10-19','SS',1000000004,'001','001','PCS',1.00,0.00,'2023-10-27','06:45:05'),('SS2023-10-19','SS',1000000005,'001','001','PCS',1.00,0.00,'2023-10-27','06:45:05'),('SS2023-10-19','SS',1000000006,'001','001','PCS',1.00,0.00,'2023-10-27','06:45:06'),('SS2023-10-19','SS',1000000115,'001','001','PCS',1.00,0.00,'2023-10-27','06:45:06'),('SS2023-10-19','SS',1000000119,'001','001','PCS',1.00,0.00,'2023-10-27','06:45:07'),('SS2023-10-19','SS',1000000129,'001','001','PCS',1.00,0.00,'2023-10-27','06:45:07'),('SS2023-10-19','SS',1000000145,'001','001','PCS',1.00,0.00,'2023-10-27','06:45:07'),('SS2023-10-19','SS',1000000150,'001','001','PCS',1.00,0.00,'2023-10-27','06:45:08'),('SS2023-10-19','SS',1000000153,'001','001','PCS',1.00,0.00,'2023-10-27','06:45:08'),('SS2023-10-19','SS',1000000154,'001','001','PCS',1.00,0.00,'2023-10-27','06:45:08'),('SS2023-10-19','SS',1000000185,'001','001','PCS',1.00,0.00,'2023-10-27','06:45:09'),('SS2023-10-19','SS',1000000186,'001','001','PCS',1.00,0.00,'2023-10-27','06:45:09'),('SS2023-10-19','SS',1000000199,'001','001','PCS',1.00,0.00,'2023-10-27','06:45:09'),('SS2023-10-19','SS',1000000201,'001','001','PCS',1.00,0.00,'2023-10-27','06:45:10'),('SS2023-10-19','SS',1000000205,'001','001','PCS',1.00,0.00,'2023-10-27','06:45:10'),('SS2023-10-20','SS',1000000003,'001','001','PCS',1.00,0.00,'2023-10-27','06:57:09'),('SS2023-10-20','SS',1000000119,'001','001','PCS',1.00,0.00,'2023-10-27','06:57:09'),('SS2023-10-20','SS',1000000123,'001','001','PCS',1.00,0.00,'2023-10-27','06:57:10'),('SS2023-10-20','SS',1000000145,'001','001','PCS',1.00,0.00,'2023-10-27','06:57:10'),('SS2023-10-20','SS',1000000185,'001','001','PCS',1.00,0.00,'2023-10-27','06:57:10'),('SS2023-10-20','SS',1000000208,'001','001','PCS',1.00,0.00,'2023-10-27','06:57:11'),('SS2023-10-27','SS',1000000002,'001','001','PCS',1.00,0.00,'2023-10-27','07:08:06'),('SS2023-11-04','SS',1000000002,'001','001','PCS',1.00,0.00,'2023-12-13','07:41:30'),('SS2023-11-04','SS',1000000003,'001','001','PCS',1.00,0.00,'2023-12-13','07:41:31'),('SS2023-11-04','SS',1000000004,'001','001','PCS',1.00,0.00,'2023-12-13','07:41:32'),('SS2023-11-04','SS',1000000005,'001','001','PCS',1.00,0.00,'2023-12-13','07:41:34'),('SS2023-11-04','SS',1000000006,'001','001','PCS',1.00,0.00,'2023-12-13','07:41:34'),('SS2023-11-04','SS',1000000123,'001','001','PCS',1.00,0.00,'2023-12-13','07:41:35'),('SS2023-11-04','SS',1000000126,'001','001','PCS',1.00,0.00,'2023-12-13','07:41:35'),('SS2023-11-04','SS',1000000128,'001','001','PCS',1.00,0.00,'2023-12-13','07:41:35'),('SS2023-11-04','SS',1000000132,'001','001','PCS',1.00,0.00,'2023-12-13','07:41:35'),('SS2023-11-04','SS',1000000136,'001','001','PCS',1.00,0.00,'2023-12-13','07:41:36'),('SS2023-11-04','SS',1000000143,'001','001','PCS',1.00,0.00,'2023-12-13','07:41:37'),('SS2023-11-04','SS',1000000144,'001','001','PCS',1.00,0.00,'2023-12-13','07:41:37'),('SS2023-11-04','SS',1000000145,'001','001','PCS',1.00,0.00,'2023-12-13','07:41:38'),('SS2023-11-04','SS',1000000146,'001','001','PCS',1.00,0.00,'2023-12-13','07:41:38'),('SS2023-11-04','SS',1000000150,'001','001','PCS',1.00,0.00,'2023-12-13','07:41:39'),('SS2023-11-04','SS',1000000163,'001','001','PCS',1.00,0.00,'2023-12-13','07:41:39'),('SS2023-11-04','SS',1000000185,'001','001','PCS',1.00,0.00,'2023-12-13','07:41:40'),('SS2023-11-04','SS',1000000196,'001','001','PCS',1.00,0.00,'2023-12-13','07:41:41'),('SS2023-11-04','SS',1000000200,'001','001','PCS',1.00,0.00,'2023-12-13','07:41:41'),('SS2023-11-04','SS',1000000203,'001','001','PCS',1.00,0.00,'2023-12-13','07:41:42'),('SS2023-11-04','SS',1000000207,'001','001','PCS',1.00,0.00,'2023-12-13','07:41:42'),('SS2023-11-04','SS',1000000208,'001','001','PCS',1.00,0.00,'2023-12-13','07:41:43'),('SS2023-11-04','SS',1000000214,'001','001','PCS',1.00,0.00,'2023-12-13','07:41:44'),('SS2023-11-04','SS',1000000216,'001','001','PCS',1.00,0.00,'2023-12-13','07:41:44'),('SS2023-12-13','SS',1000000002,'001','001','PCS',1.00,0.00,'2023-12-21','05:29:38'),('SS2023-12-13','SS',1000000216,'001','001','PCS',1.00,0.00,'2023-12-21','05:29:39'),('SS2023-12-14','SS',1000000002,'001','001','PCS',1.00,0.00,'2023-12-21','05:29:55'),('SS2023-12-21','SS',1000000128,'001','001','PCS',1.00,0.00,'2023-12-21','05:35:58'),('SS2023-12-21','SS',1000000145,'001','001','PCS',1.00,0.00,'2023-12-21','05:35:58'),('SS2023-12-21','SS',1000000208,'001','001','PCS',1.00,0.00,'2023-12-21','05:35:59'),('SS2023-12-23','SS',1000000003,'001','001','PCS',1.00,-1.00,'2024-03-08','07:32:51'),('SS2024-01-07','SS',1000000002,'001','001','PCS',1.00,0.00,'2024-01-07','12:53:57'),('SS2024-01-07','SS',1000000145,'001','001','PCS',1.00,0.00,'2024-01-07','12:53:57'),('SS2024-01-07','SS',1000000185,'001','001','PCS',1.00,0.00,'2024-01-07','12:53:58');
/*!40000 ALTER TABLE `stk_tran` ENABLE KEYS */;
UNLOCK TABLES;

--
-- Table structure for table `stock`
--

DROP TABLE IF EXISTS `stock`;
/*!40101 SET @saved_cs_client     = @@character_set_client */;
/*!50503 SET character_set_client = utf8mb4 */;
CREATE TABLE `stock` (
  `id` int NOT NULL AUTO_INCREMENT,
  `item_code` char(10) NOT NULL,
  `loc_id` char(3) NOT NULL,
  `qty` decimal(14,2) NOT NULL,
  `ob_qty` decimal(14,2) DEFAULT NULL,
  PRIMARY KEY (`id`)
) ENGINE=InnoDB AUTO_INCREMENT=13 DEFAULT CHARSET=utf8mb4 COLLATE=utf8mb4_0900_ai_ci;
/*!40101 SET character_set_client = @saved_cs_client */;

--
-- Dumping data for table `stock`
--

LOCK TABLES `stock` WRITE;
/*!40000 ALTER TABLE `stock` DISABLE KEYS */;
INSERT INTO `stock` VALUES (1,'1000000002','001',2.00,NULL),(2,'1000000003','001',1.00,NULL),(3,'1000000005','001',24.00,NULL),(4,'1000000002','001',200.00,NULL),(5,'1000000004','001',100.00,NULL),(6,'1000000002','001',8.00,NULL),(7,'1000000214','999',20.00,NULL),(8,'1000000002','001',8.00,NULL),(9,'1000000123','999',0.00,NULL),(10,'1000000134','999',0.00,NULL),(11,'1000000137','999',0.00,NULL),(12,'1000000214','001',0.00,NULL);
/*!40000 ALTER TABLE `stock` ENABLE KEYS */;
UNLOCK TABLES;

--
-- Table structure for table `stock_master`
--

DROP TABLE IF EXISTS `stock_master`;
/*!40101 SET @saved_cs_client     = @@character_set_client */;
/*!50503 SET character_set_client = utf8mb4 */;
CREATE TABLE `stock_master` (
  `id` int NOT NULL AUTO_INCREMENT,
  `desc` char(255) NOT NULL,
  PRIMARY KEY (`id`),
  UNIQUE KEY `desc` (`desc`)
) ENGINE=InnoDB AUTO_INCREMENT=4 DEFAULT CHARSET=utf8mb4 COLLATE=utf8mb4_0900_ai_ci;
/*!40101 SET character_set_client = @saved_cs_client */;

--
-- Dumping data for table `stock_master`
--

LOCK TABLES `stock_master` WRITE;
/*!40000 ALTER TABLE `stock_master` DISABLE KEYS */;
INSERT INTO `stock_master` VALUES (3,'DISCONTINUED'),(2,'NON-STOCk'),(1,'REGULAR');
/*!40000 ALTER TABLE `stock_master` ENABLE KEYS */;
UNLOCK TABLES;

--
-- Table structure for table `stock_type`
--

DROP TABLE IF EXISTS `stock_type`;
/*!40101 SET @saved_cs_client     = @@character_set_client */;
/*!50503 SET character_set_client = utf8mb4 */;
CREATE TABLE `stock_type` (
  `id` int NOT NULL AUTO_INCREMENT,
  `description` text NOT NULL,
  PRIMARY KEY (`id`)
) ENGINE=InnoDB AUTO_INCREMENT=4 DEFAULT CHARSET=utf8mb4 COLLATE=utf8mb4_0900_ai_ci;
/*!40101 SET character_set_client = @saved_cs_client */;

--
-- Dumping data for table `stock_type`
--

LOCK TABLES `stock_type` WRITE;
/*!40000 ALTER TABLE `stock_type` DISABLE KEYS */;
INSERT INTO `stock_type` VALUES (1,'REGULAR'),(2,'NON-STOCk'),(3,'DISCONTINUED');
/*!40000 ALTER TABLE `stock_type` ENABLE KEYS */;
UNLOCK TABLES;

--
-- Table structure for table `sub_categories`
--

DROP TABLE IF EXISTS `sub_categories`;
/*!40101 SET @saved_cs_client     = @@character_set_client */;
/*!50503 SET character_set_client = utf8mb4 */;
CREATE TABLE `sub_categories` (
  `id` int NOT NULL AUTO_INCREMENT,
  `category` int NOT NULL,
  `description` text,
  `tax_group` int NOT NULL,
  `owner` text NOT NULL,
  `date_created` timestamp NOT NULL DEFAULT CURRENT_TIMESTAMP,
  PRIMARY KEY (`id`)
) ENGINE=InnoDB DEFAULT CHARSET=utf8mb4 COLLATE=utf8mb4_0900_ai_ci;
/*!40101 SET character_set_client = @saved_cs_client */;

--
-- Dumping data for table `sub_categories`
--

LOCK TABLES `sub_categories` WRITE;
/*!40000 ALTER TABLE `sub_categories` DISABLE KEYS */;
/*!40000 ALTER TABLE `sub_categories` ENABLE KEYS */;
UNLOCK TABLES;

--
-- Table structure for table `supp_mast`
--

DROP TABLE IF EXISTS `supp_mast`;
/*!40101 SET @saved_cs_client     = @@character_set_client */;
/*!50503 SET character_set_client = utf8mb4 */;
CREATE TABLE `supp_mast` (
  `supp_id` char(10) NOT NULL,
  `created_at` timestamp NOT NULL DEFAULT CURRENT_TIMESTAMP,
  `supp_name` varchar(255) DEFAULT NULL,
  `tax_grp` int DEFAULT '0',
  UNIQUE KEY `supp_mast_pk` (`supp_id`),
  KEY `supp_mast_tax_master_id_fk` (`tax_grp`),
  CONSTRAINT `supp_mast_tax_master_id_fk` FOREIGN KEY (`tax_grp`) REFERENCES `tax_master` (`id`) ON UPDATE CASCADE
) ENGINE=InnoDB DEFAULT CHARSET=utf8mb4 COLLATE=utf8mb4_0900_ai_ci;
/*!40101 SET character_set_client = @saved_cs_client */;

--
-- Dumping data for table `supp_mast`
--

LOCK TABLES `supp_mast` WRITE;
/*!40000 ALTER TABLE `supp_mast` DISABLE KEYS */;
INSERT INTO `supp_mast` VALUES ('AK7','2023-11-07 04:45:02','CHANDLOK',1),('DEF','2023-10-04 00:33:45','DEFAULT',1),('EMD','2022-10-16 22:56:31','EMADON',1),('FEA','2022-10-16 22:57:26','FAR-EAST',1),('ROOT','2023-11-07 04:45:21','ROOTECH',1);
/*!40000 ALTER TABLE `supp_mast` ENABLE KEYS */;
UNLOCK TABLES;

--
-- Table structure for table `sys_config`
--

DROP TABLE IF EXISTS `sys_config`;
/*!40101 SET @saved_cs_client     = @@character_set_client */;
/*!50503 SET character_set_client = utf8mb4 */;
CREATE TABLE `sys_config` (
  `variable` varchar(128) NOT NULL,
  `value` varchar(128) DEFAULT NULL,
  `set_time` timestamp NULL DEFAULT CURRENT_TIMESTAMP ON UPDATE CURRENT_TIMESTAMP,
  `set_by` varchar(128) DEFAULT NULL,
  PRIMARY KEY (`variable`)
) ENGINE=InnoDB DEFAULT CHARSET=utf8mb4 COLLATE=utf8mb4_0900_ai_ci;
/*!40101 SET character_set_client = @saved_cs_client */;

--
-- Dumping data for table `sys_config`
--

LOCK TABLES `sys_config` WRITE;
/*!40000 ALTER TABLE `sys_config` DISABLE KEYS */;
INSERT INTO `sys_config` VALUES ('diagnostics.allow_i_s_tables','OFF','2023-09-19 01:29:03',NULL),('diagnostics.include_raw','OFF','2023-09-19 01:29:03',NULL),('ps_thread_trx_info.max_length','65535','2023-09-19 01:29:03',NULL),('statement_performance_analyzer.limit','100','2023-09-19 01:29:03',NULL),('statement_performance_analyzer.view',NULL,'2023-09-19 01:29:03',NULL),('statement_truncate_len','64','2023-09-19 01:29:03',NULL);
/*!40000 ALTER TABLE `sys_config` ENABLE KEYS */;
UNLOCK TABLES;

--
-- Table structure for table `sys_settings`
--

DROP TABLE IF EXISTS `sys_settings`;
/*!40101 SET @saved_cs_client     = @@character_set_client */;
/*!50503 SET character_set_client = utf8mb4 */;
CREATE TABLE `sys_settings` (
  `set_key` char(255) NOT NULL,
  `set_value` text,
  `set_desc` text,
  `set_status` int DEFAULT (0),
  UNIQUE KEY `set_key` (`set_key`)
) ENGINE=InnoDB DEFAULT CHARSET=utf8mb4 COLLATE=utf8mb4_0900_ai_ci;
/*!40101 SET character_set_client = @saved_cs_client */;

--
-- Dumping data for table `sys_settings`
--

LOCK TABLES `sys_settings` WRITE;
/*!40000 ALTER TABLE `sys_settings` DISABLE KEYS */;
INSERT INTO `sys_settings` VALUES ('bill_print','on','bill_print',0),('evat','http://127.0.0.1:9000/','evat',0),('loyalty','http://127.0.0.1:1000/','loyalty',0);
/*!40000 ALTER TABLE `sys_settings` ENABLE KEYS */;
UNLOCK TABLES;

--
-- Table structure for table `system_buttons`
--

DROP TABLE IF EXISTS `system_buttons`;
/*!40101 SET @saved_cs_client     = @@character_set_client */;
/*!50503 SET character_set_client = utf8mb4 */;
CREATE TABLE `system_buttons` (
  `button_id` int NOT NULL AUTO_INCREMENT,
  `module` text,
  `sub_module` text,
  `sub_sub_module` text,
  `descr` text,
  `elem_id` char(255) DEFAULT NULL,
  `elem_name` char(255) DEFAULT NULL,
  `status` int DEFAULT '1',
  `target_id` text COMMENT 'if there is a target div this will target it on button invoking',
  PRIMARY KEY (`button_id`),
  UNIQUE KEY `elem_id` (`elem_id`)
) ENGINE=InnoDB AUTO_INCREMENT=6 DEFAULT CHARSET=utf8mb4 COLLATE=utf8mb4_0900_ai_ci COMMENT='This will hold buttons of sensitve parts of the system';
/*!40101 SET character_set_client = @saved_cs_client */;

--
-- Dumping data for table `system_buttons`
--

LOCK TABLES `system_buttons` WRITE;
/*!40000 ALTER TABLE `system_buttons` DISABLE KEYS */;
INSERT INTO `system_buttons` VALUES (1,'inventory','products','product_details','PRICES','inv_prod_prices','inv_prod_prices',1,'price'),(2,'inventory','products','product_details','STOCK','inv_prod_stock','inv_prod_stock',1,'stock'),(3,'inventory','products','product_details','PACKING','inv_prod_packing_tab','inv_prod_packing_tab',1,'packing_tab'),(4,'inventory','products','product_details','BARCODE','inv_prod_more_barcode','inv_prod_more_barcode',1,'more_barcode'),(5,'inventory','products','product_details','SUPPLIER','inv_prod_more_supplier','inv_prod_more_supplier',1,'more_supplier');
/*!40000 ALTER TABLE `system_buttons` ENABLE KEYS */;
UNLOCK TABLES;

--
-- Table structure for table `tax_master`
--

DROP TABLE IF EXISTS `tax_master`;
/*!40101 SET @saved_cs_client     = @@character_set_client */;
/*!50503 SET character_set_client = utf8mb4 */;
CREATE TABLE `tax_master` (
  `id` int NOT NULL AUTO_INCREMENT,
  `description` text NOT NULL,
  `rate` int NOT NULL,
  `date_added` text NOT NULL,
  `time_added` text NOT NULL,
  `owner` text NOT NULL,
  `active` int DEFAULT '0' COMMENT '1 means tax is enabled, 0 means not',
  `type` varchar(20) DEFAULT NULL,
  `attr` char(3) NOT NULL,
  `cls` varchar(20) DEFAULT NULL,
  PRIMARY KEY (`id`),
  UNIQUE KEY `tax_master_attr_uindex` (`attr`)
) ENGINE=InnoDB AUTO_INCREMENT=11 DEFAULT CHARSET=utf8mb4 COLLATE=utf8mb4_0900_ai_ci;
/*!40101 SET character_set_client = @saved_cs_client */;

--
-- Dumping data for table `tax_master`
--

LOCK TABLES `tax_master` WRITE;
/*!40000 ALTER TABLE `tax_master` DISABLE KEYS */;
INSERT INTO `tax_master` VALUES (1,'Non-Taxable',0,'2022-09-25','13:22:35','2',1,'flat','V0',NULL),(8,'VAT',3,'2022-10-17','2:29:50','2',1,'flat','V3',NULL),(9,'MULTI-TAX',15,'2022-12-18','15:20:23','2',1,'multi','VM',NULL);
/*!40000 ALTER TABLE `tax_master` ENABLE KEYS */;
UNLOCK TABLES;

--
-- Table structure for table `tax_trans`
--

DROP TABLE IF EXISTS `tax_trans`;
/*!40101 SET @saved_cs_client     = @@character_set_client */;
/*!50503 SET character_set_client = utf8mb4 */;
CREATE TABLE `tax_trans` (
  `id` int NOT NULL AUTO_INCREMENT,
  `entry_no` varchar(13) DEFAULT NULL,
  `doc` char(3) DEFAULT NULL,
  `item_code` int NOT NULL,
  `tax_amt` decimal(10,2) DEFAULT '0.00',
  `created_on` timestamp NOT NULL DEFAULT CURRENT_TIMESTAMP,
  `tax_code` char(2) DEFAULT NULL,
  `tran_amt` decimal(10,2) DEFAULT NULL,
  `tax_rate` decimal(10,2) DEFAULT NULL,
  `unit_qty` decimal(10,2) DEFAULT NULL,
  PRIMARY KEY (`id`),
  KEY `tax_trans___fk__with_products` (`item_code`),
  CONSTRAINT `tax_trans___fk__with_products` FOREIGN KEY (`item_code`) REFERENCES `prod_master` (`item_code`)
) ENGINE=InnoDB DEFAULT CHARSET=utf8mb4 COLLATE=utf8mb4_0900_ai_ci;
/*!40101 SET character_set_client = @saved_cs_client */;

--
-- Dumping data for table `tax_trans`
--

LOCK TABLES `tax_trans` WRITE;
/*!40000 ALTER TABLE `tax_trans` DISABLE KEYS */;
/*!40000 ALTER TABLE `tax_trans` ENABLE KEYS */;
UNLOCK TABLES;

--
-- Table structure for table `user_access`
--

DROP TABLE IF EXISTS `user_access`;
/*!40101 SET @saved_cs_client     = @@character_set_client */;
/*!50503 SET character_set_client = utf8mb4 */;
CREATE TABLE `user_access` (
  `id` int NOT NULL AUTO_INCREMENT,
  `group` int NOT NULL,
  `screen` int NOT NULL,
  `read` int DEFAULT '1',
  `write` int DEFAULT '0',
  `print` int DEFAULT '0',
  PRIMARY KEY (`id`),
  UNIQUE KEY `id_UNIQUE` (`id`)
) ENGINE=InnoDB AUTO_INCREMENT=5 DEFAULT CHARSET=utf8mb4 COLLATE=utf8mb4_0900_ai_ci;
/*!40101 SET character_set_client = @saved_cs_client */;

--
-- Dumping data for table `user_access`
--

LOCK TABLES `user_access` WRITE;
/*!40000 ALTER TABLE `user_access` DISABLE KEYS */;
INSERT INTO `user_access` VALUES (1,3,1,1,0,0),(2,0,2,0,0,0),(3,4,1,1,0,0),(4,4,2,1,0,0);
/*!40000 ALTER TABLE `user_access` ENABLE KEYS */;
UNLOCK TABLES;

--
-- Table structure for table `user_group`
--

DROP TABLE IF EXISTS `user_group`;
/*!40101 SET @saved_cs_client     = @@character_set_client */;
/*!50503 SET character_set_client = utf8mb4 */;
CREATE TABLE `user_group` (
  `id` int NOT NULL AUTO_INCREMENT,
  `descr` char(45) DEFAULT NULL,
  `created_on` date DEFAULT (curdate()),
  `created_on_time` time DEFAULT (curtime()),
  `remarks` text,
  PRIMARY KEY (`id`),
  UNIQUE KEY `descr_UNIQUE` (`descr`)
) ENGINE=InnoDB AUTO_INCREMENT=5 DEFAULT CHARSET=utf8mb4 COLLATE=utf8mb4_0900_ai_ci;
/*!40101 SET character_set_client = @saved_cs_client */;

--
-- Dumping data for table `user_group`
--

LOCK TABLES `user_group` WRITE;
/*!40000 ALTER TABLE `user_group` DISABLE KEYS */;
INSERT INTO `user_group` VALUES (1,'Administrator','2022-09-25','16:01:32','Group for system administrator'),(2,'Standard Users','2022-09-25','16:57:13','This is a test for standard users'),(3,'Procurement','2022-09-25','16:59:32','Procurement Only'),(4,'Clerk','2022-12-18','16:43:06','Group for cashiers');
/*!40000 ALTER TABLE `user_group` ENABLE KEYS */;
UNLOCK TABLES;

--
-- Table structure for table `user_login_log`
--

DROP TABLE IF EXISTS `user_login_log`;
/*!40101 SET @saved_cs_client     = @@character_set_client */;
/*!50503 SET character_set_client = utf8mb4 */;
CREATE TABLE `user_login_log` (
  `id` int NOT NULL AUTO_INCREMENT,
  `user_id` int NOT NULL,
  `username` text NOT NULL,
  `func` text NOT NULL,
  `date_created` date NOT NULL DEFAULT (curdate()),
  `time` time DEFAULT (curtime()),
  PRIMARY KEY (`id`)
) ENGINE=InnoDB AUTO_INCREMENT=129 DEFAULT CHARSET=utf8mb4 COLLATE=utf8mb4_0900_ai_ci;
/*!40101 SET character_set_client = @saved_cs_client */;

--
-- Dumping data for table `user_login_log`
--

LOCK TABLES `user_login_log` WRITE;
/*!40000 ALTER TABLE `user_login_log` DISABLE KEYS */;
/*!40000 ALTER TABLE `user_login_log` ENABLE KEYS */;
UNLOCK TABLES;

--
-- Table structure for table `user_task`
--

DROP TABLE IF EXISTS `user_task`;
/*!40101 SET @saved_cs_client     = @@character_set_client */;
/*!50503 SET character_set_client = utf8mb4 */;
CREATE TABLE `user_task` (
  `id` int NOT NULL AUTO_INCREMENT,
  `user` text NOT NULL,
  `task_status` int NOT NULL DEFAULT '1',
  `task` text NOT NULL,
  `message` text NOT NULL,
  `date_created` timestamp NOT NULL DEFAULT CURRENT_TIMESTAMP,
  PRIMARY KEY (`id`)
) ENGINE=InnoDB AUTO_INCREMENT=7 DEFAULT CHARSET=utf8mb4 COLLATE=utf8mb4_0900_ai_ci;
/*!40101 SET character_set_client = @saved_cs_client */;

--
-- Dumping data for table `user_task`
--

LOCK TABLES `user_task` WRITE;
/*!40000 ALTER TABLE `user_task` DISABLE KEYS */;
/*!40000 ALTER TABLE `user_task` ENABLE KEYS */;
UNLOCK TABLES;

--
-- Table structure for table `users`
--

DROP TABLE IF EXISTS `users`;
/*!40101 SET @saved_cs_client     = @@character_set_client */;
/*!50503 SET character_set_client = utf8mb4 */;
CREATE TABLE `users` (
  `id` int NOT NULL AUTO_INCREMENT COMMENT 'user id',
  `username` text NOT NULL,
  `first_name` text,
  `last_name` text,
  `password` text NOT NULL,
  `ual` int NOT NULL DEFAULT '0',
  `date_created` timestamp NOT NULL DEFAULT CURRENT_TIMESTAMP,
  `online` int DEFAULT NULL,
  `ip_address` text,
  `owner` text NOT NULL,
  `db_access` varchar(5999) NOT NULL DEFAULT (_utf8mb4'hello'),
  `last_login_time` text,
  PRIMARY KEY (`id`)
) ENGINE=InnoDB AUTO_INCREMENT=5 DEFAULT CHARSET=utf8mb4 COLLATE=utf8mb4_0900_ai_ci;
/*!40101 SET character_set_client = @saved_cs_client */;

--
-- Dumping data for table `users`
--

LOCK TABLES `users` WRITE;
/*!40000 ALTER TABLE `users` DISABLE KEYS */;
INSERT INTO `users` VALUES (1,'root','root','leet','$2y$10$bweYjvpJUBq1mFyTPgpEe.FV5hYpysqoHu/zGjnjnMT339aRaIzyu',1,'2021-04-03 23:38:14',1,'127.0.0.1','mo','0',NULL),(3,'jane','Jane','Doe','$2y$10$tzQO6UhCtb6/WDc0qy/x7.D2U7AFrvb3XmIKoN.HKRtUrDFOr1oTa',1,'2021-04-05 20:41:44',0,'::1','root','current_user()',NULL);
/*!40000 ALTER TABLE `users` ENABLE KEYS */;
UNLOCK TABLES;

--
-- Table structure for table `zserial`
--

DROP TABLE IF EXISTS `zserial`;
/*!40101 SET @saved_cs_client     = @@character_set_client */;
/*!50503 SET character_set_client = utf8mb4 */;
CREATE TABLE `zserial` (
  `zSerial` int NOT NULL,
  `mech_no` int NOT NULL,
  `sales_date` date NOT NULL,
  `clerk_code` text NOT NULL,
  `shift_no` int NOT NULL,
  `z_time` datetime DEFAULT CURRENT_TIMESTAMP,
  `gross` decimal(10,2) DEFAULT NULL,
  `deduction` decimal(10,2) DEFAULT NULL,
  `net` decimal(10,2) DEFAULT NULL,
  `eod` int DEFAULT (0),
  PRIMARY KEY (`zSerial`,`mech_no`)
) ENGINE=InnoDB DEFAULT CHARSET=utf8mb4 COLLATE=utf8mb4_0900_ai_ci;
/*!40101 SET character_set_client = @saved_cs_client */;

--
-- Dumping data for table `zserial`
--

LOCK TABLES `zserial` WRITE;
/*!40000 ALTER TABLE `zserial` DISABLE KEYS */;
INSERT INTO `zserial` VALUES (1,1,'2023-01-29','411',1,'2023-05-25 07:55:43',1456.00,0.00,1456.00,0),(1,2,'2024-01-07','411',1,'2024-01-07 12:51:26',8.70,0.00,8.70,0),(2,1,'2023-09-25','411',1,'2023-10-10 01:42:57',838.86,0.00,838.86,0),(3,1,'2023-09-25','411',1,'2023-10-10 01:46:11',0.00,0.00,0.00,0),(4,1,'2023-10-10','411',1,'2023-10-10 01:54:21',7.70,0.00,7.70,0),(5,1,'2023-10-10','411',2,'2023-10-10 01:57:49',730.72,0.00,730.72,0),(6,1,'2023-10-10','411',3,'2023-10-10 02:28:16',10648.24,0.00,10648.24,0),(7,1,'2023-10-10','411',4,'2023-10-10 06:04:27',10655.94,0.00,10655.94,0),(8,1,'2023-10-10','411',5,'2023-10-10 06:06:38',10701.64,0.00,10701.64,0),(9,1,'2023-10-10','411',6,'2023-10-10 06:07:45',11156.24,0.00,11156.24,0),(10,1,'2023-10-10','411',7,'2023-10-10 06:23:17',10700.10,0.00,10700.10,0),(11,1,'2023-10-10','411',8,'2023-10-10 06:33:44',11148.24,0.00,11148.24,0),(12,1,'2023-10-10','411',9,'2023-10-10 06:38:35',10685.23,0.00,10685.23,0),(13,1,'2023-10-10','411',10,'2023-10-10 06:40:04',10677.52,0.00,10677.52,0),(14,1,'2023-10-10','411',11,'2023-10-10 06:48:05',10655.94,0.00,10655.94,0),(15,1,'2023-10-10','411',12,'2023-10-10 07:12:28',10649.24,0.00,10649.24,0),(16,1,'2023-10-10','411',13,'2023-10-10 07:14:54',10693.64,0.00,10693.64,0),(17,1,'2023-10-10','411',14,'2023-10-10 08:08:11',10685.23,0.00,10685.23,0),(18,1,'2023-10-10','411',15,'2023-10-10 08:12:16',10652.49,0.00,10652.49,0),(19,1,'2023-10-10','411',16,'2023-10-11 07:43:37',11212.37,0.00,11212.37,0),(20,1,'2023-10-11','411',1,'2023-10-11 07:51:00',10722.22,0.00,10722.22,0),(21,1,'2023-10-13','411',1,'2023-10-13 08:23:09',36.99,0.00,36.99,0),(22,1,'2023-10-13','411',2,'2023-10-13 10:05:37',541.85,0.00,541.85,0),(23,1,'2023-10-15','411',1,'2023-10-17 08:11:29',16.40,0.00,16.40,0),(24,1,'2023-10-17','411',1,'2023-10-17 08:58:27',758.28,0.00,758.28,0),(25,1,'2023-10-17','411',2,'2023-10-19 06:55:13',765.98,0.00,765.98,0),(26,1,'2023-10-19','411',1,'2023-10-19 07:18:35',1777.84,0.00,1777.84,0),(27,1,'2023-10-20','411',1,'2023-10-20 04:50:37',519.78,0.00,519.78,0),(28,1,'2023-10-20','411',2,'2023-10-27 06:55:09',593.75,0.00,593.75,0),(29,1,'2023-10-27','411',1,'2023-10-27 07:07:05',64.00,0.00,64.00,0),(30,1,'2023-11-04','411',1,'2023-12-12 07:48:26',47319.03,-70.00,47249.03,0),(31,1,'2023-12-13','411',1,'2023-12-14 12:00:01',17.00,0.00,17.00,0),(32,1,'2023-12-14','411',1,'2023-12-14 20:14:48',1.00,0.00,1.00,0),(33,1,'2023-12-14','411',2,'2023-12-14 21:44:35',501.00,0.00,501.00,0),(34,1,'2023-12-21','411',1,'2023-12-21 05:33:51',571.37,0.00,571.37,0),(35,1,'2023-12-23','411',1,'2023-12-23 07:37:41',1001.00,0.00,1001.00,0),(36,1,'2024-01-07','411',1,'2024-01-07 12:37:48',36.99,0.00,36.99,0),(37,1,'2024-01-07','411',2,'2024-01-29 20:43:29',4370.18,0.00,4370.18,0),(38,1,'2024-01-29','411',1,'2024-03-09 09:14:05',11707.00,0.00,11707.00,0);
/*!40000 ALTER TABLE `zserial` ENABLE KEYS */;
UNLOCK TABLES;

--
-- Dumping routines for database 'posdb'
--
/*!50003 DROP PROCEDURE IF EXISTS `CheckStockExpiry` */;
/*!50003 SET @saved_cs_client      = @@character_set_client */ ;
/*!50003 SET @saved_cs_results     = @@character_set_results */ ;
/*!50003 SET @saved_col_connection = @@collation_connection */ ;
/*!50003 SET character_set_client  = utf8mb4 */ ;
/*!50003 SET character_set_results = utf8mb4 */ ;
/*!50003 SET collation_connection  = utf8mb4_0900_ai_ci */ ;
/*!50003 SET @saved_sql_mode       = @@sql_mode */ ;
/*!50003 SET sql_mode              = 'ONLY_FULL_GROUP_BY,STRICT_TRANS_TABLES,NO_ZERO_IN_DATE,NO_ZERO_DATE,ERROR_FOR_DIVISION_BY_ZERO,NO_ENGINE_SUBSTITUTION' */ ;
DELIMITER ;;
CREATE DEFINER=`root`@`%` PROCEDURE `CheckStockExpiry`(IN loc_to_param VARCHAR(255), IN expiry_date_param DATE)
BEGIN
    IF loc_to_param = '*' THEN
        -- Case when targeting all locations
        SELECT
            expiry_date,
            barcode,
            item_desc,
            retail,
            cost,
            (SELECT SUM(tran_qty) FROM stk_tran WHERE stk_tran.item_code = prod_master.item_code) AS 'stock'
        FROM
            prod_master
        WHERE
            expiry_date <= expiry_date_param;
    ELSE
        -- Case when targeting a specific location
        SELECT
            expiry_date,
            barcode,
            item_desc,
            retail,
            cost,
            (SELECT SUM(tran_qty) FROM stk_tran WHERE stk_tran.item_code = prod_master.item_code AND loc_to = loc_to_param) AS 'stock'
        FROM
            prod_master
        WHERE
            expiry_date <= expiry_date_param;
    END IF;
END ;;
DELIMITER ;
/*!50003 SET sql_mode              = @saved_sql_mode */ ;
/*!50003 SET character_set_client  = @saved_cs_client */ ;
/*!50003 SET character_set_results = @saved_cs_results */ ;
/*!50003 SET collation_connection  = @saved_col_connection */ ;
/*!50003 DROP PROCEDURE IF EXISTS `copySalesHd` */;
/*!50003 SET @saved_cs_client      = @@character_set_client */ ;
/*!50003 SET @saved_cs_results     = @@character_set_results */ ;
/*!50003 SET @saved_col_connection = @@collation_connection */ ;
/*!50003 SET character_set_client  = utf8mb4 */ ;
/*!50003 SET character_set_results = utf8mb4 */ ;
/*!50003 SET collation_connection  = utf8mb4_0900_ai_ci */ ;
/*!50003 SET @saved_sql_mode       = @@sql_mode */ ;
/*!50003 SET sql_mode              = 'ONLY_FULL_GROUP_BY,STRICT_TRANS_TABLES,NO_ZERO_IN_DATE,NO_ZERO_DATE,ERROR_FOR_DIVISION_BY_ZERO,NO_ENGINE_SUBSTITUTION' */ ;
DELIMITER ;;
CREATE DEFINER=`root`@`%` PROCEDURE `copySalesHd`(IN sales_date_param date)
BEGIN
	INSERT INTO `posdb`.`sales_hd` (`sales_date`, `gross`, `tax`, `net`,shitf) VALUES
	(sales_date_param,
	(SELECT SUM(gross_amt) FROM bill_header where bill_date = sales_date_param),
	 (SELECT SUM(tax_amt) FROM bill_header where bill_date = sales_date_param),
	 (SELECT SUM(gross_amt) - SUM(tax_amt)  FROM bill_header where bill_date = sales_date_param),
	 (SELECT shift from bill_header where bill_header.sales_date = sales_date_param limit 1)
	 );
END ;;
DELIMITER ;
/*!50003 SET sql_mode              = @saved_sql_mode */ ;
/*!50003 SET character_set_client  = @saved_cs_client */ ;
/*!50003 SET character_set_results = @saved_cs_results */ ;
/*!50003 SET collation_connection  = @saved_col_connection */ ;
/*!50003 DROP PROCEDURE IF EXISTS `copySalesTrans` */;
/*!50003 SET @saved_cs_client      = @@character_set_client */ ;
/*!50003 SET @saved_cs_results     = @@character_set_results */ ;
/*!50003 SET @saved_col_connection = @@collation_connection */ ;
/*!50003 SET character_set_client  = utf8mb4 */ ;
/*!50003 SET character_set_results = utf8mb4 */ ;
/*!50003 SET collation_connection  = utf8mb4_0900_ai_ci */ ;
/*!50003 SET @saved_sql_mode       = @@sql_mode */ ;
/*!50003 SET sql_mode              = 'ONLY_FULL_GROUP_BY,STRICT_TRANS_TABLES,NO_ZERO_IN_DATE,NO_ZERO_DATE,ERROR_FOR_DIVISION_BY_ZERO,NO_ENGINE_SUBSTITUTION' */ ;
DELIMITER ;;
CREATE DEFINER=`root`@`%` PROCEDURE `copySalesTrans`(IN sales_date_param date)
BEGIN
	INSERT INTO `posdb`.`sales_tran` (`mach`, `shift`, `barcode`, `item_desc`, `un_cost`,`un_retail`, `sold_qty`, `total_cost`, `total_sold`, `total_tax`,`bill_date`,shitf)
	SELECT mach,shift, item_barcode as 'barcode',pm.desc,pm.cost as 'cost',
	retail_price as 'retail_price',sum(item_qty) as 'qty_sold',(pm.cost * sum(item_qty)) as 'toal_cost', sum(bill_amt) as 'total_sale',
	sum(vat) as 'tax', date_added as 'bill_date',shift
	FROM bill_trans  right outer join
	posdb.prod_mast pm on bill_trans.item_barcode = pm.barcode
	group by item_barcode,pm.desc,retail_price,pm.cost,mach,date_added,bill_trans.shift
    having sum(bill_amt) is not null and
    date_added = sales_date_param;
END ;;
DELIMITER ;
/*!50003 SET sql_mode              = @saved_sql_mode */ ;
/*!50003 SET character_set_client  = @saved_cs_client */ ;
/*!50003 SET character_set_results = @saved_cs_results */ ;
/*!50003 SET collation_connection  = @saved_col_connection */ ;
/*!50003 DROP PROCEDURE IF EXISTS `item_availability` */;
/*!50003 SET @saved_cs_client      = @@character_set_client */ ;
/*!50003 SET @saved_cs_results     = @@character_set_results */ ;
/*!50003 SET @saved_col_connection = @@collation_connection */ ;
/*!50003 SET character_set_client  = utf8mb4 */ ;
/*!50003 SET character_set_results = utf8mb4 */ ;
/*!50003 SET collation_connection  = utf8mb4_0900_ai_ci */ ;
/*!50003 SET @saved_sql_mode       = @@sql_mode */ ;
/*!50003 SET sql_mode              = 'ONLY_FULL_GROUP_BY,STRICT_TRANS_TABLES,NO_ZERO_IN_DATE,NO_ZERO_DATE,ERROR_FOR_DIVISION_BY_ZERO,NO_ENGINE_SUBSTITUTION' */ ;
DELIMITER ;;
CREATE DEFINER=`root`@`%` PROCEDURE `item_availability`(IN loc_to_param int, IN as_of_date_param date, IN show_sock int)
BEGIN
    if show_sock = 0 THEN
        # get all items with stock or not
        select loc_to_param                                            as 'loc_id',
               item_code                                               as 'item_code',
               barcode                                                 as 'barcode',
               item_desc,
               (select SUM(tran_qty)
                from stk_tran
                where loc_to = loc_to_param
                  and stk_tran.item_code = prod_master.item_code
                  and DATE(stk_tran.date_created) <= as_of_date_param) as 'stock'
        from prod_master
        order by stock desc;
    ELSE
        # get only stock items available
        select loc_to_param                                            as 'loc_id',
               item_code                                               as 'item_code',
               barcode                                                 as 'barcode',
               item_desc,
               (select SUM(tran_qty)
                from stk_tran
                where loc_to = loc_to_param
                  and stk_tran.item_code = prod_master.item_code
                  and DATE(stk_tran.date_created) <= as_of_date_param) as 'stock'
        from prod_master
        where (select SUM(tran_qty)
               from stk_tran
               where loc_to = loc_to_param
                 and stk_tran.item_code = prod_master.item_code
                 and DATE(stk_tran.date_created) <= as_of_date_param) > 0
        order by stock desc;
    END IF;
END ;;
DELIMITER ;
/*!50003 SET sql_mode              = @saved_sql_mode */ ;
/*!50003 SET character_set_client  = @saved_cs_client */ ;
/*!50003 SET character_set_results = @saved_cs_results */ ;
/*!50003 SET collation_connection  = @saved_col_connection */ ;
/*!50003 DROP PROCEDURE IF EXISTS `ReportPaymentSummary` */;
/*!50003 SET @saved_cs_client      = @@character_set_client */ ;
/*!50003 SET @saved_cs_results     = @@character_set_results */ ;
/*!50003 SET @saved_col_connection = @@collation_connection */ ;
/*!50003 SET character_set_client  = utf8mb4 */ ;
/*!50003 SET character_set_results = utf8mb4 */ ;
/*!50003 SET collation_connection  = utf8mb4_0900_ai_ci */ ;
/*!50003 SET @saved_sql_mode       = @@sql_mode */ ;
/*!50003 SET sql_mode              = 'ONLY_FULL_GROUP_BY,STRICT_TRANS_TABLES,NO_ZERO_IN_DATE,NO_ZERO_DATE,ERROR_FOR_DIVISION_BY_ZERO,NO_ENGINE_SUBSTITUTION' */ ;
DELIMITER ;;
CREATE DEFINER=`root`@`%` PROCEDURE `ReportPaymentSummary`(IN mech_no INT, IN sales_date date,IN shift int)
BEGIN
	select  pmt_type, count(pmt_type) as 'pmt_count',sum(net_amt) as 'total' 
    from bill_header where mach_no = mech_no and bill_date = sales_date and 
    `shift` = shift group by pmt_type;
END ;;
DELIMITER ;
/*!50003 SET sql_mode              = @saved_sql_mode */ ;
/*!50003 SET character_set_client  = @saved_cs_client */ ;
/*!50003 SET character_set_results = @saved_cs_results */ ;
/*!50003 SET collation_connection  = @saved_col_connection */ ;
/*!40103 SET TIME_ZONE=@OLD_TIME_ZONE */;

/*!40101 SET SQL_MODE=@OLD_SQL_MODE */;
/*!40014 SET FOREIGN_KEY_CHECKS=@OLD_FOREIGN_KEY_CHECKS */;
/*!40014 SET UNIQUE_CHECKS=@OLD_UNIQUE_CHECKS */;
/*!40101 SET CHARACTER_SET_CLIENT=@OLD_CHARACTER_SET_CLIENT */;
/*!40101 SET CHARACTER_SET_RESULTS=@OLD_CHARACTER_SET_RESULTS */;
/*!40101 SET COLLATION_CONNECTION=@OLD_COLLATION_CONNECTION */;
/*!40111 SET SQL_NOTES=@OLD_SQL_NOTES */;

-- Dump completed on 2024-03-11 14:43:20
